Timestamp,User_ID,Page_Visited,Device_Type,Region,Session_Duration,Bounce_Rate,Conversion,Page_Load_Time,Date,Hour,DayOfWeek,Engagement_Score,Converted_Session
2024-01-01 00:00:00,user_103,Home,Mobile,Europe,195.72,0.93,0,2.23,2024-01-01,0,Monday,60.59,Not Converted
2024-01-01 00:15:00,user_436,Login,Mobile,North America,447.93,0.87,0,3.58,2024-01-01,0,Monday,97.8,Not Converted
2024-01-01 00:30:00,user_861,Search,Tablet,Europe,582.88,0.13,0,0.97,2024-01-01,0,Monday,295.88,Not Converted
2024-01-01 00:45:00,user_271,Login,Desktop,South America,265.63,0.17,0,9.53,2024-01-01,0,Monday,25.23,Not Converted
2024-01-01 01:00:00,user_107,Checkout,Mobile,North America,517.31,0.36,0,6.02,2024-01-01,1,Monday,73.69,Not Converted
2024-01-01 01:15:00,user_72,Checkout,Desktop,South America,341.69,0.29,0,8.24,2024-01-01,1,Monday,36.98,Not Converted
2024-01-01 01:30:00,user_701,Checkout,Mobile,Africa,98.56,0.61,0,4.52,2024-01-01,1,Monday,17.86,Not Converted
2024-01-01 01:45:00,user_21,Profile,Desktop,South America,415.92,0.9,0,9.08,2024-01-01,1,Monday,41.26,Not Converted
2024-01-01 02:00:00,user_615,Help,Tablet,South America,310.49,0.96,0,5.09,2024-01-01,2,Monday,50.98,Not Converted
2024-01-01 02:15:00,user_122,Profile,Desktop,Europe,392.11,0.65,0,5.95,2024-01-01,2,Monday,56.42,Not Converted
2024-01-01 02:30:00,user_467,Home,Desktop,Africa,534.36,0.84,0,5.17,2024-01-01,2,Monday,86.61,Not Converted
2024-01-01 02:45:00,user_215,Checkout,Desktop,South America,267.06,0.53,0,7.47,2024-01-01,2,Monday,31.53,Not Converted
2024-01-01 03:00:00,user_331,Search,Desktop,South America,541.2,0.21,0,5.88,2024-01-01,3,Monday,78.66,Not Converted
2024-01-01 03:15:00,user_459,Login,Desktop,Africa,451.65,0.52,1,3.08,2024-01-01,3,Monday,110.7,Converted
2024-01-01 03:30:00,user_88,Help,Tablet,Africa,295.72,0.56,0,1.88,2024-01-01,3,Monday,102.68,Not Converted
2024-01-01 03:45:00,user_373,Product,Mobile,North America,363.92,0.74,0,6.26,2024-01-01,3,Monday,50.13,Not Converted
2024-01-01 04:00:00,user_100,Search,Desktop,Europe,198.72,0.22,0,5.46,2024-01-01,4,Monday,30.76,Not Converted
2024-01-01 04:15:00,user_872,Help,Tablet,Africa,590.24,0.37,0,1.41,2024-01-01,4,Monday,244.91,Not Converted
2024-01-01 04:30:00,user_664,Profile,Desktop,Africa,294.4,0.36,0,4.26,2024-01-01,4,Monday,55.97,Not Converted
2024-01-01 04:45:00,user_131,Profile,Desktop,Asia,31.09,0.96,0,5.39,2024-01-01,4,Monday,4.87,Not Converted
2024-01-01 05:00:00,user_662,Search,Mobile,Africa,199.34,0.44,0,8.36,2024-01-01,5,Monday,21.3,Not Converted
2024-01-01 05:15:00,user_309,Profile,Desktop,Europe,375.87,0.76,0,1.22,2024-01-01,5,Monday,169.31,Not Converted
2024-01-01 05:30:00,user_770,Checkout,Tablet,South America,38.52,0.75,0,3.81,2024-01-01,5,Monday,8.01,Not Converted
2024-01-01 05:45:00,user_344,Home,Tablet,South America,19.21,0.27,0,8.32,2024-01-01,5,Monday,2.06,Not Converted
2024-01-01 06:00:00,user_492,Login,Mobile,South America,272.76,0.57,0,6.66,2024-01-01,6,Monday,35.61,Not Converted
2024-01-01 06:15:00,user_414,Home,Desktop,South America,202.95,0.89,0,3.25,2024-01-01,6,Monday,47.75,Not Converted
2024-01-01 06:30:00,user_806,Help,Tablet,Asia,265.79,0.48,0,8.53,2024-01-01,6,Monday,27.89,Not Converted
2024-01-01 06:45:00,user_386,Login,Desktop,Africa,161.3,0.95,0,5.19,2024-01-01,6,Monday,26.06,Not Converted
2024-01-01 07:00:00,user_192,Login,Desktop,South America,103.01,0.21,0,5.23,2024-01-01,7,Monday,16.53,Not Converted
2024-01-01 07:15:00,user_956,Home,Desktop,North America,415.04,0.07,0,9.78,2024-01-01,7,Monday,38.5,Not Converted
2024-01-01 07:30:00,user_277,Search,Mobile,South America,311.17,0.89,0,9.5,2024-01-01,7,Monday,29.64,Not Converted
2024-01-01 07:45:00,user_161,Login,Desktop,Africa,124.09,0.85,0,3.91,2024-01-01,7,Monday,25.27,Not Converted
2024-01-01 08:00:00,user_460,Home,Tablet,South America,195.16,0.99,0,1.84,2024-01-01,8,Monday,68.72,Not Converted
2024-01-01 08:15:00,user_314,Login,Desktop,Asia,357.13,0.68,0,3.59,2024-01-01,8,Monday,77.81,Not Converted
2024-01-01 08:30:00,user_22,Product,Tablet,Europe,47.98,0.94,0,0.79,2024-01-01,8,Monday,26.8,Not Converted
2024-01-01 08:45:00,user_253,Search,Desktop,Europe,92.73,0.83,0,0.7,2024-01-01,8,Monday,54.55,Not Converted
2024-01-01 09:00:00,user_748,Checkout,Tablet,Africa,48.58,0.84,0,5.46,2024-01-01,9,Monday,7.52,Not Converted
2024-01-01 09:15:00,user_857,Login,Tablet,Europe,488.33,0.57,0,9.44,2024-01-01,9,Monday,46.77,Not Converted
2024-01-01 09:30:00,user_561,Product,Desktop,Europe,452.68,0.38,0,8.78,2024-01-01,9,Monday,46.29,Not Converted
2024-01-01 09:45:00,user_475,Checkout,Desktop,North America,453.22,0.93,1,5.36,2024-01-01,9,Monday,71.26,Converted
2024-01-01 10:00:00,user_59,Checkout,Tablet,Africa,431.21,0.43,0,5.87,2024-01-01,10,Monday,62.77,Not Converted
2024-01-01 10:15:00,user_511,Help,Mobile,Africa,403.28,0.54,0,0.56,2024-01-01,10,Monday,258.51,Not Converted
2024-01-01 10:30:00,user_682,Login,Desktop,Europe,288.81,0.45,0,2.55,2024-01-01,10,Monday,81.35,Not Converted
2024-01-01 10:45:00,user_476,Home,Mobile,Europe,387.16,0.56,0,0.74,2024-01-01,10,Monday,222.51,Not Converted
2024-01-01 11:00:00,user_700,Login,Desktop,Europe,27.83,0.47,0,7.67,2024-01-01,11,Monday,3.21,Not Converted
2024-01-01 11:15:00,user_976,Product,Desktop,Asia,374.77,0.05,0,1.88,2024-01-01,11,Monday,130.13,Not Converted
2024-01-01 11:30:00,user_783,Checkout,Desktop,South America,467.84,0.88,0,8.76,2024-01-01,11,Monday,47.93,Not Converted
2024-01-01 11:45:00,user_190,Login,Desktop,Asia,294.4,0.44,0,6.61,2024-01-01,11,Monday,38.69,Not Converted
2024-01-01 12:00:00,user_958,Home,Mobile,Africa,217.72,0.59,0,2.68,2024-01-01,12,Monday,59.16,Not Converted
2024-01-01 12:15:00,user_687,Help,Desktop,North America,170.07,0.14,0,2.0,2024-01-01,12,Monday,56.69,Not Converted
2024-01-01 12:30:00,user_958,Login,Unknown,South America,387.47,0.0,0,5.46,2024-01-01,12,Monday,59.98,Not Converted
2024-01-01 12:45:00,user_563,Search,Tablet,North America,417.22,0.25,0,9.06,2024-01-01,12,Monday,41.47,Not Converted
2024-01-01 13:00:00,user_876,Help,Mobile,Africa,523.23,0.7,0,7.32,2024-01-01,13,Monday,62.89,Not Converted
2024-01-01 13:15:00,user_567,Home,Desktop,Africa,208.69,0.1,0,3.81,2024-01-01,13,Monday,43.39,Not Converted
2024-01-01 13:30:00,user_244,Product,Tablet,North America,463.01,0.91,0,6.08,2024-01-01,13,Monday,65.4,Not Converted
2024-01-01 13:45:00,user_832,Checkout,Mobile,North America,339.01,1.0,0,3.45,2024-01-01,13,Monday,76.18,Not Converted
2024-01-01 14:00:00,user_505,Login,Desktop,North America,530.29,0.2,0,9.99,2024-01-01,14,Monday,48.25,Not Converted
2024-01-01 14:15:00,user_131,Home,Tablet,Africa,319.05,0.18,0,7.61,2024-01-01,14,Monday,37.06,Not Converted
2024-01-01 14:30:00,user_485,Help,Tablet,Europe,312.99,0.01,1,6.34,2024-01-01,14,Monday,42.64,Converted
2024-01-01 14:45:00,user_819,Search,Mobile,North America,348.84,0.77,0,4.52,2024-01-01,14,Monday,63.2,Not Converted
2024-01-01 15:00:00,user_647,Home,Desktop,South America,450.84,0.88,0,6.37,2024-01-01,15,Monday,61.17,Not Converted
2024-01-01 15:15:00,user_21,Profile,Desktop,Africa,578.99,0.61,0,3.75,2024-01-01,15,Monday,121.89,Not Converted
2024-01-01 15:30:00,user_841,Search,Unknown,Asia,48.77,0.19,0,0.77,2024-01-01,15,Monday,27.55,Not Converted
2024-01-01 15:45:00,user_167,Help,Tablet,Asia,36.79,0.29,0,4.25,2024-01-01,15,Monday,7.01,Not Converted
2024-01-01 16:00:00,user_274,Product,Tablet,South America,562.84,0.48,1,9.34,2024-01-01,16,Monday,54.43,Converted
2024-01-01 16:15:00,user_388,Checkout,Desktop,Europe,320.28,0.95,0,6.45,2024-01-01,16,Monday,42.99,Not Converted
2024-01-01 16:30:00,user_601,Help,Mobile,North America,370.87,0.25,0,1.3,2024-01-01,16,Monday,161.25,Not Converted
2024-01-01 16:45:00,user_316,Product,Mobile,Africa,292.04,0.73,0,8.91,2024-01-01,16,Monday,29.47,Not Converted
2024-01-01 17:00:00,user_14,Login,Desktop,North America,60.73,0.44,0,3.05,2024-01-01,17,Monday,15.0,Not Converted
2024-01-01 17:15:00,user_242,Home,Mobile,Africa,294.4,0.3,0,2.82,2024-01-01,17,Monday,77.07,Not Converted
2024-01-01 17:30:00,user_777,Profile,Tablet,Asia,449.6,0.46,0,3.32,2024-01-01,17,Monday,104.07,Not Converted
2024-01-01 17:45:00,user_346,Search,Mobile,North America,190.46,0.07,1,5.98,2024-01-01,17,Monday,27.29,Converted
2024-01-01 18:00:00,user_565,Search,Mobile,South America,187.21,0.8,0,5.67,2024-01-01,18,Monday,28.07,Not Converted
2024-01-01 18:15:00,user_898,Home,Mobile,Europe,503.52,0.24,0,5.17,2024-01-01,18,Monday,81.61,Not Converted
2024-01-01 18:30:00,user_340,Profile,Tablet,South America,48.05,0.73,0,7.32,2024-01-01,18,Monday,5.78,Not Converted
2024-01-01 18:45:00,user_92,Home,Desktop,Europe,529.26,0.07,0,3.51,2024-01-01,18,Monday,117.35,Not Converted
2024-01-01 19:00:00,user_367,Login,Tablet,North America,157.71,0.96,0,7.93,2024-01-01,19,Monday,17.66,Not Converted
2024-01-01 19:15:00,user_956,Product,Desktop,North America,357.83,0.49,0,2.17,2024-01-01,19,Monday,112.88,Not Converted
2024-01-01 19:30:00,user_455,Help,Desktop,Europe,561.92,0.88,0,7.93,2024-01-01,19,Monday,62.92,Not Converted
2024-01-01 19:45:00,user_428,Search,Desktop,Asia,408.48,0.81,0,6.81,2024-01-01,19,Monday,52.3,Not Converted
2024-01-01 20:00:00,user_509,Login,Mobile,Africa,251.59,0.97,1,6.99,2024-01-01,20,Monday,31.49,Converted
2024-01-01 20:15:00,user_776,Product,Mobile,South America,415.27,0.48,0,5.07,2024-01-01,20,Monday,68.41,Not Converted
2024-01-01 20:30:00,user_943,Login,Desktop,South America,209.67,0.49,0,6.84,2024-01-01,20,Monday,26.74,Not Converted
2024-01-01 20:45:00,user_35,Profile,Desktop,South America,169.97,0.37,0,5.46,2024-01-01,20,Monday,26.31,Not Converted
2024-01-01 21:00:00,user_206,Search,Mobile,North America,598.03,0.18,1,8.59,2024-01-01,21,Monday,62.36,Converted
2024-01-01 21:15:00,user_81,Help,Tablet,South America,294.4,0.44,0,1.03,2024-01-01,21,Monday,145.02,Not Converted
2024-01-01 21:30:00,user_932,Home,Desktop,Africa,388.61,0.17,0,1.91,2024-01-01,21,Monday,133.54,Not Converted
2024-01-01 21:45:00,user_562,Home,Tablet,Africa,216.4,0.98,0,5.98,2024-01-01,21,Monday,31.0,Not Converted
2024-01-01 22:00:00,user_872,Product,Mobile,Europe,34.25,0.1,0,7.52,2024-01-01,22,Monday,4.02,Not Converted
2024-01-01 22:15:00,user_388,Help,Desktop,North America,23.48,0.59,0,1.22,2024-01-01,22,Monday,10.58,Not Converted
2024-01-01 22:30:00,user_2,Checkout,Tablet,Africa,334.74,0.63,0,9.25,2024-01-01,22,Monday,32.66,Not Converted
2024-01-01 22:45:00,user_390,Profile,Tablet,Asia,458.41,0.54,0,9.75,2024-01-01,22,Monday,42.64,Not Converted
2024-01-01 23:00:00,user_566,Product,Tablet,North America,324.74,0.66,1,6.26,2024-01-01,23,Monday,44.73,Converted
2024-01-01 23:15:00,user_106,Checkout,Mobile,North America,505.27,0.12,0,5.07,2024-01-01,23,Monday,83.24,Not Converted
2024-01-01 23:30:00,user_772,Login,Mobile,Africa,24.89,0.56,0,7.54,2024-01-01,23,Monday,2.91,Not Converted
2024-01-01 23:45:00,user_822,Profile,Tablet,Asia,223.22,0.29,0,3.62,2024-01-01,23,Monday,48.32,Not Converted
2024-01-02 00:00:00,user_477,Login,Tablet,Europe,146.06,0.94,0,5.19,2024-01-02,0,Tuesday,23.6,Not Converted
2024-01-02 00:15:00,user_703,Help,Mobile,Africa,271.13,0.49,0,9.2,2024-01-02,0,Tuesday,26.58,Not Converted
2024-01-02 00:30:00,user_402,Search,Tablet,Asia,48.06,0.97,0,9.58,2024-01-02,0,Tuesday,4.54,Not Converted
2024-01-02 00:45:00,user_730,Profile,Tablet,North America,572.71,0.04,0,9.31,2024-01-02,0,Tuesday,55.55,Not Converted
2024-01-02 01:00:00,user_556,Checkout,Mobile,Asia,137.84,0.29,0,2.99,2024-01-02,1,Tuesday,34.55,Not Converted
2024-01-02 01:15:00,user_162,Search,Tablet,North America,553.77,0.2,0,2.71,2024-01-02,1,Tuesday,149.26,Not Converted
2024-01-02 01:30:00,user_202,Home,Tablet,Africa,258.41,0.01,0,3.33,2024-01-02,1,Tuesday,59.68,Not Converted
2024-01-02 01:45:00,user_958,Checkout,Tablet,Africa,591.39,0.24,0,4.69,2024-01-02,1,Tuesday,103.93,Not Converted
2024-01-02 02:00:00,user_996,Product,Mobile,South America,334.66,0.68,0,3.48,2024-01-02,2,Tuesday,74.7,Not Converted
2024-01-02 02:15:00,user_270,Home,Tablet,South America,558.85,0.23,0,4.06,2024-01-02,2,Tuesday,110.44,Not Converted
2024-01-02 02:30:00,user_863,Home,Mobile,South America,8.18,0.51,0,6.4,2024-01-02,2,Tuesday,1.11,Not Converted
2024-01-02 02:45:00,user_816,Product,Mobile,Africa,450.2,0.89,0,5.46,2024-01-02,2,Tuesday,69.69,Not Converted
2024-01-02 03:00:00,user_271,Profile,Desktop,Europe,542.32,0.69,1,5.46,2024-01-02,3,Tuesday,83.95,Converted
2024-01-02 03:15:00,user_456,Home,Unknown,Africa,88.13,0.39,1,5.46,2024-01-02,3,Tuesday,13.64,Converted
2024-01-02 03:30:00,user_462,Help,Tablet,Asia,62.19,0.37,1,0.81,2024-01-02,3,Tuesday,34.36,Converted
2024-01-02 03:45:00,user_727,Checkout,Mobile,Africa,257.62,0.49,0,0.95,2024-01-02,3,Tuesday,132.11,Not Converted
2024-01-02 04:00:00,user_252,Search,Desktop,Africa,560.54,0.18,0,8.0,2024-01-02,4,Tuesday,62.28,Not Converted
2024-01-02 04:15:00,user_702,Home,Tablet,North America,327.72,0.63,0,5.56,2024-01-02,4,Tuesday,49.96,Not Converted
2024-01-02 04:30:00,user_296,Checkout,Desktop,North America,318.84,0.36,0,5.99,2024-01-02,4,Tuesday,45.61,Not Converted
2024-01-02 04:45:00,user_725,Login,Desktop,North America,88.97,0.85,0,1.0,2024-01-02,4,Tuesday,44.48,Not Converted
2024-01-02 05:00:00,user_720,Checkout,Mobile,Africa,5.47,0.76,1,2.93,2024-01-02,5,Tuesday,1.39,Converted
2024-01-02 05:15:00,user_749,Search,Mobile,Europe,294.4,0.61,0,6.56,2024-01-02,5,Tuesday,38.94,Not Converted
2024-01-02 05:30:00,user_338,Checkout,Desktop,Asia,57.11,0.36,0,8.66,2024-01-02,5,Tuesday,5.91,Not Converted
2024-01-02 05:45:00,user_879,Product,Desktop,Asia,382.14,0.21,0,9.21,2024-01-02,5,Tuesday,37.43,Not Converted
2024-01-02 06:00:00,user_53,Search,Mobile,Europe,549.2,0.49,1,5.25,2024-01-02,6,Tuesday,87.87,Converted
2024-01-02 06:15:00,user_792,Profile,Tablet,Europe,129.15,0.49,0,5.68,2024-01-02,6,Tuesday,19.33,Not Converted
2024-01-02 06:30:00,user_922,Login,Unknown,Asia,400.84,0.22,0,8.41,2024-01-02,6,Tuesday,42.6,Not Converted
2024-01-02 06:45:00,user_217,Product,Desktop,South America,51.83,0.2,0,5.61,2024-01-02,6,Tuesday,7.84,Not Converted
2024-01-02 07:00:00,user_764,Profile,Tablet,North America,364.23,0.17,0,5.41,2024-01-02,7,Tuesday,56.82,Not Converted
2024-01-02 07:15:00,user_188,Checkout,Desktop,North America,102.54,0.49,0,9.1,2024-01-02,7,Tuesday,10.15,Not Converted
2024-01-02 07:30:00,user_380,Search,Tablet,Asia,442.89,0.23,0,8.0,2024-01-02,7,Tuesday,49.21,Not Converted
2024-01-02 07:45:00,user_493,Login,Desktop,Europe,184.23,0.53,0,9.14,2024-01-02,7,Tuesday,18.17,Not Converted
2024-01-02 08:00:00,user_41,Product,Tablet,South America,280.72,0.45,0,2.57,2024-01-02,8,Tuesday,78.63,Not Converted
2024-01-02 08:15:00,user_157,Profile,Tablet,Asia,361.66,0.58,0,5.48,2024-01-02,8,Tuesday,55.81,Not Converted
2024-01-02 08:30:00,user_15,Profile,Desktop,North America,106.91,0.88,1,8.5,2024-01-02,8,Tuesday,11.25,Converted
2024-01-02 08:45:00,user_813,Login,Tablet,Africa,446.27,0.87,0,1.56,2024-01-02,8,Tuesday,174.32,Not Converted
2024-01-02 09:00:00,user_65,Help,Mobile,Europe,185.07,0.45,0,8.05,2024-01-02,9,Tuesday,20.45,Not Converted
2024-01-02 09:15:00,user_857,Checkout,Desktop,Africa,399.11,0.02,0,2.24,2024-01-02,9,Tuesday,123.18,Not Converted
2024-01-02 09:30:00,user_839,Login,Unknown,Asia,99.18,0.43,0,8.18,2024-01-02,9,Tuesday,10.8,Not Converted
2024-01-02 09:45:00,user_521,Profile,Desktop,North America,414.43,0.49,0,6.31,2024-01-02,9,Tuesday,56.69,Not Converted
2024-01-02 10:00:00,user_344,Home,Tablet,South America,81.27,0.56,0,2.34,2024-01-02,10,Tuesday,24.33,Not Converted
2024-01-02 10:15:00,user_129,Product,Tablet,Africa,258.09,0.65,0,5.0,2024-01-02,10,Tuesday,43.01,Not Converted
2024-01-02 10:30:00,user_648,Login,Tablet,South America,152.09,0.15,0,6.98,2024-01-02,10,Tuesday,19.06,Not Converted
2024-01-02 10:45:00,user_472,Help,Desktop,North America,450.28,0.65,0,6.52,2024-01-02,10,Tuesday,59.88,Not Converted
2024-01-02 11:00:00,user_63,Profile,Mobile,Africa,160.91,0.18,0,4.56,2024-01-02,11,Tuesday,28.94,Not Converted
2024-01-02 11:15:00,user_139,Checkout,Mobile,South America,529.62,0.75,0,9.04,2024-01-02,11,Tuesday,52.75,Not Converted
2024-01-02 11:30:00,user_499,Profile,Desktop,South America,535.63,0.34,0,5.46,2024-01-02,11,Tuesday,82.91,Not Converted
2024-01-02 11:45:00,user_593,Checkout,Desktop,Africa,121.88,0.49,0,5.31,2024-01-02,11,Tuesday,19.32,Not Converted
2024-01-02 12:00:00,user_392,Login,Mobile,North America,294.4,0.05,0,1.09,2024-01-02,12,Tuesday,140.86,Not Converted
2024-01-02 12:15:00,user_675,Checkout,Mobile,South America,57.19,0.49,0,9.26,2024-01-02,12,Tuesday,5.57,Not Converted
2024-01-02 12:30:00,user_419,Search,Mobile,Asia,237.96,0.71,0,2.18,2024-01-02,12,Tuesday,74.83,Not Converted
2024-01-02 12:45:00,user_289,Search,Mobile,Africa,429.43,0.23,1,5.52,2024-01-02,12,Tuesday,65.86,Converted
2024-01-02 13:00:00,user_379,Search,Desktop,Europe,397.36,0.8,0,8.13,2024-01-02,13,Tuesday,43.52,Not Converted
2024-01-02 13:15:00,user_773,Help,Desktop,Europe,376.7,0.63,0,2.55,2024-01-02,13,Tuesday,106.11,Not Converted
2024-01-02 13:30:00,user_490,Help,Tablet,North America,173.11,0.59,0,5.51,2024-01-02,13,Tuesday,26.59,Not Converted
2024-01-02 13:45:00,user_231,Home,Mobile,Asia,229.92,0.35,0,2.79,2024-01-02,13,Tuesday,60.66,Not Converted
2024-01-02 14:00:00,user_41,Help,Tablet,South America,66.25,0.48,0,7.72,2024-01-02,14,Tuesday,7.6,Not Converted
2024-01-02 14:15:00,user_28,Login,Desktop,Europe,432.82,0.6,0,5.86,2024-01-02,14,Tuesday,63.09,Not Converted
2024-01-02 14:30:00,user_135,Profile,Desktop,North America,304.81,0.47,0,8.63,2024-01-02,14,Tuesday,31.65,Not Converted
2024-01-02 14:45:00,user_201,Profile,Tablet,Asia,426.72,0.7,0,9.0,2024-01-02,14,Tuesday,42.67,Not Converted
2024-01-02 15:00:00,user_840,Home,Mobile,Asia,153.12,0.43,0,6.66,2024-01-02,15,Tuesday,19.99,Not Converted
2024-01-02 15:15:00,user_780,Help,Mobile,North America,198.04,0.2,0,7.39,2024-01-02,15,Tuesday,23.6,Not Converted
2024-01-02 15:30:00,user_930,Checkout,Mobile,North America,203.86,0.21,0,5.72,2024-01-02,15,Tuesday,30.34,Not Converted
2024-01-02 15:45:00,user_33,Home,Mobile,South America,20.32,0.01,1,4.15,2024-01-02,15,Tuesday,3.95,Converted
2024-01-02 16:00:00,user_48,Checkout,Tablet,North America,207.92,0.3,0,6.66,2024-01-02,16,Tuesday,27.14,Not Converted
2024-01-02 16:15:00,user_503,Checkout,Tablet,South America,482.97,0.75,0,5.46,2024-01-02,16,Tuesday,74.76,Not Converted
2024-01-02 16:30:00,user_407,Product,Desktop,South America,538.89,0.79,0,4.46,2024-01-02,16,Tuesday,98.7,Not Converted
2024-01-02 16:45:00,user_574,Profile,Mobile,Africa,313.34,0.2,0,3.49,2024-01-02,16,Tuesday,69.79,Not Converted
2024-01-02 17:00:00,user_728,Search,Mobile,Asia,276.02,0.96,1,4.19,2024-01-02,17,Tuesday,53.18,Converted
2024-01-02 17:15:00,user_805,Help,Mobile,Asia,23.34,0.5,0,4.64,2024-01-02,17,Tuesday,4.14,Not Converted
2024-01-02 17:30:00,user_99,Checkout,Tablet,Asia,528.13,0.92,0,1.2,2024-01-02,17,Tuesday,240.06,Not Converted
2024-01-02 17:45:00,user_684,Product,Mobile,Africa,12.74,0.71,0,5.24,2024-01-02,17,Tuesday,2.04,Not Converted
2024-01-02 18:00:00,user_872,Profile,Tablet,South America,567.13,0.72,0,5.2,2024-01-02,18,Tuesday,91.47,Not Converted
2024-01-02 18:15:00,user_726,Search,Mobile,South America,296.08,0.09,0,6.09,2024-01-02,18,Tuesday,41.76,Not Converted
2024-01-02 18:30:00,user_987,Checkout,Mobile,North America,208.45,0.22,0,3.95,2024-01-02,18,Tuesday,42.11,Not Converted
2024-01-02 18:45:00,user_547,Checkout,Desktop,Africa,554.91,0.01,0,6.32,2024-01-02,18,Tuesday,75.81,Not Converted
2024-01-02 19:00:00,user_961,Home,Mobile,North America,19.51,0.72,0,8.84,2024-01-02,19,Tuesday,1.98,Not Converted
2024-01-02 19:15:00,user_739,Home,Mobile,Africa,350.95,0.34,0,9.58,2024-01-02,19,Tuesday,33.17,Not Converted
2024-01-02 19:30:00,user_613,Profile,Desktop,North America,331.61,0.79,0,6.04,2024-01-02,19,Tuesday,47.1,Not Converted
2024-01-02 19:45:00,user_943,Search,Tablet,Europe,135.5,0.34,0,0.9,2024-01-02,19,Tuesday,71.32,Not Converted
2024-01-02 20:00:00,user_462,Checkout,Tablet,Asia,260.19,0.82,0,9.71,2024-01-02,20,Tuesday,24.29,Not Converted
2024-01-02 20:15:00,user_643,Profile,Mobile,Asia,393.1,0.13,0,7.21,2024-01-02,20,Tuesday,47.88,Not Converted
2024-01-02 20:30:00,user_769,Profile,Tablet,South America,437.64,0.17,0,3.69,2024-01-02,20,Tuesday,93.31,Not Converted
2024-01-02 20:45:00,user_5,Login,Mobile,Europe,5.43,0.34,0,1.9,2024-01-02,20,Tuesday,1.87,Not Converted
2024-01-02 21:00:00,user_218,Help,Desktop,Asia,562.43,0.41,1,1.86,2024-01-02,21,Tuesday,196.65,Converted
2024-01-02 21:15:00,user_503,Home,Desktop,South America,102.89,0.35,0,2.09,2024-01-02,21,Tuesday,33.3,Not Converted
2024-01-02 21:30:00,user_767,Search,Mobile,Europe,143.98,0.76,1,0.93,2024-01-02,21,Tuesday,74.6,Converted
2024-01-02 21:45:00,user_398,Checkout,Desktop,Asia,161.77,0.1,0,9.07,2024-01-02,21,Tuesday,16.06,Not Converted
2024-01-02 22:00:00,user_871,Profile,Desktop,North America,294.4,0.35,0,5.64,2024-01-02,22,Tuesday,44.34,Not Converted
2024-01-02 22:15:00,user_795,Checkout,Mobile,Africa,78.22,0.84,0,7.15,2024-01-02,22,Tuesday,9.6,Not Converted
2024-01-02 22:30:00,user_393,Login,Mobile,Europe,591.88,0.07,1,8.37,2024-01-02,22,Tuesday,63.17,Converted
2024-01-02 22:45:00,user_207,Search,Desktop,South America,192.55,0.94,0,8.02,2024-01-02,22,Tuesday,21.35,Not Converted
2024-01-02 23:00:00,user_15,Profile,Tablet,Europe,73.6,0.99,0,8.88,2024-01-02,23,Tuesday,7.45,Not Converted
2024-01-02 23:15:00,user_858,Checkout,Tablet,South America,68.66,0.09,0,9.69,2024-01-02,23,Tuesday,6.42,Not Converted
2024-01-02 23:30:00,user_554,Home,Mobile,Europe,433.08,0.29,0,4.67,2024-01-02,23,Tuesday,76.38,Not Converted
2024-01-02 23:45:00,user_892,Help,Mobile,South America,513.47,0.37,0,9.53,2024-01-02,23,Tuesday,48.76,Not Converted
2024-01-03 00:00:00,user_461,Login,Tablet,Asia,157.89,0.78,0,7.37,2024-01-03,0,Wednesday,18.86,Not Converted
2024-01-03 00:15:00,user_691,Search,Desktop,North America,17.44,0.6,0,1.17,2024-01-03,0,Wednesday,8.04,Not Converted
2024-01-03 00:30:00,user_575,Login,Tablet,Asia,137.74,0.64,0,6.98,2024-01-03,0,Wednesday,17.26,Not Converted
2024-01-03 00:45:00,user_864,Home,Tablet,North America,38.63,0.76,0,7.02,2024-01-03,0,Wednesday,4.82,Not Converted
2024-01-03 01:00:00,user_743,Search,Tablet,Asia,66.52,0.12,0,9.11,2024-01-03,1,Wednesday,6.58,Not Converted
2024-01-03 01:15:00,user_241,Login,Tablet,Asia,261.75,0.83,0,5.46,2024-01-03,1,Wednesday,40.52,Not Converted
2024-01-03 01:30:00,user_564,Product,Mobile,Europe,141.8,0.71,0,6.06,2024-01-03,1,Wednesday,20.08,Not Converted
2024-01-03 01:45:00,user_96,Home,Mobile,Africa,311.99,0.58,0,0.62,2024-01-03,1,Wednesday,192.59,Not Converted
2024-01-03 02:00:00,user_900,Home,Desktop,South America,155.83,0.89,0,3.65,2024-01-03,2,Wednesday,33.51,Not Converted
2024-01-03 02:15:00,user_734,Home,Desktop,South America,564.62,0.7,0,1.09,2024-01-03,2,Wednesday,270.15,Not Converted
2024-01-03 02:30:00,user_485,Product,Desktop,South America,544.04,0.2,0,5.46,2024-01-03,2,Wednesday,84.22,Not Converted
2024-01-03 02:45:00,user_407,Product,Unknown,North America,342.25,0.43,0,8.27,2024-01-03,2,Wednesday,36.92,Not Converted
2024-01-03 03:00:00,user_231,Checkout,Tablet,South America,215.88,0.49,0,2.46,2024-01-03,3,Wednesday,62.39,Not Converted
2024-01-03 03:15:00,user_749,Profile,Mobile,South America,231.78,0.06,0,5.51,2024-01-03,3,Wednesday,35.6,Not Converted
2024-01-03 03:30:00,user_655,Help,Mobile,Europe,250.05,0.95,1,2.44,2024-01-03,3,Wednesday,72.69,Converted
2024-01-03 03:45:00,user_171,Login,Desktop,Asia,437.91,0.13,0,1.65,2024-01-03,3,Wednesday,165.25,Not Converted
2024-01-03 04:00:00,user_541,Checkout,Desktop,South America,273.73,0.7,0,5.35,2024-01-03,4,Wednesday,43.11,Not Converted
2024-01-03 04:15:00,user_36,Login,Tablet,Africa,514.75,0.49,0,1.25,2024-01-03,4,Wednesday,228.78,Not Converted
2024-01-03 04:30:00,user_525,Help,Tablet,South America,566.74,0.03,0,6.08,2024-01-03,4,Wednesday,80.05,Not Converted
2024-01-03 04:45:00,user_160,Profile,Desktop,North America,204.89,0.92,0,0.8,2024-01-03,4,Wednesday,113.83,Not Converted
2024-01-03 05:00:00,user_839,Product,Mobile,North America,294.4,0.85,0,1.51,2024-01-03,5,Wednesday,117.29,Not Converted
2024-01-03 05:15:00,user_699,Profile,Mobile,North America,61.56,0.52,0,5.72,2024-01-03,5,Wednesday,9.16,Not Converted
2024-01-03 05:30:00,user_243,Product,Mobile,South America,124.28,0.23,0,6.12,2024-01-03,5,Wednesday,17.46,Not Converted
2024-01-03 05:45:00,user_86,Help,Desktop,Europe,251.01,0.49,0,0.78,2024-01-03,5,Wednesday,141.02,Not Converted
2024-01-03 06:00:00,user_796,Profile,Unknown,Africa,127.69,0.36,0,5.95,2024-01-03,6,Wednesday,18.37,Not Converted
2024-01-03 06:15:00,user_578,Checkout,Tablet,South America,526.55,0.26,1,8.47,2024-01-03,6,Wednesday,55.6,Converted
2024-01-03 06:30:00,user_682,Search,Tablet,Europe,99.18,0.51,0,7.36,2024-01-03,6,Wednesday,11.86,Not Converted
2024-01-03 06:45:00,user_557,Checkout,Desktop,Europe,276.12,0.97,0,1.75,2024-01-03,6,Wednesday,100.41,Not Converted
2024-01-03 07:00:00,user_574,Login,Tablet,South America,365.39,0.57,1,6.13,2024-01-03,7,Wednesday,51.25,Converted
2024-01-03 07:15:00,user_953,Checkout,Desktop,South America,416.66,0.89,0,6.89,2024-01-03,7,Wednesday,52.81,Not Converted
2024-01-03 07:30:00,user_646,Help,Mobile,Europe,232.93,0.65,0,0.85,2024-01-03,7,Wednesday,125.91,Not Converted
2024-01-03 07:45:00,user_796,Home,Mobile,Europe,522.11,0.49,0,8.63,2024-01-03,7,Wednesday,54.22,Not Converted
2024-01-03 08:00:00,user_28,Login,Mobile,Europe,343.15,0.85,0,9.11,2024-01-03,8,Wednesday,33.94,Not Converted
2024-01-03 08:15:00,user_620,Profile,Tablet,South America,294.4,0.47,0,8.58,2024-01-03,8,Wednesday,30.73,Not Converted
2024-01-03 08:30:00,user_556,Login,Desktop,Europe,45.01,0.87,0,8.33,2024-01-03,8,Wednesday,4.82,Not Converted
2024-01-03 08:45:00,user_340,Search,Mobile,North America,281.49,0.29,0,7.58,2024-01-03,8,Wednesday,32.81,Not Converted
2024-01-03 09:00:00,user_798,Product,Unknown,South America,493.34,0.13,0,6.52,2024-01-03,9,Wednesday,65.6,Not Converted
2024-01-03 09:15:00,user_958,Profile,Mobile,North America,370.65,0.86,0,6.95,2024-01-03,9,Wednesday,46.62,Not Converted
2024-01-03 09:30:00,user_331,Login,Tablet,Asia,500.14,0.59,0,8.16,2024-01-03,9,Wednesday,54.6,Not Converted
2024-01-03 09:45:00,user_640,Profile,Tablet,South America,298.94,0.89,0,6.79,2024-01-03,9,Wednesday,38.37,Not Converted
2024-01-03 10:00:00,user_506,Profile,Desktop,Asia,75.48,0.94,0,3.61,2024-01-03,10,Wednesday,16.37,Not Converted
2024-01-03 10:15:00,user_348,Profile,Tablet,Europe,13.12,0.05,0,4.07,2024-01-03,10,Wednesday,2.59,Not Converted
2024-01-03 10:30:00,user_473,Product,Tablet,Europe,185.42,0.5,0,9.02,2024-01-03,10,Wednesday,18.5,Not Converted
2024-01-03 10:45:00,user_231,Help,Desktop,Africa,420.3,0.37,0,0.66,2024-01-03,10,Wednesday,253.19,Not Converted
2024-01-03 11:00:00,user_190,Checkout,Mobile,Europe,475.2,0.63,1,7.14,2024-01-03,11,Wednesday,58.38,Converted
2024-01-03 11:15:00,user_225,Profile,Tablet,Asia,180.97,0.79,0,9.57,2024-01-03,11,Wednesday,17.12,Not Converted
2024-01-03 11:30:00,user_385,Home,Desktop,Europe,299.91,0.28,0,7.21,2024-01-03,11,Wednesday,36.53,Not Converted
2024-01-03 11:45:00,user_377,Help,Tablet,South America,255.57,0.56,0,9.94,2024-01-03,11,Wednesday,23.36,Not Converted
2024-01-03 12:00:00,user_283,Search,Tablet,Europe,249.26,0.71,0,7.03,2024-01-03,12,Wednesday,31.04,Not Converted
2024-01-03 12:15:00,user_958,Product,Tablet,Africa,142.65,0.13,0,0.83,2024-01-03,12,Wednesday,77.95,Not Converted
2024-01-03 12:30:00,user_633,Login,Tablet,Europe,86.14,0.81,0,8.36,2024-01-03,12,Wednesday,9.2,Not Converted
2024-01-03 12:45:00,user_628,Product,Desktop,Asia,122.03,0.61,0,3.2,2024-01-03,12,Wednesday,29.05,Not Converted
2024-01-03 13:00:00,user_973,Login,Desktop,Asia,37.92,0.95,0,4.74,2024-01-03,13,Wednesday,6.61,Not Converted
2024-01-03 13:15:00,user_745,Product,Desktop,Europe,122.89,0.34,0,3.46,2024-01-03,13,Wednesday,27.55,Not Converted
2024-01-03 13:30:00,user_259,Login,Tablet,Asia,10.47,0.11,0,3.05,2024-01-03,13,Wednesday,2.59,Not Converted
2024-01-03 13:45:00,user_359,Profile,Tablet,Asia,378.22,0.51,0,4.6,2024-01-03,13,Wednesday,67.54,Not Converted
2024-01-03 14:00:00,user_710,Checkout,Tablet,Africa,193.24,0.09,0,4.1,2024-01-03,14,Wednesday,37.89,Not Converted
2024-01-03 14:15:00,user_456,Login,Desktop,South America,584.02,0.97,0,6.52,2024-01-03,14,Wednesday,77.66,Not Converted
2024-01-03 14:30:00,user_411,Login,Tablet,Africa,120.26,0.04,0,5.46,2024-01-03,14,Wednesday,18.62,Not Converted
2024-01-03 14:45:00,user_649,Home,Mobile,North America,210.77,0.49,0,3.32,2024-01-03,14,Wednesday,48.79,Not Converted
2024-01-03 15:00:00,user_318,Login,Tablet,Africa,217.92,0.53,0,2.53,2024-01-03,15,Wednesday,61.73,Not Converted
2024-01-03 15:15:00,user_677,Home,Mobile,Europe,10.03,0.37,0,6.84,2024-01-03,15,Wednesday,1.28,Not Converted
2024-01-03 15:30:00,user_225,Search,Tablet,South America,504.33,0.07,0,6.87,2024-01-03,15,Wednesday,64.08,Not Converted
2024-01-03 15:45:00,user_819,Profile,Desktop,Europe,24.04,0.62,0,9.06,2024-01-03,15,Wednesday,2.39,Not Converted
2024-01-03 16:00:00,user_234,Home,Tablet,North America,564.41,0.59,0,0.65,2024-01-03,16,Wednesday,342.07,Not Converted
2024-01-03 16:15:00,user_684,Checkout,Mobile,South America,535.78,0.28,0,8.6,2024-01-03,16,Wednesday,55.81,Not Converted
2024-01-03 16:30:00,user_664,Help,Mobile,Asia,323.64,0.91,0,5.45,2024-01-03,16,Wednesday,50.18,Not Converted
2024-01-03 16:45:00,user_975,Profile,Unknown,Africa,328.44,0.3,0,6.4,2024-01-03,16,Wednesday,44.38,Not Converted
2024-01-03 17:00:00,user_827,Home,Mobile,Europe,394.0,0.45,0,1.37,2024-01-03,17,Wednesday,166.24,Not Converted
2024-01-03 17:15:00,user_374,Profile,Mobile,North America,235.29,0.54,0,4.61,2024-01-03,17,Wednesday,41.94,Not Converted
2024-01-03 17:30:00,user_672,Profile,Desktop,Asia,390.1,0.1,0,2.66,2024-01-03,17,Wednesday,106.58,Not Converted
2024-01-03 17:45:00,user_608,Profile,Tablet,Africa,31.64,0.93,1,2.92,2024-01-03,17,Wednesday,8.07,Converted
2024-01-03 18:00:00,user_472,Search,Tablet,Asia,37.16,0.37,0,5.29,2024-01-03,18,Wednesday,5.91,Not Converted
2024-01-03 18:15:00,user_233,Checkout,Tablet,Africa,277.05,0.08,0,8.22,2024-01-03,18,Wednesday,30.05,Not Converted
2024-01-03 18:30:00,user_692,Product,Mobile,South America,294.4,0.39,0,7.57,2024-01-03,18,Wednesday,34.35,Not Converted
2024-01-03 18:45:00,user_113,Product,Tablet,Asia,533.25,0.6,0,6.11,2024-01-03,18,Wednesday,75.0,Not Converted
2024-01-03 19:00:00,user_830,Home,Tablet,Asia,67.27,0.51,0,5.62,2024-01-03,19,Wednesday,10.16,Not Converted
2024-01-03 19:15:00,user_497,Profile,Desktop,Asia,494.48,0.69,1,5.46,2024-01-03,19,Wednesday,76.54,Converted
2024-01-03 19:30:00,user_442,Home,Desktop,South America,129.98,0.06,0,9.74,2024-01-03,19,Wednesday,12.1,Not Converted
2024-01-03 19:45:00,user_564,Search,Unknown,North America,239.48,0.28,0,5.82,2024-01-03,19,Wednesday,35.11,Not Converted
2024-01-03 20:00:00,user_268,Search,Mobile,Africa,193.38,0.82,0,2.91,2024-01-03,20,Wednesday,49.46,Not Converted
2024-01-03 20:15:00,user_510,Login,Tablet,Asia,243.09,0.08,0,2.69,2024-01-03,20,Wednesday,65.88,Not Converted
2024-01-03 20:30:00,user_807,Search,Desktop,South America,94.54,0.86,0,5.46,2024-01-03,20,Wednesday,14.63,Not Converted
2024-01-03 20:45:00,user_386,Login,Desktop,North America,304.62,0.09,0,5.47,2024-01-03,20,Wednesday,47.08,Not Converted
2024-01-03 21:00:00,user_387,Checkout,Desktop,Africa,481.98,0.83,0,0.57,2024-01-03,21,Wednesday,306.99,Not Converted
2024-01-03 21:15:00,user_113,Home,Tablet,South America,267.71,0.36,1,8.39,2024-01-03,21,Wednesday,28.51,Converted
2024-01-03 21:30:00,user_613,Help,Tablet,Africa,296.92,0.61,0,7.19,2024-01-03,21,Wednesday,36.25,Not Converted
2024-01-03 21:45:00,user_625,Checkout,Tablet,Asia,510.02,0.15,0,6.79,2024-01-03,21,Wednesday,65.47,Not Converted
2024-01-03 22:00:00,user_952,Search,Mobile,North America,425.1,0.07,0,1.15,2024-01-03,22,Wednesday,197.72,Not Converted
2024-01-03 22:15:00,user_81,Checkout,Mobile,South America,296.82,0.22,0,5.46,2024-01-03,22,Wednesday,45.95,Not Converted
2024-01-03 22:30:00,user_699,Checkout,Desktop,North America,158.33,0.13,1,9.39,2024-01-03,22,Wednesday,15.24,Converted
2024-01-03 22:45:00,user_113,Checkout,Tablet,Asia,531.53,0.31,0,8.69,2024-01-03,22,Wednesday,54.85,Not Converted
2024-01-03 23:00:00,user_2,Search,Desktop,North America,294.4,0.51,0,3.21,2024-01-03,23,Wednesday,69.93,Not Converted
2024-01-03 23:15:00,user_642,Help,Tablet,North America,136.58,0.59,0,1.99,2024-01-03,23,Wednesday,45.68,Not Converted
2024-01-03 23:30:00,user_220,Profile,Tablet,Europe,165.13,0.79,0,4.77,2024-01-03,23,Wednesday,28.62,Not Converted
2024-01-03 23:45:00,user_566,Checkout,Tablet,North America,482.86,0.66,0,3.88,2024-01-03,23,Wednesday,98.95,Not Converted
2024-01-04 00:00:00,user_855,Login,Unknown,Africa,31.27,0.61,0,6.98,2024-01-04,0,Thursday,3.92,Not Converted
2024-01-04 00:15:00,user_997,Search,Mobile,South America,595.29,0.41,0,5.46,2024-01-04,0,Thursday,92.15,Not Converted
2024-01-04 00:30:00,user_736,Checkout,Tablet,Europe,82.56,0.47,1,3.95,2024-01-04,0,Thursday,16.68,Converted
2024-01-04 00:45:00,user_225,Help,Desktop,South America,478.66,0.41,0,1.09,2024-01-04,0,Thursday,229.02,Not Converted
2024-01-04 01:00:00,user_385,Profile,Tablet,South America,239.89,0.84,0,9.03,2024-01-04,1,Thursday,23.92,Not Converted
2024-01-04 01:15:00,user_403,Search,Tablet,Asia,297.87,0.23,0,0.86,2024-01-04,1,Thursday,160.15,Not Converted
2024-01-04 01:30:00,user_638,Product,Desktop,Asia,528.99,0.49,0,9.55,2024-01-04,1,Thursday,50.14,Not Converted
2024-01-04 01:45:00,user_130,Profile,Tablet,Europe,250.68,0.65,0,6.81,2024-01-04,1,Thursday,32.1,Not Converted
2024-01-04 02:00:00,user_53,Login,Desktop,Asia,324.81,0.49,0,9.45,2024-01-04,2,Thursday,31.08,Not Converted
2024-01-04 02:15:00,user_684,Checkout,Mobile,Asia,34.33,0.89,0,2.4,2024-01-04,2,Thursday,10.1,Not Converted
2024-01-04 02:30:00,user_730,Help,Mobile,Asia,6.4,0.86,0,0.89,2024-01-04,2,Thursday,3.39,Not Converted
2024-01-04 02:45:00,user_672,Product,Desktop,South America,150.66,0.08,0,5.14,2024-01-04,2,Thursday,24.54,Not Converted
2024-01-04 03:00:00,user_710,Help,Mobile,Europe,409.95,0.11,0,4.78,2024-01-04,3,Thursday,70.93,Not Converted
2024-01-04 03:15:00,user_416,Product,Mobile,South America,77.15,0.5,0,3.65,2024-01-04,3,Thursday,16.59,Not Converted
2024-01-04 03:30:00,user_247,Search,Desktop,Africa,72.69,0.61,1,9.6,2024-01-04,3,Thursday,6.86,Converted
2024-01-04 03:45:00,user_836,Product,Mobile,South America,249.52,0.27,0,8.31,2024-01-04,3,Thursday,26.8,Not Converted
2024-01-04 04:00:00,user_439,Login,Tablet,Africa,390.46,0.72,0,6.79,2024-01-04,4,Thursday,50.12,Not Converted
2024-01-04 04:15:00,user_203,Login,Tablet,North America,428.68,0.59,0,2.05,2024-01-04,4,Thursday,140.55,Not Converted
2024-01-04 04:30:00,user_184,Home,Desktop,North America,111.18,0.32,0,7.48,2024-01-04,4,Thursday,13.11,Not Converted
2024-01-04 04:45:00,user_123,Login,Mobile,Africa,52.35,0.49,0,7.41,2024-01-04,4,Thursday,6.22,Not Converted
2024-01-04 05:00:00,user_401,Profile,Tablet,Africa,564.54,0.75,0,4.54,2024-01-04,5,Thursday,101.9,Not Converted
2024-01-04 05:15:00,user_767,Product,Tablet,South America,160.1,0.21,0,9.29,2024-01-04,5,Thursday,15.56,Not Converted
2024-01-04 05:30:00,user_294,Login,Mobile,Africa,512.74,0.83,0,2.09,2024-01-04,5,Thursday,165.94,Not Converted
2024-01-04 05:45:00,user_280,Search,Mobile,Europe,518.78,0.42,0,3.04,2024-01-04,5,Thursday,128.41,Not Converted
2024-01-04 06:00:00,user_837,Help,Tablet,North America,464.65,0.58,0,1.1,2024-01-04,6,Thursday,221.26,Not Converted
2024-01-04 06:15:00,user_884,Help,Tablet,North America,105.46,1.0,0,8.06,2024-01-04,6,Thursday,11.64,Not Converted
2024-01-04 06:30:00,user_610,Home,Desktop,Africa,493.97,0.86,0,6.41,2024-01-04,6,Thursday,66.66,Not Converted
2024-01-04 06:45:00,user_198,Help,Desktop,Asia,462.7,0.37,0,3.49,2024-01-04,6,Thursday,103.05,Not Converted
2024-01-04 07:00:00,user_982,Product,Tablet,Asia,360.05,0.49,0,2.06,2024-01-04,7,Thursday,117.66,Not Converted
2024-01-04 07:15:00,user_907,Home,Desktop,Africa,205.64,0.78,1,5.46,2024-01-04,7,Thursday,31.83,Converted
2024-01-04 07:30:00,user_511,Product,Tablet,Europe,294.4,0.43,0,2.08,2024-01-04,7,Thursday,95.58,Not Converted
2024-01-04 07:45:00,user_752,Search,Tablet,Asia,77.52,0.19,0,4.81,2024-01-04,7,Thursday,13.34,Not Converted
2024-01-04 08:00:00,user_144,Home,Desktop,Africa,308.31,0.9,0,2.85,2024-01-04,8,Thursday,80.08,Not Converted
2024-01-04 08:15:00,user_609,Checkout,Desktop,Europe,353.23,0.2,0,2.96,2024-01-04,8,Thursday,89.2,Not Converted
2024-01-04 08:30:00,user_201,Profile,Mobile,Europe,218.81,0.03,0,8.82,2024-01-04,8,Thursday,22.28,Not Converted
2024-01-04 08:45:00,user_124,Profile,Mobile,South America,287.84,0.02,0,5.39,2024-01-04,8,Thursday,45.05,Not Converted
2024-01-04 09:00:00,user_187,Product,Mobile,Europe,221.29,0.62,0,7.43,2024-01-04,9,Thursday,26.25,Not Converted
2024-01-04 09:15:00,user_326,Help,Tablet,Asia,386.4,0.66,0,0.84,2024-01-04,9,Thursday,210.0,Not Converted
2024-01-04 09:30:00,user_464,Checkout,Desktop,Asia,541.25,0.31,0,3.97,2024-01-04,9,Thursday,108.9,Not Converted
2024-01-04 09:45:00,user_349,Home,Tablet,Africa,102.53,0.32,0,5.05,2024-01-04,9,Thursday,16.95,Not Converted
2024-01-04 10:00:00,user_771,Checkout,Desktop,Africa,231.94,0.34,0,2.27,2024-01-04,10,Thursday,70.93,Not Converted
2024-01-04 10:15:00,user_660,Checkout,Tablet,Europe,88.82,0.49,1,1.64,2024-01-04,10,Thursday,33.64,Converted
2024-01-04 10:30:00,user_764,Help,Mobile,North America,376.84,0.06,0,8.77,2024-01-04,10,Thursday,38.57,Not Converted
2024-01-04 10:45:00,user_955,Home,Mobile,South America,438.68,0.49,0,9.42,2024-01-04,10,Thursday,42.1,Not Converted
2024-01-04 11:00:00,user_932,Search,Mobile,North America,559.49,0.22,0,1.25,2024-01-04,11,Thursday,248.66,Not Converted
2024-01-04 11:15:00,user_403,Help,Tablet,Europe,170.93,1.0,0,3.82,2024-01-04,11,Thursday,35.46,Not Converted
2024-01-04 11:30:00,user_346,Checkout,Desktop,Europe,570.38,0.17,1,9.6,2024-01-04,11,Thursday,53.81,Converted
2024-01-04 11:45:00,user_963,Checkout,Desktop,North America,42.64,0.77,0,1.29,2024-01-04,11,Thursday,18.62,Not Converted
2024-01-04 12:00:00,user_511,Search,Mobile,South America,363.79,0.22,1,6.61,2024-01-04,12,Thursday,47.8,Converted
2024-01-04 12:15:00,user_147,Checkout,Mobile,North America,38.99,0.08,0,9.74,2024-01-04,12,Thursday,3.63,Not Converted
2024-01-04 12:30:00,user_148,Checkout,Mobile,Africa,536.8,1.0,1,9.79,2024-01-04,12,Thursday,49.75,Converted
2024-01-04 12:45:00,user_864,Checkout,Mobile,Asia,320.24,0.86,0,5.46,2024-01-04,12,Thursday,49.57,Not Converted
2024-01-04 13:00:00,user_711,Profile,Desktop,Africa,403.26,0.4,0,2.05,2024-01-04,13,Thursday,132.22,Not Converted
2024-01-04 13:15:00,user_820,Help,Tablet,Asia,499.79,0.49,0,2.42,2024-01-04,13,Thursday,146.14,Not Converted
2024-01-04 13:30:00,user_489,Login,Tablet,Europe,94.43,0.56,0,8.95,2024-01-04,13,Thursday,9.49,Not Converted
2024-01-04 13:45:00,user_929,Help,Tablet,South America,27.96,0.85,0,9.16,2024-01-04,13,Thursday,2.75,Not Converted
2024-01-04 14:00:00,user_936,Search,Tablet,North America,527.93,0.32,0,6.27,2024-01-04,14,Thursday,72.62,Not Converted
2024-01-04 14:15:00,user_640,Checkout,Mobile,South America,192.39,0.52,0,7.78,2024-01-04,14,Thursday,21.91,Not Converted
2024-01-04 14:30:00,user_551,Help,Unknown,North America,81.74,0.49,1,7.53,2024-01-04,14,Thursday,9.58,Converted
2024-01-04 14:45:00,user_338,Profile,Mobile,Africa,283.73,0.35,0,6.79,2024-01-04,14,Thursday,36.42,Not Converted
2024-01-04 15:00:00,user_872,Search,Tablet,Africa,360.99,0.89,0,8.36,2024-01-04,15,Thursday,38.57,Not Converted
2024-01-04 15:15:00,user_641,Product,Mobile,North America,23.43,0.17,0,7.01,2024-01-04,15,Thursday,2.93,Not Converted
2024-01-04 15:30:00,user_779,Help,Mobile,South America,168.56,0.15,1,5.57,2024-01-04,15,Thursday,25.66,Converted
2024-01-04 15:45:00,user_988,Product,Desktop,North America,24.52,0.58,1,2.75,2024-01-04,15,Thursday,6.54,Converted
2024-01-04 16:00:00,user_953,Checkout,Desktop,Europe,255.1,0.66,0,7.57,2024-01-04,16,Thursday,29.77,Not Converted
2024-01-04 16:15:00,user_473,Profile,Mobile,Africa,537.58,0.19,0,5.0,2024-01-04,16,Thursday,89.6,Not Converted
2024-01-04 16:30:00,user_946,Profile,Desktop,Europe,589.68,0.39,0,3.3,2024-01-04,16,Thursday,137.13,Not Converted
2024-01-04 16:45:00,user_151,Help,Desktop,Africa,384.04,0.95,0,8.12,2024-01-04,16,Thursday,42.11,Not Converted
2024-01-04 17:00:00,user_415,Search,Mobile,Africa,101.17,0.25,0,7.12,2024-01-04,17,Thursday,12.46,Not Converted
2024-01-04 17:15:00,user_990,Search,Mobile,Asia,543.98,0.49,0,9.4,2024-01-04,17,Thursday,52.31,Not Converted
2024-01-04 17:30:00,user_298,Profile,Mobile,Europe,312.17,0.74,0,2.07,2024-01-04,17,Thursday,101.68,Not Converted
2024-01-04 17:45:00,user_611,Search,Mobile,Europe,96.48,0.45,0,5.46,2024-01-04,17,Thursday,14.93,Not Converted
2024-01-04 18:00:00,user_263,Profile,Tablet,Asia,553.43,0.94,0,2.82,2024-01-04,18,Thursday,144.88,Not Converted
2024-01-04 18:15:00,user_764,Help,Tablet,South America,455.69,0.74,0,9.08,2024-01-04,18,Thursday,45.21,Not Converted
2024-01-04 18:30:00,user_144,Login,Mobile,Europe,440.36,0.46,0,1.45,2024-01-04,18,Thursday,179.74,Not Converted
2024-01-04 18:45:00,user_346,Profile,Desktop,North America,426.96,0.57,0,6.73,2024-01-04,18,Thursday,55.23,Not Converted
2024-01-04 19:00:00,user_624,Product,Mobile,Asia,124.2,0.69,0,8.02,2024-01-04,19,Thursday,13.77,Not Converted
2024-01-04 19:15:00,user_572,Search,Mobile,Europe,130.55,0.59,0,3.87,2024-01-04,19,Thursday,26.81,Not Converted
2024-01-04 19:30:00,user_881,Profile,Desktop,South America,414.53,0.88,0,9.56,2024-01-04,19,Thursday,39.25,Not Converted
2024-01-04 19:45:00,user_2,Profile,Tablet,Europe,135.74,0.36,0,8.58,2024-01-04,19,Thursday,14.17,Not Converted
2024-01-04 20:00:00,user_897,Help,Mobile,Africa,266.01,0.3,1,3.3,2024-01-04,20,Thursday,61.86,Converted
2024-01-04 20:15:00,user_304,Search,Mobile,North America,470.29,0.21,0,0.57,2024-01-04,20,Thursday,299.55,Not Converted
2024-01-04 20:30:00,user_254,Login,Tablet,Asia,471.45,0.04,0,3.32,2024-01-04,20,Thursday,109.13,Not Converted
2024-01-04 20:45:00,user_652,Help,Tablet,Africa,274.69,0.04,0,3.17,2024-01-04,20,Thursday,65.87,Not Converted
2024-01-04 21:00:00,user_453,Login,Desktop,South America,476.35,0.87,0,8.95,2024-01-04,21,Thursday,47.87,Not Converted
2024-01-04 21:15:00,user_37,Help,Tablet,Africa,503.98,0.68,0,9.69,2024-01-04,21,Thursday,47.14,Not Converted
2024-01-04 21:30:00,user_160,Search,Tablet,Africa,394.59,0.66,0,1.17,2024-01-04,21,Thursday,181.84,Not Converted
2024-01-04 21:45:00,user_9,Home,Tablet,South America,140.91,0.61,0,4.98,2024-01-04,21,Thursday,23.56,Not Converted
2024-01-04 22:00:00,user_233,Search,Desktop,Africa,168.04,0.85,0,5.71,2024-01-04,22,Thursday,25.04,Not Converted
2024-01-04 22:15:00,user_99,Search,Tablet,Asia,192.33,0.48,0,1.38,2024-01-04,22,Thursday,80.81,Not Converted
2024-01-04 22:30:00,user_659,Login,Tablet,Europe,74.5,0.87,0,4.09,2024-01-04,22,Thursday,14.64,Not Converted
2024-01-04 22:45:00,user_816,Login,Desktop,Africa,167.53,0.36,0,3.51,2024-01-04,22,Thursday,37.15,Not Converted
2024-01-04 23:00:00,user_208,Search,Tablet,Asia,129.66,0.93,1,5.46,2024-01-04,23,Thursday,20.07,Converted
2024-01-04 23:15:00,user_131,Search,Tablet,Europe,275.92,0.7,0,6.78,2024-01-04,23,Thursday,35.47,Not Converted
2024-01-04 23:30:00,user_404,Search,Desktop,Europe,545.52,0.26,0,7.18,2024-01-04,23,Thursday,66.69,Not Converted
2024-01-04 23:45:00,user_152,Login,Mobile,Africa,67.17,0.56,0,1.8,2024-01-04,23,Thursday,23.99,Not Converted
2024-01-05 00:00:00,user_54,Search,Unknown,Asia,433.56,0.53,0,8.22,2024-01-05,0,Friday,47.02,Not Converted
2024-01-05 00:15:00,user_120,Search,Tablet,Africa,413.93,0.14,0,6.95,2024-01-05,0,Friday,52.07,Not Converted
2024-01-05 00:30:00,user_673,Checkout,Tablet,South America,61.97,0.59,0,8.95,2024-01-05,0,Friday,6.23,Not Converted
2024-01-05 00:45:00,user_920,Home,Tablet,Europe,294.4,0.31,0,4.77,2024-01-05,0,Friday,51.02,Not Converted
2024-01-05 01:00:00,user_628,Product,Desktop,Africa,294.4,0.05,0,8.99,2024-01-05,1,Friday,29.47,Not Converted
2024-01-05 01:15:00,user_587,Home,Tablet,Europe,221.42,0.49,1,8.72,2024-01-05,1,Friday,22.78,Converted
2024-01-05 01:30:00,user_625,Checkout,Tablet,Asia,455.14,0.64,0,4.66,2024-01-05,1,Friday,80.41,Not Converted
2024-01-05 01:45:00,user_968,Product,Desktop,North America,158.13,0.88,0,4.12,2024-01-05,1,Friday,30.88,Not Converted
2024-01-05 02:00:00,user_420,Help,Mobile,Africa,417.64,0.68,0,9.36,2024-01-05,2,Friday,40.31,Not Converted
2024-01-05 02:15:00,user_422,Search,Mobile,Africa,28.63,0.36,1,7.29,2024-01-05,2,Friday,3.45,Converted
2024-01-05 02:30:00,user_104,Checkout,Tablet,Europe,504.45,0.51,0,9.32,2024-01-05,2,Friday,48.88,Not Converted
2024-01-05 02:45:00,user_852,Help,Desktop,Asia,271.66,0.68,1,8.07,2024-01-05,2,Friday,29.95,Converted
2024-01-05 03:00:00,user_254,Search,Tablet,South America,383.83,0.96,0,6.29,2024-01-05,3,Friday,52.65,Not Converted
2024-01-05 03:15:00,user_227,Login,Desktop,Asia,136.64,0.25,0,1.6,2024-01-05,3,Friday,52.55,Not Converted
2024-01-05 03:30:00,user_112,Profile,Desktop,Africa,407.86,0.87,0,3.27,2024-01-05,3,Friday,95.52,Not Converted
2024-01-05 03:45:00,user_510,Checkout,Mobile,South America,464.48,0.92,0,9.7,2024-01-05,3,Friday,43.41,Not Converted
2024-01-05 04:00:00,user_473,Login,Mobile,Asia,286.56,0.67,1,3.53,2024-01-05,4,Friday,63.26,Converted
2024-01-05 04:15:00,user_99,Checkout,Desktop,North America,372.55,0.93,0,1.39,2024-01-05,4,Friday,155.88,Not Converted
2024-01-05 04:30:00,user_153,Checkout,Tablet,Europe,276.51,0.4,1,7.22,2024-01-05,4,Friday,33.64,Converted
2024-01-05 04:45:00,user_861,Login,Mobile,Asia,536.98,0.95,0,7.47,2024-01-05,4,Friday,63.4,Not Converted
2024-01-05 05:00:00,user_914,Product,Tablet,Asia,301.23,0.7,0,3.21,2024-01-05,5,Friday,71.55,Not Converted
2024-01-05 05:15:00,user_896,Home,Mobile,North America,505.88,0.04,0,3.33,2024-01-05,5,Friday,116.83,Not Converted
2024-01-05 05:30:00,user_878,Search,Mobile,Africa,481.8,0.91,0,4.95,2024-01-05,5,Friday,80.97,Not Converted
2024-01-05 05:45:00,user_338,Checkout,Tablet,Europe,249.25,0.48,0,0.71,2024-01-05,5,Friday,145.76,Not Converted
2024-01-05 06:00:00,user_706,Search,Mobile,Asia,141.9,0.46,0,8.0,2024-01-05,6,Friday,15.77,Not Converted
2024-01-05 06:15:00,user_822,Profile,Mobile,South America,246.62,0.57,0,3.51,2024-01-05,6,Friday,54.68,Not Converted
2024-01-05 06:30:00,user_163,Login,Tablet,Asia,496.6,0.15,0,8.61,2024-01-05,6,Friday,51.68,Not Converted
2024-01-05 06:45:00,user_720,Search,Mobile,Europe,140.44,0.47,0,8.12,2024-01-05,6,Friday,15.4,Not Converted
2024-01-05 07:00:00,user_957,Login,Mobile,Asia,317.04,0.83,0,6.78,2024-01-05,7,Friday,40.75,Not Converted
2024-01-05 07:15:00,user_681,Search,Mobile,North America,294.4,0.02,0,3.59,2024-01-05,7,Friday,64.14,Not Converted
2024-01-05 07:30:00,user_996,Home,Tablet,Asia,215.32,0.27,0,5.41,2024-01-05,7,Friday,33.59,Not Converted
2024-01-05 07:45:00,user_161,Home,Desktop,Asia,387.11,0.0,0,4.73,2024-01-05,7,Friday,67.56,Not Converted
2024-01-05 08:00:00,user_580,Home,Tablet,South America,151.15,0.42,0,3.72,2024-01-05,8,Friday,32.02,Not Converted
2024-01-05 08:15:00,user_801,Home,Desktop,North America,70.02,0.73,0,8.56,2024-01-05,8,Friday,7.32,Not Converted
2024-01-05 08:30:00,user_398,Home,Mobile,North America,477.66,0.8,0,5.09,2024-01-05,8,Friday,78.43,Not Converted
2024-01-05 08:45:00,user_277,Home,Desktop,Asia,63.89,0.95,0,8.41,2024-01-05,8,Friday,6.79,Not Converted
2024-01-05 09:00:00,user_816,Login,Tablet,South America,166.47,0.61,0,1.5,2024-01-05,9,Friday,66.59,Not Converted
2024-01-05 09:15:00,user_916,Checkout,Tablet,Asia,513.79,0.25,0,1.84,2024-01-05,9,Friday,180.91,Not Converted
2024-01-05 09:30:00,user_504,Search,Mobile,Asia,211.15,0.49,0,9.78,2024-01-05,9,Friday,19.59,Not Converted
2024-01-05 09:45:00,user_896,Home,Desktop,Europe,583.96,0.78,0,6.08,2024-01-05,9,Friday,82.48,Not Converted
2024-01-05 10:00:00,user_392,Login,Mobile,Europe,587.94,0.57,0,5.34,2024-01-05,10,Friday,92.74,Not Converted
2024-01-05 10:15:00,user_135,Login,Mobile,South America,164.62,0.7,0,5.47,2024-01-05,10,Friday,25.44,Not Converted
2024-01-05 10:30:00,user_195,Login,Tablet,Africa,29.38,0.92,0,2.55,2024-01-05,10,Friday,8.28,Not Converted
2024-01-05 10:45:00,user_401,Checkout,Desktop,Europe,424.51,0.71,0,7.33,2024-01-05,10,Friday,50.96,Not Converted
2024-01-05 11:00:00,user_640,Search,Desktop,Africa,273.34,0.37,0,1.31,2024-01-05,11,Friday,118.33,Not Converted
2024-01-05 11:15:00,user_33,Checkout,Desktop,North America,64.95,0.71,0,5.46,2024-01-05,11,Friday,10.05,Not Converted
2024-01-05 11:30:00,user_688,Product,Desktop,Europe,425.98,0.04,0,5.92,2024-01-05,11,Friday,61.56,Not Converted
2024-01-05 11:45:00,user_460,Help,Mobile,Europe,23.55,0.39,0,9.18,2024-01-05,11,Friday,2.31,Not Converted
2024-01-05 12:00:00,user_955,Login,Mobile,South America,522.77,0.41,1,5.5,2024-01-05,12,Friday,80.43,Converted
2024-01-05 12:15:00,user_883,Product,Tablet,Africa,87.5,0.17,0,1.8,2024-01-05,12,Friday,31.25,Not Converted
2024-01-05 12:30:00,user_470,Profile,Mobile,Europe,80.75,0.02,0,5.94,2024-01-05,12,Friday,11.64,Not Converted
2024-01-05 12:45:00,user_375,Home,Mobile,Europe,109.53,0.13,0,1.37,2024-01-05,12,Friday,46.22,Not Converted
2024-01-05 13:00:00,user_22,Help,Tablet,South America,576.36,0.65,0,2.44,2024-01-05,13,Friday,167.55,Not Converted
2024-01-05 13:15:00,user_750,Home,Tablet,South America,417.44,0.8,0,5.46,2024-01-05,13,Friday,64.62,Not Converted
2024-01-05 13:30:00,user_670,Checkout,Tablet,Africa,481.82,0.99,0,5.46,2024-01-05,13,Friday,74.59,Not Converted
2024-01-05 13:45:00,user_38,Help,Mobile,North America,241.59,0.35,0,1.3,2024-01-05,13,Friday,105.04,Not Converted
2024-01-05 14:00:00,user_230,Search,Mobile,North America,205.11,0.6,0,4.96,2024-01-05,14,Friday,34.41,Not Converted
2024-01-05 14:15:00,user_365,Product,Tablet,Asia,144.52,0.94,0,9.36,2024-01-05,14,Friday,13.95,Not Converted
2024-01-05 14:30:00,user_563,Search,Unknown,Europe,294.4,0.17,0,7.34,2024-01-05,14,Friday,35.3,Not Converted
2024-01-05 14:45:00,user_438,Checkout,Tablet,Africa,333.34,0.72,1,1.24,2024-01-05,14,Friday,148.81,Converted
2024-01-05 15:00:00,user_776,Home,Mobile,Europe,380.91,0.75,0,5.46,2024-01-05,15,Friday,58.96,Not Converted
2024-01-05 15:15:00,user_283,Help,Mobile,Africa,157.99,0.09,1,6.9,2024-01-05,15,Friday,20.0,Converted
2024-01-05 15:30:00,user_27,Search,Unknown,Africa,569.45,0.86,0,9.0,2024-01-05,15,Friday,56.95,Not Converted
2024-01-05 15:45:00,user_226,Search,Mobile,Africa,106.01,0.49,0,0.81,2024-01-05,15,Friday,58.57,Not Converted
2024-01-05 16:00:00,user_277,Home,Mobile,Europe,579.56,0.03,0,5.46,2024-01-05,16,Friday,89.72,Not Converted
2024-01-05 16:15:00,user_798,Help,Mobile,South America,13.84,0.09,0,5.84,2024-01-05,16,Friday,2.02,Not Converted
2024-01-05 16:30:00,user_609,Product,Tablet,Europe,291.27,0.05,1,5.69,2024-01-05,16,Friday,43.54,Converted
2024-01-05 16:45:00,user_284,Home,Unknown,Africa,203.35,0.33,0,9.6,2024-01-05,16,Friday,19.18,Not Converted
2024-01-05 17:00:00,user_879,Search,Tablet,Asia,272.23,0.51,0,7.6,2024-01-05,17,Friday,31.65,Not Converted
2024-01-05 17:15:00,user_960,Product,Desktop,North America,344.55,0.49,0,8.58,2024-01-05,17,Friday,35.97,Not Converted
2024-01-05 17:30:00,user_481,Product,Desktop,Africa,264.18,0.27,0,3.86,2024-01-05,17,Friday,54.36,Not Converted
2024-01-05 17:45:00,user_453,Home,Tablet,Asia,251.83,0.91,0,5.77,2024-01-05,17,Friday,37.2,Not Converted
2024-01-05 18:00:00,user_829,Search,Tablet,South America,440.97,0.37,0,6.35,2024-01-05,18,Friday,60.0,Not Converted
2024-01-05 18:15:00,user_816,Checkout,Tablet,Africa,294.4,0.05,1,3.56,2024-01-05,18,Friday,64.56,Converted
2024-01-05 18:30:00,user_659,Search,Mobile,Asia,500.8,0.3,0,5.92,2024-01-05,18,Friday,72.37,Not Converted
2024-01-05 18:45:00,user_516,Login,Desktop,Africa,153.73,0.53,0,2.75,2024-01-05,18,Friday,40.99,Not Converted
2024-01-05 19:00:00,user_547,Help,Tablet,Europe,367.67,0.41,0,1.86,2024-01-05,19,Friday,128.56,Not Converted
2024-01-05 19:15:00,user_192,Profile,Mobile,Asia,353.19,0.27,0,4.05,2024-01-05,19,Friday,69.94,Not Converted
2024-01-05 19:30:00,user_49,Checkout,Desktop,Europe,224.99,0.13,0,7.52,2024-01-05,19,Friday,26.41,Not Converted
2024-01-05 19:45:00,user_512,Product,Mobile,Europe,294.2,0.82,0,9.2,2024-01-05,19,Friday,28.84,Not Converted
2024-01-05 20:00:00,user_17,Checkout,Desktop,Asia,191.7,1.0,0,4.85,2024-01-05,20,Friday,32.77,Not Converted
2024-01-05 20:15:00,user_172,Help,Mobile,North America,89.4,0.33,0,6.61,2024-01-05,20,Friday,11.75,Not Converted
2024-01-05 20:30:00,user_220,Product,Desktop,Asia,132.21,0.38,1,1.48,2024-01-05,20,Friday,53.31,Converted
2024-01-05 20:45:00,user_158,Help,Desktop,North America,67.78,0.62,0,9.09,2024-01-05,20,Friday,6.72,Not Converted
2024-01-05 21:00:00,user_477,Product,Unknown,Africa,411.43,0.72,0,5.9,2024-01-05,21,Friday,59.63,Not Converted
2024-01-05 21:15:00,user_46,Checkout,Tablet,Africa,398.13,0.39,0,7.91,2024-01-05,21,Friday,44.68,Not Converted
2024-01-05 21:30:00,user_373,Product,Unknown,Asia,570.61,0.9,0,8.05,2024-01-05,21,Friday,63.05,Not Converted
2024-01-05 21:45:00,user_518,Product,Tablet,Africa,439.16,0.56,0,2.94,2024-01-05,21,Friday,111.46,Not Converted
2024-01-05 22:00:00,user_99,Login,Mobile,South America,35.97,0.45,0,5.53,2024-01-05,22,Friday,5.51,Not Converted
2024-01-05 22:15:00,user_892,Search,Tablet,Europe,531.13,0.65,0,9.62,2024-01-05,22,Friday,50.01,Not Converted
2024-01-05 22:30:00,user_745,Search,Tablet,Europe,518.29,0.95,1,1.35,2024-01-05,22,Friday,220.55,Converted
2024-01-05 22:45:00,user_37,Profile,Tablet,North America,268.78,0.79,0,6.99,2024-01-05,22,Friday,33.64,Not Converted
2024-01-05 23:00:00,user_280,Profile,Tablet,Africa,353.59,0.04,0,9.64,2024-01-05,23,Friday,33.23,Not Converted
2024-01-05 23:15:00,user_349,Login,Tablet,North America,585.77,0.49,1,3.36,2024-01-05,23,Friday,134.35,Converted
2024-01-05 23:30:00,user_497,Profile,Desktop,Europe,321.72,0.49,0,8.68,2024-01-05,23,Friday,33.24,Not Converted
2024-01-05 23:45:00,user_302,Help,Desktop,Europe,543.67,0.31,0,9.37,2024-01-05,23,Friday,52.43,Not Converted
2024-01-06 00:00:00,user_181,Checkout,Desktop,Africa,54.41,0.7,0,7.6,2024-01-06,0,Saturday,6.33,Not Converted
2024-01-06 00:15:00,user_607,Home,Mobile,South America,118.68,0.83,1,2.7,2024-01-06,0,Saturday,32.08,Converted
2024-01-06 00:30:00,user_99,Help,Unknown,South America,267.25,0.73,0,3.67,2024-01-06,0,Saturday,57.23,Not Converted
2024-01-06 00:45:00,user_700,Home,Desktop,Africa,352.93,0.99,0,0.84,2024-01-06,0,Saturday,191.81,Not Converted
2024-01-06 01:00:00,user_993,Home,Mobile,Africa,490.66,0.27,0,8.4,2024-01-06,1,Saturday,52.2,Not Converted
2024-01-06 01:15:00,user_116,Login,Desktop,North America,593.02,0.87,0,5.46,2024-01-06,1,Saturday,91.8,Not Converted
2024-01-06 01:30:00,user_191,Help,Desktop,Africa,236.37,0.77,0,6.51,2024-01-06,1,Saturday,31.47,Not Converted
2024-01-06 01:45:00,user_253,Login,Tablet,South America,33.21,0.36,0,3.85,2024-01-06,1,Saturday,6.85,Not Converted
2024-01-06 02:00:00,user_981,Product,Mobile,Africa,481.7,0.73,0,1.23,2024-01-06,2,Saturday,216.01,Not Converted
2024-01-06 02:15:00,user_928,Home,Tablet,North America,364.61,0.1,0,7.65,2024-01-06,2,Saturday,42.15,Not Converted
2024-01-06 02:30:00,user_983,Checkout,Tablet,North America,123.13,0.79,0,7.4,2024-01-06,2,Saturday,14.66,Not Converted
2024-01-06 02:45:00,user_161,Profile,Desktop,North America,299.42,0.53,0,9.17,2024-01-06,2,Saturday,29.44,Not Converted
2024-01-06 03:00:00,user_256,Checkout,Tablet,North America,446.67,0.29,0,7.44,2024-01-06,3,Saturday,52.92,Not Converted
2024-01-06 03:15:00,user_323,Profile,Mobile,Asia,463.4,0.66,0,8.37,2024-01-06,3,Saturday,49.46,Not Converted
2024-01-06 03:30:00,user_128,Home,Tablet,Africa,302.27,0.64,0,7.59,2024-01-06,3,Saturday,35.19,Not Converted
2024-01-06 03:45:00,user_18,Home,Tablet,Europe,186.6,0.49,0,6.49,2024-01-06,3,Saturday,24.91,Not Converted
2024-01-06 04:00:00,user_793,Home,Tablet,Africa,584.38,0.03,0,4.56,2024-01-06,4,Saturday,105.1,Not Converted
2024-01-06 04:15:00,user_735,Login,Desktop,Asia,399.7,0.43,0,9.07,2024-01-06,4,Saturday,39.69,Not Converted
2024-01-06 04:30:00,user_566,Help,Mobile,North America,247.9,0.57,0,6.68,2024-01-06,4,Saturday,32.28,Not Converted
2024-01-06 04:45:00,user_570,Profile,Desktop,Asia,171.88,0.88,0,4.28,2024-01-06,4,Saturday,32.55,Not Converted
2024-01-06 05:00:00,user_323,Help,Desktop,South America,440.01,0.93,0,1.29,2024-01-06,5,Saturday,192.14,Not Converted
2024-01-06 05:15:00,user_872,Login,Desktop,South America,149.1,0.53,0,3.26,2024-01-06,5,Saturday,35.0,Not Converted
2024-01-06 05:30:00,user_686,Login,Desktop,Africa,107.17,0.75,1,5.67,2024-01-06,5,Saturday,16.07,Converted
2024-01-06 05:45:00,user_792,Search,Desktop,Africa,320.25,0.44,0,3.12,2024-01-06,5,Saturday,77.73,Not Converted
2024-01-06 06:00:00,user_626,Checkout,Mobile,Europe,177.54,0.49,0,2.6,2024-01-06,6,Saturday,49.32,Not Converted
2024-01-06 06:15:00,user_288,Checkout,Tablet,Europe,379.2,0.2,0,5.51,2024-01-06,6,Saturday,58.25,Not Converted
2024-01-06 06:30:00,user_943,Product,Desktop,South America,75.17,0.37,0,2.11,2024-01-06,6,Saturday,24.17,Not Converted
2024-01-06 06:45:00,user_854,Login,Desktop,North America,394.69,0.63,0,8.1,2024-01-06,6,Saturday,43.37,Not Converted
2024-01-06 07:00:00,user_663,Profile,Mobile,Asia,173.56,0.02,0,5.1,2024-01-06,7,Saturday,28.45,Not Converted
2024-01-06 07:15:00,user_962,Search,Mobile,Europe,5.14,0.72,0,5.95,2024-01-06,7,Saturday,0.74,Not Converted
2024-01-06 07:30:00,user_639,Search,Unknown,Europe,80.53,0.84,0,1.9,2024-01-06,7,Saturday,27.77,Not Converted
2024-01-06 07:45:00,user_155,Help,Mobile,North America,560.5,0.4,0,3.58,2024-01-06,7,Saturday,122.38,Not Converted
2024-01-06 08:00:00,user_490,Checkout,Tablet,North America,521.08,0.45,0,4.4,2024-01-06,8,Saturday,96.5,Not Converted
2024-01-06 08:15:00,user_386,Login,Desktop,Africa,144.0,0.85,0,8.18,2024-01-06,8,Saturday,15.69,Not Converted
2024-01-06 08:30:00,user_986,Product,Desktop,Asia,468.13,0.78,0,7.82,2024-01-06,8,Saturday,53.08,Not Converted
2024-01-06 08:45:00,user_785,Login,Tablet,North America,367.1,0.29,0,2.62,2024-01-06,8,Saturday,101.41,Not Converted
2024-01-06 09:00:00,user_104,Help,Mobile,Europe,582.69,0.32,0,6.35,2024-01-06,9,Saturday,79.28,Not Converted
2024-01-06 09:15:00,user_929,Home,Tablet,Europe,227.3,0.68,0,2.81,2024-01-06,9,Saturday,59.66,Not Converted
2024-01-06 09:30:00,user_393,Login,Mobile,South America,410.47,0.56,0,9.89,2024-01-06,9,Saturday,37.69,Not Converted
2024-01-06 09:45:00,user_811,Help,Desktop,North America,294.4,0.16,0,9.55,2024-01-06,9,Saturday,27.91,Not Converted
2024-01-06 10:00:00,user_246,Home,Mobile,Africa,240.77,0.31,0,5.85,2024-01-06,10,Saturday,35.15,Not Converted
2024-01-06 10:15:00,user_176,Home,Tablet,Asia,578.47,0.9,0,7.14,2024-01-06,10,Saturday,71.07,Not Converted
2024-01-06 10:30:00,user_39,Product,Tablet,Africa,325.69,0.69,0,8.11,2024-01-06,10,Saturday,35.75,Not Converted
2024-01-06 10:45:00,user_477,Profile,Desktop,Europe,176.29,0.99,0,7.35,2024-01-06,10,Saturday,21.11,Not Converted
2024-01-06 11:00:00,user_682,Checkout,Mobile,Africa,76.56,0.77,0,7.15,2024-01-06,11,Saturday,9.39,Not Converted
2024-01-06 11:15:00,user_759,Login,Mobile,Europe,423.6,0.94,0,9.61,2024-01-06,11,Saturday,39.92,Not Converted
2024-01-06 11:30:00,user_538,Home,Mobile,Europe,388.69,0.22,0,6.17,2024-01-06,11,Saturday,54.21,Not Converted
2024-01-06 11:45:00,user_867,Login,Desktop,Europe,227.49,0.77,0,6.54,2024-01-06,11,Saturday,30.17,Not Converted
2024-01-06 12:00:00,user_818,Profile,Mobile,Europe,570.81,0.02,0,8.57,2024-01-06,12,Saturday,59.65,Not Converted
2024-01-06 12:15:00,user_921,Checkout,Tablet,Europe,18.21,0.67,0,5.46,2024-01-06,12,Saturday,2.82,Not Converted
2024-01-06 12:30:00,user_408,Profile,Mobile,South America,185.72,0.47,0,7.46,2024-01-06,12,Saturday,21.95,Not Converted
2024-01-06 12:45:00,user_525,Checkout,Desktop,Africa,553.04,0.35,0,2.72,2024-01-06,12,Saturday,148.67,Not Converted
2024-01-06 13:00:00,user_828,Search,Mobile,South America,195.96,0.86,0,4.03,2024-01-06,13,Saturday,38.96,Not Converted
2024-01-06 13:15:00,user_506,Checkout,Mobile,South America,155.09,0.85,0,1.9,2024-01-06,13,Saturday,53.48,Not Converted
2024-01-06 13:30:00,user_903,Product,Tablet,North America,322.86,0.02,0,5.3,2024-01-06,13,Saturday,51.25,Not Converted
2024-01-06 13:45:00,user_825,Profile,Mobile,North America,495.16,0.61,0,4.83,2024-01-06,13,Saturday,84.93,Not Converted
2024-01-06 14:00:00,user_36,Home,Tablet,North America,66.37,0.37,0,9.97,2024-01-06,14,Saturday,6.05,Not Converted
2024-01-06 14:15:00,user_685,Search,Tablet,Asia,566.1,0.42,0,6.31,2024-01-06,14,Saturday,77.44,Not Converted
2024-01-06 14:30:00,user_20,Product,Desktop,North America,478.07,0.83,0,7.97,2024-01-06,14,Saturday,53.3,Not Converted
2024-01-06 14:45:00,user_321,Login,Tablet,Africa,112.84,0.31,0,3.67,2024-01-06,14,Saturday,24.16,Not Converted
2024-01-06 15:00:00,user_776,Profile,Tablet,South America,428.64,0.94,0,8.4,2024-01-06,15,Saturday,45.6,Not Converted
2024-01-06 15:15:00,user_512,Help,Desktop,Africa,234.05,0.18,0,6.34,2024-01-06,15,Saturday,31.89,Not Converted
2024-01-06 15:30:00,user_400,Help,Tablet,North America,294.4,0.66,0,5.46,2024-01-06,15,Saturday,45.57,Not Converted
2024-01-06 15:45:00,user_654,Home,Desktop,Asia,471.06,0.67,0,3.3,2024-01-06,15,Saturday,109.55,Not Converted
2024-01-06 16:00:00,user_972,Checkout,Mobile,Asia,577.86,0.25,0,5.71,2024-01-06,16,Saturday,86.12,Not Converted
2024-01-06 16:15:00,user_883,Home,Desktop,South America,80.36,0.32,0,6.52,2024-01-06,16,Saturday,10.69,Not Converted
2024-01-06 16:30:00,user_471,Help,Tablet,Africa,255.27,0.83,0,6.1,2024-01-06,16,Saturday,35.95,Not Converted
2024-01-06 16:45:00,user_143,Login,Desktop,Europe,291.16,0.76,0,9.19,2024-01-06,16,Saturday,28.57,Not Converted
2024-01-06 17:00:00,user_92,Search,Tablet,Africa,228.91,0.33,0,9.03,2024-01-06,17,Saturday,22.82,Not Converted
2024-01-06 17:15:00,user_354,Search,Mobile,North America,221.1,0.53,0,9.72,2024-01-06,17,Saturday,20.62,Not Converted
2024-01-06 17:30:00,user_834,Profile,Desktop,Europe,36.1,0.06,0,6.84,2024-01-06,17,Saturday,4.6,Not Converted
2024-01-06 17:45:00,user_800,Search,Mobile,Asia,412.9,0.21,0,9.73,2024-01-06,17,Saturday,38.48,Not Converted
2024-01-06 18:00:00,user_727,Profile,Tablet,South America,264.55,0.49,0,8.41,2024-01-06,18,Saturday,28.11,Not Converted
2024-01-06 18:15:00,user_959,Profile,Tablet,South America,120.9,0.09,0,3.07,2024-01-06,18,Saturday,29.71,Not Converted
2024-01-06 18:30:00,user_854,Profile,Mobile,Asia,490.54,0.84,0,4.56,2024-01-06,18,Saturday,88.23,Not Converted
2024-01-06 18:45:00,user_51,Help,Desktop,North America,482.52,0.72,0,2.76,2024-01-06,18,Saturday,128.33,Not Converted
2024-01-06 19:00:00,user_665,Help,Desktop,Asia,294.4,0.49,0,0.54,2024-01-06,19,Saturday,191.17,Not Converted
2024-01-06 19:15:00,user_698,Checkout,Tablet,North America,182.58,0.69,0,2.29,2024-01-06,19,Saturday,55.5,Not Converted
2024-01-06 19:30:00,user_575,Product,Mobile,Europe,384.67,0.94,1,0.54,2024-01-06,19,Saturday,249.79,Converted
2024-01-06 19:45:00,user_190,Profile,Mobile,Asia,176.45,0.55,0,7.34,2024-01-06,19,Saturday,21.16,Not Converted
2024-01-06 20:00:00,user_125,Profile,Desktop,North America,145.42,0.6,0,4.54,2024-01-06,20,Saturday,26.25,Not Converted
2024-01-06 20:15:00,user_150,Product,Desktop,Europe,439.66,0.98,0,3.47,2024-01-06,20,Saturday,98.36,Not Converted
2024-01-06 20:30:00,user_314,Home,Desktop,Asia,28.99,0.64,0,7.74,2024-01-06,20,Saturday,3.32,Not Converted
2024-01-06 20:45:00,user_570,Profile,Mobile,South America,61.39,0.03,0,8.41,2024-01-06,20,Saturday,6.52,Not Converted
2024-01-06 21:00:00,user_342,Checkout,Desktop,Asia,9.04,0.72,0,9.77,2024-01-06,21,Saturday,0.84,Not Converted
2024-01-06 21:15:00,user_305,Search,Desktop,Africa,96.0,0.91,0,6.6,2024-01-06,21,Saturday,12.63,Not Converted
2024-01-06 21:30:00,user_692,Search,Tablet,Asia,46.05,0.8,0,4.88,2024-01-06,21,Saturday,7.83,Not Converted
2024-01-06 21:45:00,user_682,Login,Desktop,Africa,597.5,0.58,0,3.4,2024-01-06,21,Saturday,135.8,Not Converted
2024-01-06 22:00:00,user_838,Login,Desktop,Europe,176.84,0.67,0,5.46,2024-01-06,22,Saturday,27.37,Not Converted
2024-01-06 22:15:00,user_783,Search,Mobile,Asia,93.81,0.99,0,2.52,2024-01-06,22,Saturday,26.65,Not Converted
2024-01-06 22:30:00,user_54,Search,Unknown,Europe,148.39,0.09,0,4.39,2024-01-06,22,Saturday,27.53,Not Converted
2024-01-06 22:45:00,user_444,Help,Tablet,Europe,561.99,0.67,1,9.92,2024-01-06,22,Saturday,51.46,Converted
2024-01-06 23:00:00,user_613,Checkout,Desktop,North America,314.5,0.28,0,0.51,2024-01-06,23,Saturday,208.28,Not Converted
2024-01-06 23:15:00,user_993,Product,Tablet,Europe,222.07,0.64,0,2.37,2024-01-06,23,Saturday,65.9,Not Converted
2024-01-06 23:30:00,user_264,Login,Mobile,Europe,524.67,0.61,0,2.29,2024-01-06,23,Saturday,159.47,Not Converted
2024-01-06 23:45:00,user_53,Help,Tablet,Asia,294.4,0.15,0,7.31,2024-01-06,23,Saturday,35.43,Not Converted
2024-01-07 00:00:00,user_572,Help,Mobile,Asia,204.33,0.49,0,3.85,2024-01-07,0,Sunday,42.13,Not Converted
2024-01-07 00:15:00,user_620,Product,Tablet,South America,128.33,0.62,0,4.84,2024-01-07,0,Sunday,21.97,Not Converted
2024-01-07 00:30:00,user_5,Help,Tablet,North America,229.79,0.13,0,1.91,2024-01-07,0,Sunday,78.97,Not Converted
2024-01-07 00:45:00,user_103,Checkout,Desktop,Europe,193.43,0.27,0,4.35,2024-01-07,0,Sunday,36.16,Not Converted
2024-01-07 01:00:00,user_196,Search,Tablet,North America,408.0,0.84,0,1.48,2024-01-07,1,Sunday,164.52,Not Converted
2024-01-07 01:15:00,user_774,Profile,Desktop,Africa,177.3,0.33,0,5.56,2024-01-07,1,Sunday,27.03,Not Converted
2024-01-07 01:30:00,user_877,Product,Unknown,Europe,294.4,0.49,0,1.43,2024-01-07,1,Sunday,121.15,Not Converted
2024-01-07 01:45:00,user_992,Search,Desktop,North America,44.21,0.94,0,8.01,2024-01-07,1,Sunday,4.91,Not Converted
2024-01-07 02:00:00,user_884,Search,Desktop,South America,118.82,0.23,0,5.88,2024-01-07,2,Sunday,17.27,Not Converted
2024-01-07 02:15:00,user_350,Home,Tablet,South America,247.41,0.39,0,7.38,2024-01-07,2,Sunday,29.52,Not Converted
2024-01-07 02:30:00,user_47,Product,Mobile,Europe,562.48,0.61,0,4.48,2024-01-07,2,Sunday,102.64,Not Converted
2024-01-07 02:45:00,user_867,Help,Mobile,Africa,229.46,0.76,0,4.12,2024-01-07,2,Sunday,44.82,Not Converted
2024-01-07 03:00:00,user_823,Profile,Mobile,South America,400.12,0.9,0,1.43,2024-01-07,3,Sunday,164.66,Not Converted
2024-01-07 03:15:00,user_936,Product,Tablet,South America,156.78,0.92,0,5.48,2024-01-07,3,Sunday,24.19,Not Converted
2024-01-07 03:30:00,user_820,Help,Desktop,Africa,80.58,0.78,0,5.39,2024-01-07,3,Sunday,12.61,Not Converted
2024-01-07 03:45:00,user_656,Search,Mobile,North America,39.83,0.23,0,4.95,2024-01-07,3,Sunday,6.69,Not Converted
2024-01-07 04:00:00,user_269,Profile,Tablet,South America,186.72,0.02,1,7.53,2024-01-07,4,Sunday,21.89,Converted
2024-01-07 04:15:00,user_370,Help,Desktop,Asia,98.81,0.38,0,8.41,2024-01-07,4,Sunday,10.5,Not Converted
2024-01-07 04:30:00,user_636,Checkout,Mobile,South America,108.54,0.14,0,7.63,2024-01-07,4,Sunday,12.58,Not Converted
2024-01-07 04:45:00,user_106,Help,Desktop,North America,457.65,0.71,1,1.87,2024-01-07,4,Sunday,159.46,Converted
2024-01-07 05:00:00,user_670,Home,Mobile,North America,14.42,0.66,0,6.41,2024-01-07,5,Sunday,1.95,Not Converted
2024-01-07 05:15:00,user_659,Search,Mobile,Europe,336.9,0.04,0,1.26,2024-01-07,5,Sunday,149.07,Not Converted
2024-01-07 05:30:00,user_657,Help,Mobile,Asia,230.78,0.84,0,7.1,2024-01-07,5,Sunday,28.49,Not Converted
2024-01-07 05:45:00,user_120,Login,Desktop,North America,294.4,0.25,0,4.13,2024-01-07,5,Sunday,57.39,Not Converted
2024-01-07 06:00:00,user_831,Login,Tablet,Africa,339.88,0.43,0,1.76,2024-01-07,6,Sunday,123.14,Not Converted
2024-01-07 06:15:00,user_787,Home,Desktop,Asia,294.4,0.67,0,8.69,2024-01-07,6,Sunday,30.38,Not Converted
2024-01-07 06:30:00,user_604,Checkout,Mobile,Asia,180.59,0.43,0,6.33,2024-01-07,6,Sunday,24.64,Not Converted
2024-01-07 06:45:00,user_58,Search,Desktop,Africa,441.37,0.44,0,3.87,2024-01-07,6,Sunday,90.63,Not Converted
2024-01-07 07:00:00,user_951,Product,Tablet,South America,523.41,0.07,0,0.79,2024-01-07,7,Sunday,292.41,Not Converted
2024-01-07 07:15:00,user_346,Home,Desktop,Africa,119.59,0.4,1,5.6,2024-01-07,7,Sunday,18.12,Converted
2024-01-07 07:30:00,user_741,Checkout,Tablet,Africa,294.4,0.76,0,9.27,2024-01-07,7,Sunday,28.67,Not Converted
2024-01-07 07:45:00,user_474,Product,Tablet,South America,539.19,0.92,0,6.17,2024-01-07,7,Sunday,75.2,Not Converted
2024-01-07 08:00:00,user_117,Login,Desktop,South America,213.19,0.41,0,9.73,2024-01-07,8,Sunday,19.87,Not Converted
2024-01-07 08:15:00,user_830,Login,Mobile,South America,333.03,0.42,0,1.8,2024-01-07,8,Sunday,118.94,Not Converted
2024-01-07 08:30:00,user_791,Product,Tablet,South America,218.93,0.7,0,5.9,2024-01-07,8,Sunday,31.73,Not Converted
2024-01-07 08:45:00,user_127,Home,Desktop,South America,79.85,0.94,0,8.08,2024-01-07,8,Sunday,8.79,Not Converted
2024-01-07 09:00:00,user_393,Login,Tablet,Africa,355.65,0.27,0,5.49,2024-01-07,9,Sunday,54.8,Not Converted
2024-01-07 09:15:00,user_908,Search,Mobile,Europe,317.46,0.44,0,1.37,2024-01-07,9,Sunday,133.95,Not Converted
2024-01-07 09:30:00,user_641,Profile,Desktop,Europe,125.78,0.8,0,6.04,2024-01-07,9,Sunday,17.87,Not Converted
2024-01-07 09:45:00,user_58,Help,Desktop,North America,273.86,0.61,0,5.46,2024-01-07,9,Sunday,42.39,Not Converted
2024-01-07 10:00:00,user_634,Product,Desktop,Europe,479.18,0.11,0,5.46,2024-01-07,10,Sunday,74.18,Not Converted
2024-01-07 10:15:00,user_513,Product,Mobile,Europe,356.3,0.63,0,7.73,2024-01-07,10,Sunday,40.81,Not Converted
2024-01-07 10:30:00,user_751,Login,Tablet,Africa,62.67,0.49,1,7.82,2024-01-07,10,Sunday,7.11,Converted
2024-01-07 10:45:00,user_802,Home,Unknown,South America,331.07,0.51,1,6.8,2024-01-07,10,Sunday,42.44,Converted
2024-01-07 11:00:00,user_96,Search,Tablet,South America,423.13,0.53,1,2.55,2024-01-07,11,Sunday,119.19,Converted
2024-01-07 11:15:00,user_638,Home,Tablet,Africa,476.66,0.88,0,4.34,2024-01-07,11,Sunday,89.26,Not Converted
2024-01-07 11:30:00,user_118,Checkout,Mobile,Europe,379.32,0.46,0,7.87,2024-01-07,11,Sunday,42.76,Not Converted
2024-01-07 11:45:00,user_560,Checkout,Desktop,Africa,95.83,0.28,0,9.56,2024-01-07,11,Sunday,9.07,Not Converted
2024-01-07 12:00:00,user_601,Profile,Tablet,North America,427.55,0.23,0,1.25,2024-01-07,12,Sunday,190.02,Not Converted
2024-01-07 12:15:00,user_488,Login,Desktop,South America,408.02,0.87,0,5.59,2024-01-07,12,Sunday,61.92,Not Converted
2024-01-07 12:30:00,user_237,Login,Desktop,Asia,19.53,0.17,0,3.47,2024-01-07,12,Sunday,4.37,Not Converted
2024-01-07 12:45:00,user_885,Login,Mobile,North America,249.99,0.43,0,2.64,2024-01-07,12,Sunday,68.68,Not Converted
2024-01-07 13:00:00,user_897,Profile,Desktop,North America,203.11,0.19,0,5.31,2024-01-07,13,Sunday,32.19,Not Converted
2024-01-07 13:15:00,user_272,Checkout,Desktop,Africa,403.3,0.77,0,6.26,2024-01-07,13,Sunday,55.55,Not Converted
2024-01-07 13:30:00,user_189,Home,Tablet,Europe,133.6,0.47,0,0.59,2024-01-07,13,Sunday,84.03,Not Converted
2024-01-07 13:45:00,user_999,Profile,Mobile,South America,356.57,0.35,0,7.91,2024-01-07,13,Sunday,40.02,Not Converted
2024-01-07 14:00:00,user_704,Profile,Desktop,Asia,548.36,0.36,0,8.29,2024-01-07,14,Sunday,59.03,Not Converted
2024-01-07 14:15:00,user_447,Home,Unknown,North America,479.69,0.85,1,9.67,2024-01-07,14,Sunday,44.96,Converted
2024-01-07 14:30:00,user_581,Login,Mobile,Asia,553.27,0.55,0,2.22,2024-01-07,14,Sunday,171.82,Not Converted
2024-01-07 14:45:00,user_790,Search,Mobile,Europe,587.21,0.72,0,6.15,2024-01-07,14,Sunday,82.13,Not Converted
2024-01-07 15:00:00,user_861,Home,Tablet,Europe,11.35,0.9,0,4.55,2024-01-07,15,Sunday,2.05,Not Converted
2024-01-07 15:15:00,user_247,Checkout,Tablet,Asia,375.53,0.9,0,3.68,2024-01-07,15,Sunday,80.24,Not Converted
2024-01-07 15:30:00,user_963,Product,Tablet,South America,250.64,0.33,0,5.87,2024-01-07,15,Sunday,36.48,Not Converted
2024-01-07 15:45:00,user_76,Product,Unknown,Europe,516.61,0.95,1,7.93,2024-01-07,15,Sunday,57.85,Converted
2024-01-07 16:00:00,user_154,Help,Tablet,Asia,154.83,0.02,0,0.72,2024-01-07,16,Sunday,90.02,Not Converted
2024-01-07 16:15:00,user_656,Help,Desktop,North America,588.71,0.49,1,9.71,2024-01-07,16,Sunday,54.97,Converted
2024-01-07 16:30:00,user_435,Profile,Desktop,Asia,294.4,0.9,0,8.19,2024-01-07,16,Sunday,32.03,Not Converted
2024-01-07 16:45:00,user_997,Product,Mobile,Asia,477.15,0.27,0,7.64,2024-01-07,16,Sunday,55.23,Not Converted
2024-01-07 17:00:00,user_86,Search,Desktop,Africa,55.93,0.27,0,7.72,2024-01-07,17,Sunday,6.41,Not Converted
2024-01-07 17:15:00,user_697,Login,Desktop,Europe,114.16,0.3,0,4.2,2024-01-07,17,Sunday,21.95,Not Converted
2024-01-07 17:30:00,user_285,Checkout,Desktop,South America,456.25,0.61,0,7.64,2024-01-07,17,Sunday,52.81,Not Converted
2024-01-07 17:45:00,user_974,Help,Tablet,South America,18.08,0.49,0,4.17,2024-01-07,17,Sunday,3.5,Not Converted
2024-01-07 18:00:00,user_220,Search,Mobile,Africa,491.04,0.73,0,9.04,2024-01-07,18,Sunday,48.91,Not Converted
2024-01-07 18:15:00,user_69,Checkout,Mobile,South America,294.4,0.89,0,2.18,2024-01-07,18,Sunday,92.58,Not Converted
2024-01-07 18:30:00,user_47,Checkout,Mobile,Asia,395.99,0.67,1,3.28,2024-01-07,18,Sunday,92.52,Converted
2024-01-07 18:45:00,user_94,Login,Mobile,Africa,222.23,0.2,0,5.74,2024-01-07,18,Sunday,32.97,Not Converted
2024-01-07 19:00:00,user_750,Profile,Desktop,North America,368.84,0.93,0,3.53,2024-01-07,19,Sunday,81.42,Not Converted
2024-01-07 19:15:00,user_958,Product,Desktop,Europe,419.14,0.26,0,4.53,2024-01-07,19,Sunday,75.79,Not Converted
2024-01-07 19:30:00,user_453,Login,Tablet,Europe,208.77,0.15,0,5.18,2024-01-07,19,Sunday,33.78,Not Converted
2024-01-07 19:45:00,user_204,Search,Mobile,Europe,69.24,0.49,0,8.64,2024-01-07,19,Sunday,7.18,Not Converted
2024-01-07 20:00:00,user_912,Profile,Desktop,Asia,46.44,0.56,0,5.47,2024-01-07,20,Sunday,7.18,Not Converted
2024-01-07 20:15:00,user_218,Search,Desktop,North America,355.42,0.11,0,3.94,2024-01-07,20,Sunday,71.95,Not Converted
2024-01-07 20:30:00,user_474,Profile,Unknown,Africa,314.79,0.14,0,2.85,2024-01-07,20,Sunday,81.76,Not Converted
2024-01-07 20:45:00,user_432,Help,Tablet,Africa,446.61,0.3,0,4.38,2024-01-07,20,Sunday,83.01,Not Converted
2024-01-07 21:00:00,user_341,Search,Tablet,Europe,308.29,0.28,0,5.4,2024-01-07,21,Sunday,48.17,Not Converted
2024-01-07 21:15:00,user_551,Login,Desktop,North America,256.36,0.49,0,7.59,2024-01-07,21,Sunday,29.84,Not Converted
2024-01-07 21:30:00,user_612,Profile,Desktop,North America,241.86,0.82,0,1.65,2024-01-07,21,Sunday,91.27,Not Converted
2024-01-07 21:45:00,user_289,Profile,Tablet,North America,20.74,0.76,0,2.61,2024-01-07,21,Sunday,5.75,Not Converted
2024-01-07 22:00:00,user_254,Checkout,Mobile,South America,204.66,0.26,0,4.11,2024-01-07,22,Sunday,40.05,Not Converted
2024-01-07 22:15:00,user_734,Checkout,Tablet,South America,585.73,0.25,0,3.92,2024-01-07,22,Sunday,119.05,Not Converted
2024-01-07 22:30:00,user_357,Home,Tablet,Europe,524.77,0.97,0,4.22,2024-01-07,22,Sunday,100.53,Not Converted
2024-01-07 22:45:00,user_23,Search,Tablet,North America,200.98,0.01,0,8.04,2024-01-07,22,Sunday,22.23,Not Converted
2024-01-07 23:00:00,user_762,Checkout,Tablet,North America,294.4,0.88,0,3.58,2024-01-07,23,Sunday,64.28,Not Converted
2024-01-07 23:15:00,user_522,Home,Desktop,Africa,509.14,0.2,0,5.27,2024-01-07,23,Sunday,81.2,Not Converted
2024-01-07 23:30:00,user_758,Help,Mobile,Africa,267.56,0.95,0,6.43,2024-01-07,23,Sunday,36.01,Not Converted
2024-01-07 23:45:00,user_837,Help,Tablet,Europe,15.68,0.34,0,2.71,2024-01-07,23,Sunday,4.23,Not Converted
2024-01-08 00:00:00,user_100,Checkout,Mobile,North America,49.33,0.44,0,7.33,2024-01-08,0,Monday,5.92,Not Converted
2024-01-08 00:15:00,user_802,Search,Unknown,Europe,308.68,0.71,0,5.7,2024-01-08,0,Monday,46.07,Not Converted
2024-01-08 00:30:00,user_180,Profile,Mobile,Africa,581.82,0.59,0,4.74,2024-01-08,0,Monday,101.36,Not Converted
2024-01-08 00:45:00,user_223,Product,Tablet,Africa,417.46,0.32,0,8.19,2024-01-08,0,Monday,45.43,Not Converted
2024-01-08 01:00:00,user_906,Search,Desktop,South America,47.2,0.55,0,2.81,2024-01-08,1,Monday,12.39,Not Converted
2024-01-08 01:15:00,user_762,Login,Tablet,Europe,117.67,0.73,0,8.89,2024-01-08,1,Monday,11.9,Not Converted
2024-01-08 01:30:00,user_659,Help,Mobile,Europe,463.94,0.04,0,5.83,2024-01-08,1,Monday,67.93,Not Converted
2024-01-08 01:45:00,user_442,Checkout,Mobile,North America,505.66,0.01,0,6.29,2024-01-08,1,Monday,69.36,Not Converted
2024-01-08 02:00:00,user_608,Checkout,Desktop,North America,372.53,0.46,0,8.81,2024-01-08,2,Monday,37.97,Not Converted
2024-01-08 02:15:00,user_769,Profile,Tablet,South America,388.43,0.13,0,8.27,2024-01-08,2,Monday,41.9,Not Converted
2024-01-08 02:30:00,user_325,Login,Mobile,Asia,21.86,0.66,0,6.21,2024-01-08,2,Monday,3.03,Not Converted
2024-01-08 02:45:00,user_516,Profile,Unknown,Asia,497.98,0.21,0,7.66,2024-01-08,2,Monday,57.5,Not Converted
2024-01-08 03:00:00,user_16,Login,Mobile,Asia,474.02,0.49,0,4.62,2024-01-08,3,Monday,84.35,Not Converted
2024-01-08 03:15:00,user_792,Product,Desktop,Europe,294.4,0.49,0,5.7,2024-01-08,3,Monday,43.94,Not Converted
2024-01-08 03:30:00,user_336,Help,Desktop,Europe,426.66,0.55,0,1.09,2024-01-08,3,Monday,204.14,Not Converted
2024-01-08 03:45:00,user_759,Checkout,Tablet,Africa,132.84,0.12,0,1.35,2024-01-08,3,Monday,56.53,Not Converted
2024-01-08 04:00:00,user_258,Checkout,Mobile,Europe,29.0,0.02,0,8.38,2024-01-08,4,Monday,3.09,Not Converted
2024-01-08 04:15:00,user_497,Product,Tablet,Europe,124.68,0.05,0,1.07,2024-01-08,4,Monday,60.23,Not Converted
2024-01-08 04:30:00,user_988,Home,Mobile,Europe,111.28,0.95,0,2.11,2024-01-08,4,Monday,35.78,Not Converted
2024-01-08 04:45:00,user_896,Help,Tablet,South America,205.96,0.14,0,8.06,2024-01-08,4,Monday,22.73,Not Converted
2024-01-08 05:00:00,user_160,Profile,Mobile,Europe,253.98,0.71,0,0.51,2024-01-08,5,Monday,168.2,Not Converted
2024-01-08 05:15:00,user_475,Product,Tablet,North America,307.58,0.07,0,3.18,2024-01-08,5,Monday,73.58,Not Converted
2024-01-08 05:30:00,user_852,Profile,Desktop,North America,288.67,0.11,0,6.05,2024-01-08,5,Monday,40.95,Not Converted
2024-01-08 05:45:00,user_664,Search,Unknown,Africa,166.05,0.51,0,6.16,2024-01-08,5,Monday,23.19,Not Converted
2024-01-08 06:00:00,user_908,Checkout,Mobile,South America,22.36,0.46,0,7.88,2024-01-08,6,Monday,2.52,Not Converted
2024-01-08 06:15:00,user_690,Profile,Desktop,North America,365.04,0.95,0,5.31,2024-01-08,6,Monday,57.85,Not Converted
2024-01-08 06:30:00,user_675,Login,Tablet,South America,240.47,0.94,0,5.34,2024-01-08,6,Monday,37.93,Not Converted
2024-01-08 06:45:00,user_380,Profile,Mobile,South America,182.71,0.78,0,7.39,2024-01-08,6,Monday,21.78,Not Converted
2024-01-08 07:00:00,user_545,Search,Mobile,Africa,520.83,0.6,0,5.24,2024-01-08,7,Monday,83.47,Not Converted
2024-01-08 07:15:00,user_929,Help,Tablet,South America,449.31,0.45,0,6.28,2024-01-08,7,Monday,61.72,Not Converted
2024-01-08 07:30:00,user_957,Checkout,Desktop,Europe,515.37,0.36,0,9.03,2024-01-08,7,Monday,51.38,Not Converted
2024-01-08 07:45:00,user_691,Product,Tablet,South America,299.51,0.95,0,4.31,2024-01-08,7,Monday,56.4,Not Converted
2024-01-08 08:00:00,user_427,Search,Tablet,Africa,82.9,0.6,0,4.16,2024-01-08,8,Monday,16.07,Not Converted
2024-01-08 08:15:00,user_613,Checkout,Tablet,Africa,419.25,0.58,0,0.53,2024-01-08,8,Monday,274.02,Not Converted
2024-01-08 08:30:00,user_268,Profile,Mobile,Africa,127.61,0.23,0,6.33,2024-01-08,8,Monday,17.41,Not Converted
2024-01-08 08:45:00,user_835,Help,Unknown,North America,267.53,0.05,0,0.78,2024-01-08,8,Monday,150.3,Not Converted
2024-01-08 09:00:00,user_577,Home,Desktop,Europe,43.68,0.49,1,5.46,2024-01-08,9,Monday,6.76,Converted
2024-01-08 09:15:00,user_417,Help,Tablet,North America,496.06,0.31,0,8.14,2024-01-08,9,Monday,54.27,Not Converted
2024-01-08 09:30:00,user_168,Home,Mobile,Asia,79.93,0.44,0,5.72,2024-01-08,9,Monday,11.89,Not Converted
2024-01-08 09:45:00,user_842,Login,Tablet,Europe,542.34,0.11,0,3.06,2024-01-08,9,Monday,133.58,Not Converted
2024-01-08 10:00:00,user_43,Help,Mobile,South America,519.22,0.84,0,7.97,2024-01-08,10,Monday,57.88,Not Converted
2024-01-08 10:15:00,user_556,Checkout,Mobile,Africa,281.43,0.03,0,3.06,2024-01-08,10,Monday,69.32,Not Converted
2024-01-08 10:30:00,user_285,Home,Mobile,Asia,447.9,0.83,0,7.46,2024-01-08,10,Monday,52.94,Not Converted
2024-01-08 10:45:00,user_397,Product,Mobile,Europe,373.57,0.14,0,6.3,2024-01-08,10,Monday,51.17,Not Converted
2024-01-08 11:00:00,user_12,Checkout,Desktop,North America,482.83,1.0,0,2.11,2024-01-08,11,Monday,155.25,Not Converted
2024-01-08 11:15:00,user_607,Product,Mobile,Africa,261.92,0.73,0,9.1,2024-01-08,11,Monday,25.93,Not Converted
2024-01-08 11:30:00,user_302,Help,Mobile,North America,472.56,0.16,0,2.41,2024-01-08,11,Monday,138.58,Not Converted
2024-01-08 11:45:00,user_898,Product,Tablet,Europe,280.16,0.57,1,9.9,2024-01-08,11,Monday,25.7,Converted
2024-01-08 12:00:00,user_253,Home,Tablet,Europe,564.87,0.31,0,0.57,2024-01-08,12,Monday,359.79,Not Converted
2024-01-08 12:15:00,user_499,Checkout,Unknown,Asia,294.39,0.18,1,3.0,2024-01-08,12,Monday,73.6,Converted
2024-01-08 12:30:00,user_754,Profile,Tablet,South America,280.26,0.86,0,2.4,2024-01-08,12,Monday,82.43,Not Converted
2024-01-08 12:45:00,user_35,Search,Mobile,North America,472.12,0.4,0,0.63,2024-01-08,12,Monday,289.64,Not Converted
2024-01-08 13:00:00,user_727,Home,Tablet,Asia,493.84,0.4,0,7.46,2024-01-08,13,Monday,58.37,Not Converted
2024-01-08 13:15:00,user_849,Home,Desktop,Africa,334.92,0.17,0,7.09,2024-01-08,13,Monday,41.4,Not Converted
2024-01-08 13:30:00,user_90,Profile,Tablet,South America,111.98,0.38,0,8.03,2024-01-08,13,Monday,12.4,Not Converted
2024-01-08 13:45:00,user_776,Checkout,Tablet,Asia,283.32,0.87,1,2.94,2024-01-08,13,Monday,71.91,Converted
2024-01-08 14:00:00,user_605,Checkout,Desktop,North America,294.4,0.36,1,4.72,2024-01-08,14,Monday,51.47,Converted
2024-01-08 14:15:00,user_922,Help,Desktop,Europe,453.03,0.95,0,6.76,2024-01-08,14,Monday,58.38,Not Converted
2024-01-08 14:30:00,user_970,Product,Unknown,Africa,487.64,0.95,0,4.68,2024-01-08,14,Monday,85.85,Not Converted
2024-01-08 14:45:00,user_602,Help,Tablet,North America,24.53,0.14,0,7.12,2024-01-08,14,Monday,3.02,Not Converted
2024-01-08 15:00:00,user_418,Profile,Mobile,South America,294.4,0.18,0,6.52,2024-01-08,15,Monday,39.15,Not Converted
2024-01-08 15:15:00,user_115,Help,Tablet,South America,294.4,0.86,0,1.59,2024-01-08,15,Monday,113.67,Not Converted
2024-01-08 15:30:00,user_617,Profile,Tablet,Europe,498.87,0.39,0,7.92,2024-01-08,15,Monday,55.93,Not Converted
2024-01-08 15:45:00,user_903,Checkout,Mobile,Europe,34.32,0.0,0,7.35,2024-01-08,15,Monday,4.11,Not Converted
2024-01-08 16:00:00,user_196,Product,Tablet,Africa,294.4,0.27,0,6.73,2024-01-08,16,Monday,38.09,Not Converted
2024-01-08 16:15:00,user_826,Help,Tablet,Africa,331.3,0.6,0,1.97,2024-01-08,16,Monday,111.55,Not Converted
2024-01-08 16:30:00,user_501,Home,Tablet,Europe,122.4,0.8,0,3.05,2024-01-08,16,Monday,30.22,Not Converted
2024-01-08 16:45:00,user_626,Login,Desktop,Europe,193.77,0.13,0,4.24,2024-01-08,16,Monday,36.98,Not Converted
2024-01-08 17:00:00,user_493,Search,Mobile,South America,172.75,0.11,1,3.16,2024-01-08,17,Monday,41.53,Converted
2024-01-08 17:15:00,user_75,Home,Desktop,Europe,320.86,0.92,0,2.66,2024-01-08,17,Monday,87.67,Not Converted
2024-01-08 17:30:00,user_413,Checkout,Mobile,Asia,35.75,0.75,0,8.15,2024-01-08,17,Monday,3.91,Not Converted
2024-01-08 17:45:00,user_376,Search,Mobile,North America,99.33,0.59,0,6.56,2024-01-08,17,Monday,13.14,Not Converted
2024-01-08 18:00:00,user_420,Login,Tablet,Europe,488.55,0.77,1,5.87,2024-01-08,18,Monday,71.11,Converted
2024-01-08 18:15:00,user_729,Login,Mobile,Africa,83.9,0.43,0,2.65,2024-01-08,18,Monday,22.99,Not Converted
2024-01-08 18:30:00,user_277,Product,Desktop,Asia,143.87,0.76,0,9.22,2024-01-08,18,Monday,14.08,Not Converted
2024-01-08 18:45:00,user_761,Search,Desktop,Africa,274.76,0.37,0,2.32,2024-01-08,18,Monday,82.76,Not Converted
2024-01-08 19:00:00,user_676,Product,Desktop,Asia,312.69,0.24,0,8.05,2024-01-08,19,Monday,34.55,Not Converted
2024-01-08 19:15:00,user_394,Home,Mobile,Europe,459.35,0.49,0,9.68,2024-01-08,19,Monday,43.01,Not Converted
2024-01-08 19:30:00,user_869,Profile,Desktop,North America,271.16,0.42,1,7.41,2024-01-08,19,Monday,32.24,Converted
2024-01-08 19:45:00,user_457,Profile,Unknown,Africa,474.97,0.98,0,9.93,2024-01-08,19,Monday,43.46,Not Converted
2024-01-08 20:00:00,user_920,Profile,Desktop,Asia,372.92,0.49,1,6.68,2024-01-08,20,Monday,48.56,Converted
2024-01-08 20:15:00,user_192,Search,Desktop,South America,294.4,0.92,0,2.57,2024-01-08,20,Monday,82.46,Not Converted
2024-01-08 20:30:00,user_739,Profile,Mobile,Europe,98.02,0.93,0,2.44,2024-01-08,20,Monday,28.49,Not Converted
2024-01-08 20:45:00,user_689,Home,Desktop,North America,265.04,0.24,0,3.58,2024-01-08,20,Monday,57.87,Not Converted
2024-01-08 21:00:00,user_99,Product,Tablet,Europe,241.15,0.8,0,0.57,2024-01-08,21,Monday,153.6,Not Converted
2024-01-08 21:15:00,user_548,Search,Unknown,South America,447.41,0.43,0,6.98,2024-01-08,21,Monday,56.07,Not Converted
2024-01-08 21:30:00,user_978,Product,Mobile,North America,350.54,0.92,1,3.05,2024-01-08,21,Monday,86.55,Converted
2024-01-08 21:45:00,user_999,Search,Mobile,South America,235.94,0.45,0,8.24,2024-01-08,21,Monday,25.53,Not Converted
2024-01-08 22:00:00,user_96,Product,Tablet,Europe,106.6,0.74,0,3.91,2024-01-08,22,Monday,21.71,Not Converted
2024-01-08 22:15:00,user_664,Login,Mobile,Asia,139.97,0.47,0,5.06,2024-01-08,22,Monday,23.1,Not Converted
2024-01-08 22:30:00,user_663,Product,Desktop,Europe,347.42,0.23,0,9.67,2024-01-08,22,Monday,32.56,Not Converted
2024-01-08 22:45:00,user_190,Profile,Desktop,Europe,256.95,0.2,0,2.8,2024-01-08,22,Monday,67.62,Not Converted
2024-01-08 23:00:00,user_736,Login,Desktop,Europe,311.38,0.43,1,7.35,2024-01-08,23,Monday,37.29,Converted
2024-01-08 23:15:00,user_37,Product,Mobile,Africa,106.55,0.76,0,7.67,2024-01-08,23,Monday,12.29,Not Converted
2024-01-08 23:30:00,user_780,Search,Unknown,South America,399.43,0.61,0,2.6,2024-01-08,23,Monday,110.95,Not Converted
2024-01-08 23:45:00,user_369,Search,Unknown,South America,512.26,0.69,0,5.26,2024-01-08,23,Monday,81.83,Not Converted
2024-01-09 00:00:00,user_695,Search,Desktop,South America,158.47,0.28,0,3.83,2024-01-09,0,Tuesday,32.81,Not Converted
2024-01-09 00:15:00,user_525,Checkout,Tablet,Africa,297.45,0.48,0,7.83,2024-01-09,0,Tuesday,33.69,Not Converted
2024-01-09 00:30:00,user_279,Home,Tablet,Asia,585.44,0.04,0,6.41,2024-01-09,0,Tuesday,79.01,Not Converted
2024-01-09 00:45:00,user_217,Search,Tablet,Europe,203.28,0.82,0,5.46,2024-01-09,0,Tuesday,31.47,Not Converted
2024-01-09 01:00:00,user_867,Login,Tablet,Asia,359.05,0.99,0,7.9,2024-01-09,1,Tuesday,40.34,Not Converted
2024-01-09 01:15:00,user_873,Search,Mobile,Africa,58.67,0.41,0,2.73,2024-01-09,1,Tuesday,15.73,Not Converted
2024-01-09 01:30:00,user_798,Checkout,Desktop,South America,365.58,0.01,0,7.66,2024-01-09,1,Tuesday,42.21,Not Converted
2024-01-09 01:45:00,user_273,Profile,Tablet,Europe,58.33,0.17,0,8.72,2024-01-09,1,Tuesday,6.0,Not Converted
2024-01-09 02:00:00,user_881,Login,Mobile,North America,575.75,0.49,0,8.85,2024-01-09,2,Tuesday,58.45,Not Converted
2024-01-09 02:15:00,user_62,Checkout,Tablet,North America,430.82,0.61,0,7.94,2024-01-09,2,Tuesday,48.19,Not Converted
2024-01-09 02:30:00,user_596,Profile,Tablet,Asia,473.96,0.79,0,4.38,2024-01-09,2,Tuesday,88.1,Not Converted
2024-01-09 02:45:00,user_880,Help,Mobile,South America,423.94,0.25,0,9.83,2024-01-09,2,Tuesday,39.14,Not Converted
2024-01-09 03:00:00,user_729,Help,Mobile,North America,294.4,0.76,1,4.11,2024-01-09,3,Tuesday,57.61,Converted
2024-01-09 03:15:00,user_342,Login,Desktop,Asia,294.4,0.69,0,6.57,2024-01-09,3,Tuesday,38.89,Not Converted
2024-01-09 03:30:00,user_397,Product,Desktop,Africa,515.73,0.32,0,5.46,2024-01-09,3,Tuesday,79.83,Not Converted
2024-01-09 03:45:00,user_699,Home,Tablet,Asia,574.32,0.55,0,9.81,2024-01-09,3,Tuesday,53.13,Not Converted
2024-01-09 04:00:00,user_19,Home,Tablet,Asia,301.93,0.15,0,7.19,2024-01-09,4,Tuesday,36.87,Not Converted
2024-01-09 04:15:00,user_177,Checkout,Desktop,Asia,559.26,0.45,0,7.66,2024-01-09,4,Tuesday,64.58,Not Converted
2024-01-09 04:30:00,user_612,Profile,Desktop,Europe,352.08,0.88,0,1.12,2024-01-09,4,Tuesday,166.08,Not Converted
2024-01-09 04:45:00,user_396,Home,Mobile,Asia,325.34,0.42,0,7.75,2024-01-09,4,Tuesday,37.18,Not Converted
2024-01-09 05:00:00,user_445,Profile,Desktop,Asia,275.42,0.84,0,7.86,2024-01-09,5,Tuesday,31.09,Not Converted
2024-01-09 05:15:00,user_233,Profile,Desktop,Europe,129.53,0.59,0,6.88,2024-01-09,5,Tuesday,16.44,Not Converted
2024-01-09 05:30:00,user_915,Checkout,Tablet,Europe,7.21,0.49,0,3.27,2024-01-09,5,Tuesday,1.69,Not Converted
2024-01-09 05:45:00,user_76,Checkout,Desktop,Africa,148.7,0.58,0,5.15,2024-01-09,5,Tuesday,24.18,Not Converted
2024-01-09 06:00:00,user_265,Checkout,Tablet,South America,308.29,0.51,0,1.55,2024-01-09,6,Tuesday,120.9,Not Converted
2024-01-09 06:15:00,user_455,Home,Desktop,North America,231.08,0.4,0,4.98,2024-01-09,6,Tuesday,38.64,Not Converted
2024-01-09 06:30:00,user_796,Help,Mobile,North America,271.85,0.49,0,2.82,2024-01-09,6,Tuesday,71.16,Not Converted
2024-01-09 06:45:00,user_718,Checkout,Desktop,Asia,588.49,0.42,0,3.82,2024-01-09,6,Tuesday,122.09,Not Converted
2024-01-09 07:00:00,user_735,Home,Desktop,Africa,213.41,0.49,0,5.46,2024-01-09,7,Tuesday,33.04,Not Converted
2024-01-09 07:15:00,user_384,Checkout,Desktop,Asia,274.05,0.1,0,2.69,2024-01-09,7,Tuesday,74.27,Not Converted
2024-01-09 07:30:00,user_564,Search,Tablet,North America,84.44,0.42,0,1.23,2024-01-09,7,Tuesday,37.87,Not Converted
2024-01-09 07:45:00,user_851,Profile,Mobile,Europe,33.53,0.31,0,9.24,2024-01-09,7,Tuesday,3.27,Not Converted
2024-01-09 08:00:00,user_506,Checkout,Desktop,South America,466.37,0.93,0,5.54,2024-01-09,8,Tuesday,71.31,Not Converted
2024-01-09 08:15:00,user_367,Login,Tablet,Africa,344.56,0.38,0,4.27,2024-01-09,8,Tuesday,65.38,Not Converted
2024-01-09 08:30:00,user_144,Profile,Unknown,Europe,457.62,0.76,1,5.58,2024-01-09,8,Tuesday,69.55,Converted
2024-01-09 08:45:00,user_885,Profile,Tablet,South America,94.17,0.53,0,6.47,2024-01-09,8,Tuesday,12.61,Not Converted
2024-01-09 09:00:00,user_69,Checkout,Tablet,Africa,345.24,0.49,1,9.26,2024-01-09,9,Tuesday,33.65,Converted
2024-01-09 09:15:00,user_99,Help,Mobile,Africa,155.92,0.26,0,2.2,2024-01-09,9,Tuesday,48.72,Not Converted
2024-01-09 09:30:00,user_396,Product,Desktop,North America,140.7,0.94,0,3.31,2024-01-09,9,Tuesday,32.65,Not Converted
2024-01-09 09:45:00,user_25,Help,Tablet,Europe,11.86,0.53,0,9.77,2024-01-09,9,Tuesday,1.1,Not Converted
2024-01-09 10:00:00,user_948,Checkout,Tablet,Africa,82.55,0.83,0,4.03,2024-01-09,10,Tuesday,16.41,Not Converted
2024-01-09 10:15:00,user_891,Profile,Desktop,Africa,189.01,0.37,0,0.71,2024-01-09,10,Tuesday,110.53,Not Converted
2024-01-09 10:30:00,user_469,Login,Desktop,South America,74.54,0.1,0,1.9,2024-01-09,10,Tuesday,25.7,Not Converted
2024-01-09 10:45:00,user_484,Profile,Mobile,North America,591.59,0.67,0,0.75,2024-01-09,10,Tuesday,338.05,Not Converted
2024-01-09 11:00:00,user_565,Help,Mobile,Asia,188.64,0.49,0,9.9,2024-01-09,11,Tuesday,17.31,Not Converted
2024-01-09 11:15:00,user_151,Login,Mobile,North America,82.54,0.48,0,3.15,2024-01-09,11,Tuesday,19.89,Not Converted
2024-01-09 11:30:00,user_144,Home,Desktop,Asia,123.45,0.19,1,5.46,2024-01-09,11,Tuesday,19.11,Converted
2024-01-09 11:45:00,user_569,Search,Tablet,Europe,354.68,0.63,0,9.96,2024-01-09,11,Tuesday,32.36,Not Converted
2024-01-09 12:00:00,user_39,Profile,Tablet,Europe,43.11,0.98,0,6.2,2024-01-09,12,Tuesday,5.99,Not Converted
2024-01-09 12:15:00,user_109,Checkout,Mobile,Africa,518.15,0.46,0,0.82,2024-01-09,12,Tuesday,284.7,Not Converted
2024-01-09 12:30:00,user_693,Home,Desktop,Europe,577.09,0.82,1,1.28,2024-01-09,12,Tuesday,253.11,Converted
2024-01-09 12:45:00,user_42,Search,Tablet,Africa,151.81,0.51,0,5.08,2024-01-09,12,Tuesday,24.97,Not Converted
2024-01-09 13:00:00,user_186,Checkout,Mobile,North America,272.81,0.5,0,4.36,2024-01-09,13,Tuesday,50.9,Not Converted
2024-01-09 13:15:00,user_935,Product,Tablet,Europe,294.4,0.93,0,6.26,2024-01-09,13,Tuesday,40.55,Not Converted
2024-01-09 13:30:00,user_398,Checkout,Tablet,North America,386.22,0.89,0,4.67,2024-01-09,13,Tuesday,68.12,Not Converted
2024-01-09 13:45:00,user_223,Login,Desktop,North America,251.29,0.79,0,9.37,2024-01-09,13,Tuesday,24.23,Not Converted
2024-01-09 14:00:00,user_634,Login,Desktop,Europe,165.68,0.3,0,5.58,2024-01-09,14,Tuesday,25.18,Not Converted
2024-01-09 14:15:00,user_133,Product,Tablet,North America,128.07,0.55,0,7.09,2024-01-09,14,Tuesday,15.83,Not Converted
2024-01-09 14:30:00,user_163,Home,Mobile,Europe,394.14,0.22,0,9.02,2024-01-09,14,Tuesday,39.34,Not Converted
2024-01-09 14:45:00,user_215,Search,Desktop,Europe,252.65,0.44,0,1.9,2024-01-09,14,Tuesday,87.12,Not Converted
2024-01-09 15:00:00,user_733,Checkout,Unknown,Europe,111.9,0.48,0,2.68,2024-01-09,15,Tuesday,30.41,Not Converted
2024-01-09 15:15:00,user_235,Login,Desktop,Asia,415.02,0.49,0,1.52,2024-01-09,15,Tuesday,164.69,Not Converted
2024-01-09 15:30:00,user_843,Home,Unknown,North America,341.22,0.9,0,1.83,2024-01-09,15,Tuesday,120.57,Not Converted
2024-01-09 15:45:00,user_658,Product,Desktop,South America,515.91,0.41,0,5.37,2024-01-09,15,Tuesday,80.99,Not Converted
2024-01-09 16:00:00,user_751,Help,Tablet,Europe,74.9,0.02,0,3.55,2024-01-09,16,Tuesday,16.46,Not Converted
2024-01-09 16:15:00,user_588,Profile,Unknown,North America,472.47,0.86,1,4.52,2024-01-09,16,Tuesday,85.59,Converted
2024-01-09 16:30:00,user_9,Help,Mobile,Africa,405.74,0.17,0,9.83,2024-01-09,16,Tuesday,37.46,Not Converted
2024-01-09 16:45:00,user_74,Help,Mobile,Europe,73.43,0.62,0,1.99,2024-01-09,16,Tuesday,24.56,Not Converted
2024-01-09 17:00:00,user_954,Login,Desktop,Europe,418.42,0.02,0,5.64,2024-01-09,17,Tuesday,63.02,Not Converted
2024-01-09 17:15:00,user_492,Product,Tablet,South America,267.72,0.4,1,1.44,2024-01-09,17,Tuesday,109.72,Converted
2024-01-09 17:30:00,user_913,Checkout,Unknown,Asia,567.27,0.99,0,3.53,2024-01-09,17,Tuesday,125.23,Not Converted
2024-01-09 17:45:00,user_253,Help,Mobile,Asia,89.26,0.1,0,5.51,2024-01-09,17,Tuesday,13.71,Not Converted
2024-01-09 18:00:00,user_230,Help,Mobile,Europe,387.49,0.42,0,9.49,2024-01-09,18,Tuesday,36.94,Not Converted
2024-01-09 18:15:00,user_519,Search,Tablet,North America,232.28,0.31,0,4.22,2024-01-09,18,Tuesday,44.5,Not Converted
2024-01-09 18:30:00,user_174,Login,Desktop,Africa,574.3,0.49,0,1.12,2024-01-09,18,Tuesday,270.9,Not Converted
2024-01-09 18:45:00,user_653,Login,Mobile,Africa,201.34,0.49,0,4.19,2024-01-09,18,Tuesday,38.79,Not Converted
2024-01-09 19:00:00,user_168,Checkout,Tablet,North America,577.5,0.24,1,1.88,2024-01-09,19,Tuesday,200.52,Converted
2024-01-09 19:15:00,user_170,Profile,Desktop,Europe,541.38,0.08,0,2.68,2024-01-09,19,Tuesday,147.11,Not Converted
2024-01-09 19:30:00,user_393,Home,Desktop,Africa,165.88,0.63,0,6.37,2024-01-09,19,Tuesday,22.51,Not Converted
2024-01-09 19:45:00,user_946,Search,Mobile,Asia,483.11,0.34,0,1.14,2024-01-09,19,Tuesday,225.75,Not Converted
2024-01-09 20:00:00,user_795,Login,Mobile,North America,597.38,0.67,1,4.91,2024-01-09,20,Tuesday,101.08,Converted
2024-01-09 20:15:00,user_634,Search,Desktop,South America,155.33,0.03,0,6.29,2024-01-09,20,Tuesday,21.31,Not Converted
2024-01-09 20:30:00,user_194,Login,Desktop,Europe,294.4,0.13,0,4.51,2024-01-09,20,Tuesday,53.43,Not Converted
2024-01-09 20:45:00,user_517,Search,Mobile,North America,314.51,0.69,1,0.68,2024-01-09,20,Tuesday,187.21,Converted
2024-01-09 21:00:00,user_29,Product,Desktop,Africa,180.48,0.21,0,9.86,2024-01-09,21,Tuesday,16.62,Not Converted
2024-01-09 21:15:00,user_165,Help,Mobile,Europe,14.08,0.86,0,3.99,2024-01-09,21,Tuesday,2.82,Not Converted
2024-01-09 21:30:00,user_422,Login,Desktop,Asia,135.98,0.06,0,7.9,2024-01-09,21,Tuesday,15.28,Not Converted
2024-01-09 21:45:00,user_339,Search,Mobile,Europe,294.4,0.22,1,3.59,2024-01-09,21,Tuesday,64.14,Converted
2024-01-09 22:00:00,user_648,Home,Tablet,Europe,268.94,1.0,0,5.01,2024-01-09,22,Tuesday,44.75,Not Converted
2024-01-09 22:15:00,user_496,Product,Mobile,Asia,106.81,0.43,0,4.19,2024-01-09,22,Tuesday,20.58,Not Converted
2024-01-09 22:30:00,user_365,Product,Mobile,Asia,524.59,0.7,0,3.75,2024-01-09,22,Tuesday,110.44,Not Converted
2024-01-09 22:45:00,user_833,Home,Unknown,Europe,294.4,0.18,0,0.71,2024-01-09,22,Tuesday,172.16,Not Converted
2024-01-09 23:00:00,user_342,Search,Desktop,Asia,55.69,0.61,1,3.92,2024-01-09,23,Tuesday,11.32,Converted
2024-01-09 23:15:00,user_500,Checkout,Tablet,North America,391.81,0.73,1,8.95,2024-01-09,23,Tuesday,39.38,Converted
2024-01-09 23:30:00,user_657,Home,Mobile,Asia,294.4,0.31,0,7.06,2024-01-09,23,Tuesday,36.53,Not Converted
2024-01-09 23:45:00,user_511,Search,Desktop,Asia,573.95,0.83,0,1.88,2024-01-09,23,Tuesday,199.29,Not Converted
2024-01-10 00:00:00,user_327,Home,Tablet,Europe,294.4,0.6,0,6.12,2024-01-10,0,Wednesday,41.35,Not Converted
2024-01-10 00:15:00,user_217,Home,Desktop,North America,152.52,0.39,0,8.98,2024-01-10,0,Wednesday,15.28,Not Converted
2024-01-10 00:30:00,user_301,Login,Desktop,South America,557.04,0.56,0,7.15,2024-01-10,0,Wednesday,68.35,Not Converted
2024-01-10 00:45:00,user_132,Search,Tablet,South America,559.62,0.58,0,1.91,2024-01-10,0,Wednesday,192.31,Not Converted
2024-01-10 01:00:00,user_804,Checkout,Desktop,Africa,433.75,0.17,0,8.74,2024-01-10,1,Wednesday,44.53,Not Converted
2024-01-10 01:15:00,user_70,Help,Tablet,Asia,460.63,0.4,0,3.36,2024-01-10,1,Wednesday,105.65,Not Converted
2024-01-10 01:30:00,user_252,Login,Mobile,Asia,59.43,0.34,0,4.81,2024-01-10,1,Wednesday,10.23,Not Converted
2024-01-10 01:45:00,user_415,Home,Desktop,North America,310.76,0.4,0,5.5,2024-01-10,1,Wednesday,47.81,Not Converted
2024-01-10 02:00:00,user_787,Help,Mobile,South America,142.79,0.76,0,8.58,2024-01-10,2,Wednesday,14.91,Not Converted
2024-01-10 02:15:00,user_445,Profile,Mobile,Africa,112.82,0.48,0,9.35,2024-01-10,2,Wednesday,10.9,Not Converted
2024-01-10 02:30:00,user_876,Help,Desktop,North America,487.13,0.94,0,9.33,2024-01-10,2,Wednesday,47.16,Not Converted
2024-01-10 02:45:00,user_182,Home,Tablet,Asia,85.35,0.29,0,0.58,2024-01-10,2,Wednesday,54.02,Not Converted
2024-01-10 03:00:00,user_167,Home,Desktop,South America,283.85,0.42,0,9.26,2024-01-10,3,Wednesday,27.67,Not Converted
2024-01-10 03:15:00,user_91,Search,Mobile,Africa,563.45,0.79,0,1.02,2024-01-10,3,Wednesday,278.94,Not Converted
2024-01-10 03:30:00,user_714,Search,Mobile,Europe,115.57,0.55,0,3.02,2024-01-10,3,Wednesday,28.75,Not Converted
2024-01-10 03:45:00,user_858,Login,Tablet,South America,586.91,0.55,0,5.39,2024-01-10,3,Wednesday,91.85,Not Converted
2024-01-10 04:00:00,user_531,Checkout,Desktop,Africa,596.6,0.05,0,5.46,2024-01-10,4,Wednesday,92.35,Not Converted
2024-01-10 04:15:00,user_39,Login,Mobile,North America,335.59,0.4,0,6.24,2024-01-10,4,Wednesday,46.35,Not Converted
2024-01-10 04:30:00,user_126,Product,Mobile,Europe,106.23,0.27,0,5.05,2024-01-10,4,Wednesday,17.56,Not Converted
2024-01-10 04:45:00,user_451,Home,Mobile,Africa,193.08,1.0,0,9.38,2024-01-10,4,Wednesday,18.6,Not Converted
2024-01-10 05:00:00,user_173,Help,Tablet,Africa,294.4,0.31,0,2.79,2024-01-10,5,Wednesday,77.68,Not Converted
2024-01-10 05:15:00,user_653,Profile,Mobile,Asia,189.05,0.88,1,3.1,2024-01-10,5,Wednesday,46.11,Converted
2024-01-10 05:30:00,user_754,Home,Mobile,South America,171.98,0.68,0,9.25,2024-01-10,5,Wednesday,16.78,Not Converted
2024-01-10 05:45:00,user_220,Home,Desktop,Asia,294.4,0.34,0,1.23,2024-01-10,5,Wednesday,132.02,Not Converted
2024-01-10 06:00:00,user_638,Login,Desktop,Europe,96.25,0.54,0,6.29,2024-01-10,6,Wednesday,13.2,Not Converted
2024-01-10 06:15:00,user_58,Profile,Mobile,Africa,441.33,0.84,0,6.98,2024-01-10,6,Wednesday,55.3,Not Converted
2024-01-10 06:30:00,user_660,Profile,Mobile,Asia,5.24,0.88,0,5.3,2024-01-10,6,Wednesday,0.83,Not Converted
2024-01-10 06:45:00,user_476,Profile,Desktop,South America,359.73,0.16,0,7.1,2024-01-10,6,Wednesday,44.41,Not Converted
2024-01-10 07:00:00,user_456,Login,Tablet,Europe,549.99,0.34,1,2.14,2024-01-10,7,Wednesday,175.16,Converted
2024-01-10 07:15:00,user_829,Home,Tablet,North America,176.32,0.34,0,8.6,2024-01-10,7,Wednesday,18.37,Not Converted
2024-01-10 07:30:00,user_895,Login,Tablet,Asia,115.39,0.04,1,5.46,2024-01-10,7,Wednesday,17.86,Converted
2024-01-10 07:45:00,user_361,Search,Unknown,Europe,392.75,0.6,0,4.31,2024-01-10,7,Wednesday,73.96,Not Converted
2024-01-10 08:00:00,user_935,Search,Tablet,North America,429.0,0.85,0,1.21,2024-01-10,8,Wednesday,194.12,Not Converted
2024-01-10 08:15:00,user_1,Login,Tablet,Asia,414.38,0.38,0,5.68,2024-01-10,8,Wednesday,62.03,Not Converted
2024-01-10 08:30:00,user_387,Profile,Tablet,Europe,194.99,0.74,0,6.86,2024-01-10,8,Wednesday,24.81,Not Converted
2024-01-10 08:45:00,user_973,Home,Tablet,Europe,155.06,0.63,0,9.44,2024-01-10,8,Wednesday,14.85,Not Converted
2024-01-10 09:00:00,user_348,Login,Unknown,Asia,573.77,0.38,0,7.52,2024-01-10,9,Wednesday,67.34,Not Converted
2024-01-10 09:15:00,user_190,Login,Tablet,Europe,554.36,0.14,0,5.64,2024-01-10,9,Wednesday,83.49,Not Converted
2024-01-10 09:30:00,user_505,Login,Tablet,Africa,277.1,0.71,1,9.36,2024-01-10,9,Wednesday,26.75,Converted
2024-01-10 09:45:00,user_191,Product,Tablet,Asia,508.49,0.85,0,5.05,2024-01-10,9,Wednesday,84.05,Not Converted
2024-01-10 10:00:00,user_508,Search,Mobile,Europe,274.13,0.69,0,5.83,2024-01-10,10,Wednesday,40.14,Not Converted
2024-01-10 10:15:00,user_369,Help,Desktop,North America,257.51,0.02,1,6.16,2024-01-10,10,Wednesday,35.97,Converted
2024-01-10 10:30:00,user_409,Profile,Desktop,North America,98.27,0.22,0,4.39,2024-01-10,10,Wednesday,18.23,Not Converted
2024-01-10 10:45:00,user_824,Checkout,Desktop,Africa,258.71,0.07,0,8.47,2024-01-10,10,Wednesday,27.32,Not Converted
2024-01-10 11:00:00,user_929,Help,Tablet,Asia,324.76,0.57,0,2.26,2024-01-10,11,Wednesday,99.62,Not Converted
2024-01-10 11:15:00,user_934,Profile,Tablet,Europe,18.39,0.76,0,5.77,2024-01-10,11,Wednesday,2.72,Not Converted
2024-01-10 11:30:00,user_117,Checkout,Mobile,Europe,269.25,0.11,0,7.36,2024-01-10,11,Wednesday,32.21,Not Converted
2024-01-10 11:45:00,user_134,Product,Desktop,North America,469.91,0.84,0,9.09,2024-01-10,11,Wednesday,46.57,Not Converted
2024-01-10 12:00:00,user_58,Login,Tablet,Africa,409.63,0.56,0,8.9,2024-01-10,12,Wednesday,41.38,Not Converted
2024-01-10 12:15:00,user_556,Product,Desktop,North America,382.92,0.69,0,5.33,2024-01-10,12,Wednesday,60.49,Not Converted
2024-01-10 12:30:00,user_685,Product,Mobile,North America,546.19,0.97,0,6.61,2024-01-10,12,Wednesday,71.77,Not Converted
2024-01-10 12:45:00,user_672,Help,Mobile,Africa,294.4,0.08,1,4.25,2024-01-10,12,Wednesday,56.08,Converted
2024-01-10 13:00:00,user_173,Home,Mobile,Asia,336.44,0.9,0,4.95,2024-01-10,13,Wednesday,56.54,Not Converted
2024-01-10 13:15:00,user_829,Help,Desktop,Europe,473.47,0.13,0,9.11,2024-01-10,13,Wednesday,46.83,Not Converted
2024-01-10 13:30:00,user_815,Search,Tablet,Asia,327.09,0.39,0,9.34,2024-01-10,13,Wednesday,31.63,Not Converted
2024-01-10 13:45:00,user_149,Checkout,Tablet,South America,197.72,0.85,0,9.01,2024-01-10,13,Wednesday,19.75,Not Converted
2024-01-10 14:00:00,user_80,Login,Mobile,South America,86.07,0.91,0,1.81,2024-01-10,14,Wednesday,30.63,Not Converted
2024-01-10 14:15:00,user_886,Help,Tablet,South America,533.1,0.51,0,8.58,2024-01-10,14,Wednesday,55.65,Not Converted
2024-01-10 14:30:00,user_213,Checkout,Mobile,Africa,285.1,0.59,0,9.51,2024-01-10,14,Wednesday,27.13,Not Converted
2024-01-10 14:45:00,user_203,Profile,Desktop,North America,527.48,0.71,0,3.93,2024-01-10,14,Wednesday,106.99,Not Converted
2024-01-10 15:00:00,user_764,Checkout,Unknown,Asia,353.58,0.83,0,5.43,2024-01-10,15,Wednesday,54.99,Not Converted
2024-01-10 15:15:00,user_229,Profile,Desktop,Europe,406.14,0.12,0,7.9,2024-01-10,15,Wednesday,45.63,Not Converted
2024-01-10 15:30:00,user_676,Help,Mobile,South America,294.4,0.81,0,5.84,2024-01-10,15,Wednesday,43.04,Not Converted
2024-01-10 15:45:00,user_227,Search,Tablet,Asia,397.2,0.48,0,9.94,2024-01-10,15,Wednesday,36.31,Not Converted
2024-01-10 16:00:00,user_659,Help,Tablet,South America,241.84,0.45,0,5.46,2024-01-10,16,Wednesday,37.44,Not Converted
2024-01-10 16:15:00,user_532,Profile,Mobile,South America,310.61,0.42,0,7.28,2024-01-10,16,Wednesday,37.51,Not Converted
2024-01-10 16:30:00,user_441,Checkout,Tablet,Europe,482.81,0.51,0,8.03,2024-01-10,16,Wednesday,53.47,Not Converted
2024-01-10 16:45:00,user_402,Checkout,Unknown,Africa,227.32,0.95,0,5.19,2024-01-10,16,Wednesday,36.72,Not Converted
2024-01-10 17:00:00,user_47,Profile,Unknown,North America,235.93,0.55,0,8.64,2024-01-10,17,Wednesday,24.47,Not Converted
2024-01-10 17:15:00,user_233,Product,Desktop,Africa,294.4,0.95,0,5.69,2024-01-10,17,Wednesday,44.01,Not Converted
2024-01-10 17:30:00,user_305,Search,Tablet,Asia,549.18,0.18,0,4.41,2024-01-10,17,Wednesday,101.51,Not Converted
2024-01-10 17:45:00,user_526,Home,Desktop,Africa,59.17,0.72,0,1.52,2024-01-10,17,Wednesday,23.48,Not Converted
2024-01-10 18:00:00,user_143,Login,Mobile,Asia,390.68,0.81,0,4.24,2024-01-10,18,Wednesday,74.56,Not Converted
2024-01-10 18:15:00,user_415,Checkout,Tablet,Asia,250.85,0.68,0,7.47,2024-01-10,18,Wednesday,29.62,Not Converted
2024-01-10 18:30:00,user_513,Login,Tablet,North America,246.34,0.61,0,9.25,2024-01-10,18,Wednesday,24.03,Not Converted
2024-01-10 18:45:00,user_373,Home,Tablet,Europe,409.33,0.56,0,2.89,2024-01-10,18,Wednesday,105.23,Not Converted
2024-01-10 19:00:00,user_566,Help,Mobile,North America,44.92,0.86,0,3.87,2024-01-10,19,Wednesday,9.22,Not Converted
2024-01-10 19:15:00,user_886,Login,Desktop,Africa,358.25,0.82,0,1.96,2024-01-10,19,Wednesday,121.03,Not Converted
2024-01-10 19:30:00,user_259,Home,Desktop,Asia,464.36,0.12,0,7.06,2024-01-10,19,Wednesday,57.61,Not Converted
2024-01-10 19:45:00,user_656,Profile,Tablet,South America,497.79,0.85,0,9.62,2024-01-10,19,Wednesday,46.87,Not Converted
2024-01-10 20:00:00,user_471,Product,Mobile,South America,106.47,0.41,0,5.46,2024-01-10,20,Wednesday,16.48,Not Converted
2024-01-10 20:15:00,user_953,Checkout,Mobile,Asia,538.96,0.25,0,6.36,2024-01-10,20,Wednesday,73.23,Not Converted
2024-01-10 20:30:00,user_971,Home,Mobile,North America,395.41,0.87,0,5.76,2024-01-10,20,Wednesday,58.49,Not Converted
2024-01-10 20:45:00,user_12,Login,Mobile,Europe,529.7,0.43,0,1.34,2024-01-10,20,Wednesday,226.37,Not Converted
2024-01-10 21:00:00,user_330,Checkout,Mobile,North America,293.74,0.81,0,7.43,2024-01-10,21,Wednesday,34.84,Not Converted
2024-01-10 21:15:00,user_736,Product,Desktop,Asia,327.51,0.26,0,5.46,2024-01-10,21,Wednesday,50.7,Not Converted
2024-01-10 21:30:00,user_784,Profile,Desktop,Asia,551.83,0.0,1,6.78,2024-01-10,21,Wednesday,70.93,Converted
2024-01-10 21:45:00,user_968,Help,Desktop,Europe,540.45,0.5,0,9.04,2024-01-10,21,Wednesday,53.83,Not Converted
2024-01-10 22:00:00,user_358,Checkout,Tablet,Africa,271.66,0.1,0,7.95,2024-01-10,22,Wednesday,30.35,Not Converted
2024-01-10 22:15:00,user_972,Help,Unknown,Africa,168.28,0.75,0,7.92,2024-01-10,22,Wednesday,18.87,Not Converted
2024-01-10 22:30:00,user_408,Home,Tablet,Europe,238.94,0.28,0,9.31,2024-01-10,22,Wednesday,23.18,Not Converted
2024-01-10 22:45:00,user_668,Product,Mobile,Africa,235.72,0.44,1,9.9,2024-01-10,22,Wednesday,21.63,Converted
2024-01-10 23:00:00,user_373,Login,Desktop,South America,175.69,0.09,0,6.02,2024-01-10,23,Wednesday,25.03,Not Converted
2024-01-10 23:15:00,user_8,Product,Tablet,Africa,164.8,0.29,0,5.46,2024-01-10,23,Wednesday,25.51,Not Converted
2024-01-10 23:30:00,user_122,Product,Desktop,Africa,517.33,0.78,0,4.86,2024-01-10,23,Wednesday,88.28,Not Converted
2024-01-10 23:45:00,user_348,Search,Mobile,Africa,46.57,0.49,0,7.98,2024-01-10,23,Wednesday,5.19,Not Converted
2024-01-11 00:00:00,user_676,Product,Mobile,South America,408.18,0.65,1,0.76,2024-01-11,0,Thursday,231.92,Converted
2024-01-11 00:15:00,user_90,Product,Mobile,Africa,107.83,0.92,0,1.04,2024-01-11,0,Thursday,52.86,Not Converted
2024-01-11 00:30:00,user_648,Checkout,Desktop,South America,209.98,0.68,0,1.14,2024-01-11,0,Thursday,98.12,Not Converted
2024-01-11 00:45:00,user_698,Login,Mobile,Europe,41.62,0.81,0,7.44,2024-01-11,0,Thursday,4.93,Not Converted
2024-01-11 01:00:00,user_316,Checkout,Desktop,North America,165.63,0.11,0,5.26,2024-01-11,1,Thursday,26.46,Not Converted
2024-01-11 01:15:00,user_178,Checkout,Tablet,Europe,462.21,0.25,0,4.0,2024-01-11,1,Thursday,92.44,Not Converted
2024-01-11 01:30:00,user_540,Home,Mobile,North America,531.58,0.89,0,1.5,2024-01-11,1,Thursday,212.63,Not Converted
2024-01-11 01:45:00,user_732,Checkout,Unknown,Europe,136.81,0.72,0,7.46,2024-01-11,1,Thursday,16.17,Not Converted
2024-01-11 02:00:00,user_869,Search,Mobile,North America,280.81,0.64,0,3.55,2024-01-11,2,Thursday,61.72,Not Converted
2024-01-11 02:15:00,user_41,Search,Tablet,North America,284.84,0.66,0,3.02,2024-01-11,2,Thursday,70.86,Not Converted
2024-01-11 02:30:00,user_740,Help,Mobile,Asia,524.78,0.41,1,6.7,2024-01-11,2,Thursday,68.15,Converted
2024-01-11 02:45:00,user_704,Home,Desktop,North America,458.87,0.04,0,5.81,2024-01-11,2,Thursday,67.38,Not Converted
2024-01-11 03:00:00,user_923,Help,Desktop,North America,310.28,0.78,0,3.94,2024-01-11,3,Thursday,62.81,Not Converted
2024-01-11 03:15:00,user_502,Help,Mobile,Asia,404.09,0.49,0,6.59,2024-01-11,3,Thursday,53.24,Not Converted
2024-01-11 03:30:00,user_959,Profile,Unknown,Africa,509.18,0.47,0,3.08,2024-01-11,3,Thursday,124.8,Not Converted
2024-01-11 03:45:00,user_145,Login,Tablet,Africa,294.4,0.9,1,8.05,2024-01-11,3,Thursday,32.53,Converted
2024-01-11 04:00:00,user_201,Login,Tablet,Asia,244.72,0.34,0,2.68,2024-01-11,4,Thursday,66.5,Not Converted
2024-01-11 04:15:00,user_929,Checkout,Tablet,South America,544.81,0.29,0,2.01,2024-01-11,4,Thursday,181.0,Not Converted
2024-01-11 04:30:00,user_724,Checkout,Mobile,North America,445.49,0.87,0,7.93,2024-01-11,4,Thursday,49.89,Not Converted
2024-01-11 04:45:00,user_461,Profile,Tablet,North America,327.99,0.8,0,7.22,2024-01-11,4,Thursday,39.9,Not Converted
2024-01-11 05:00:00,user_732,Checkout,Tablet,Asia,320.14,0.51,1,2.24,2024-01-11,5,Thursday,98.81,Converted
2024-01-11 05:15:00,user_752,Login,Desktop,Asia,211.92,0.13,1,1.6,2024-01-11,5,Thursday,81.51,Converted
2024-01-11 05:30:00,user_925,Help,Tablet,South America,314.71,0.22,0,8.46,2024-01-11,5,Thursday,33.27,Not Converted
2024-01-11 05:45:00,user_909,Product,Desktop,Africa,394.95,0.66,1,7.88,2024-01-11,5,Thursday,44.48,Converted
2024-01-11 06:00:00,user_558,Search,Desktop,Europe,294.4,0.39,0,3.61,2024-01-11,6,Thursday,63.86,Not Converted
2024-01-11 06:15:00,user_547,Product,Tablet,Africa,429.92,0.84,0,6.75,2024-01-11,6,Thursday,55.47,Not Converted
2024-01-11 06:30:00,user_253,Product,Desktop,North America,517.43,0.95,0,1.68,2024-01-11,6,Thursday,193.07,Not Converted
2024-01-11 06:45:00,user_390,Login,Mobile,Asia,97.04,0.81,0,5.32,2024-01-11,6,Thursday,15.35,Not Converted
2024-01-11 07:00:00,user_594,Product,Mobile,South America,273.67,0.38,0,5.46,2024-01-11,7,Thursday,42.36,Not Converted
2024-01-11 07:15:00,user_883,Profile,Tablet,Africa,294.4,0.79,0,4.22,2024-01-11,7,Thursday,56.4,Not Converted
2024-01-11 07:30:00,user_256,Home,Mobile,South America,414.04,0.35,0,1.21,2024-01-11,7,Thursday,187.35,Not Converted
2024-01-11 07:45:00,user_709,Checkout,Desktop,Africa,153.67,0.17,0,5.01,2024-01-11,7,Thursday,25.57,Not Converted
2024-01-11 08:00:00,user_815,Home,Mobile,North America,385.95,0.03,0,4.51,2024-01-11,8,Thursday,70.05,Not Converted
2024-01-11 08:15:00,user_921,Help,Tablet,Europe,527.11,0.39,0,4.72,2024-01-11,8,Thursday,92.15,Not Converted
2024-01-11 08:30:00,user_450,Search,Tablet,South America,253.79,0.9,0,0.93,2024-01-11,8,Thursday,131.5,Not Converted
2024-01-11 08:45:00,user_10,Checkout,Desktop,South America,547.05,0.49,0,3.94,2024-01-11,8,Thursday,110.74,Not Converted
2024-01-11 09:00:00,user_824,Product,Tablet,Europe,595.93,0.21,0,7.69,2024-01-11,9,Thursday,68.58,Not Converted
2024-01-11 09:15:00,user_798,Search,Mobile,South America,68.12,0.97,0,4.0,2024-01-11,9,Thursday,13.62,Not Converted
2024-01-11 09:30:00,user_242,Checkout,Tablet,South America,143.67,0.03,0,7.29,2024-01-11,9,Thursday,17.33,Not Converted
2024-01-11 09:45:00,user_251,Profile,Desktop,Africa,570.48,0.79,0,4.01,2024-01-11,9,Thursday,113.87,Not Converted
2024-01-11 10:00:00,user_877,Profile,Tablet,Africa,575.2,0.49,0,4.52,2024-01-11,10,Thursday,104.2,Not Converted
2024-01-11 10:15:00,user_5,Profile,Mobile,Europe,63.14,0.04,0,5.86,2024-01-11,10,Thursday,9.2,Not Converted
2024-01-11 10:30:00,user_119,Profile,Desktop,North America,13.92,0.92,0,9.53,2024-01-11,10,Thursday,1.32,Not Converted
2024-01-11 10:45:00,user_801,Product,Unknown,South America,100.85,0.14,0,1.53,2024-01-11,10,Thursday,39.86,Not Converted
2024-01-11 11:00:00,user_374,Home,Desktop,North America,597.63,0.55,0,0.81,2024-01-11,11,Thursday,330.18,Not Converted
2024-01-11 11:15:00,user_65,Checkout,Tablet,Europe,112.1,0.49,0,6.28,2024-01-11,11,Thursday,15.4,Not Converted
2024-01-11 11:30:00,user_146,Product,Desktop,Europe,304.02,0.07,0,9.52,2024-01-11,11,Thursday,28.9,Not Converted
2024-01-11 11:45:00,user_224,Profile,Desktop,Africa,509.81,0.05,0,9.9,2024-01-11,11,Thursday,46.77,Not Converted
2024-01-11 12:00:00,user_239,Help,Tablet,South America,17.14,0.12,0,5.46,2024-01-11,12,Thursday,2.65,Not Converted
2024-01-11 12:15:00,user_177,Home,Mobile,Asia,294.4,0.07,0,4.95,2024-01-11,12,Thursday,49.48,Not Converted
2024-01-11 12:30:00,user_779,Help,Tablet,Europe,294.4,0.76,0,6.63,2024-01-11,12,Thursday,38.58,Not Converted
2024-01-11 12:45:00,user_853,Search,Desktop,South America,518.09,0.49,0,5.78,2024-01-11,12,Thursday,76.41,Not Converted
2024-01-11 13:00:00,user_282,Help,Tablet,North America,173.66,0.34,0,6.52,2024-01-11,13,Thursday,23.09,Not Converted
2024-01-11 13:15:00,user_63,Search,Desktop,Africa,294.4,0.42,0,8.8,2024-01-11,13,Thursday,30.04,Not Converted
2024-01-11 13:30:00,user_217,Search,Tablet,North America,406.16,0.93,0,7.59,2024-01-11,13,Thursday,47.28,Not Converted
2024-01-11 13:45:00,user_854,Profile,Tablet,Europe,136.79,0.91,0,5.22,2024-01-11,13,Thursday,21.99,Not Converted
2024-01-11 14:00:00,user_827,Search,Mobile,Europe,25.71,0.72,0,4.89,2024-01-11,14,Thursday,4.37,Not Converted
2024-01-11 14:15:00,user_795,Login,Desktop,North America,248.5,0.88,0,6.58,2024-01-11,14,Thursday,32.78,Not Converted
2024-01-11 14:30:00,user_689,Checkout,Mobile,Europe,177.07,0.32,0,4.83,2024-01-11,14,Thursday,30.37,Not Converted
2024-01-11 14:45:00,user_461,Checkout,Desktop,South America,486.34,0.38,0,4.85,2024-01-11,14,Thursday,83.14,Not Converted
2024-01-11 15:00:00,user_929,Profile,Tablet,Europe,481.22,0.61,0,0.65,2024-01-11,15,Thursday,291.65,Not Converted
2024-01-11 15:15:00,user_610,Login,Unknown,Africa,276.93,0.49,0,2.15,2024-01-11,15,Thursday,87.91,Not Converted
2024-01-11 15:30:00,user_105,Help,Mobile,South America,365.87,0.48,0,5.14,2024-01-11,15,Thursday,59.59,Not Converted
2024-01-11 15:45:00,user_99,Product,Unknown,Asia,364.53,0.4,0,8.32,2024-01-11,15,Thursday,39.11,Not Converted
2024-01-11 16:00:00,user_511,Help,Mobile,Europe,497.16,0.99,0,3.15,2024-01-11,16,Thursday,119.8,Not Converted
2024-01-11 16:15:00,user_385,Product,Desktop,Europe,257.88,0.82,0,5.47,2024-01-11,16,Thursday,39.86,Not Converted
2024-01-11 16:30:00,user_405,Search,Mobile,Africa,168.89,0.43,0,3.78,2024-01-11,16,Thursday,35.33,Not Converted
2024-01-11 16:45:00,user_823,Home,Mobile,Africa,162.7,0.73,0,1.5,2024-01-11,16,Thursday,65.08,Not Converted
2024-01-11 17:00:00,user_518,Product,Mobile,North America,324.03,0.27,0,9.6,2024-01-11,17,Thursday,30.57,Not Converted
2024-01-11 17:15:00,user_476,Home,Tablet,North America,272.24,0.1,0,8.62,2024-01-11,17,Thursday,28.3,Not Converted
2024-01-11 17:30:00,user_977,Checkout,Tablet,North America,266.87,0.35,0,1.25,2024-01-11,17,Thursday,118.61,Not Converted
2024-01-11 17:45:00,user_709,Home,Desktop,Africa,59.23,0.4,0,7.34,2024-01-11,17,Thursday,7.1,Not Converted
2024-01-11 18:00:00,user_863,Checkout,Desktop,North America,432.57,0.02,0,3.8,2024-01-11,18,Thursday,90.12,Not Converted
2024-01-11 18:15:00,user_645,Login,Mobile,North America,132.17,0.81,0,9.95,2024-01-11,18,Thursday,12.07,Not Converted
2024-01-11 18:30:00,user_870,Login,Tablet,Asia,122.19,0.36,0,3.37,2024-01-11,18,Thursday,27.96,Not Converted
2024-01-11 18:45:00,user_771,Profile,Mobile,North America,250.59,0.58,0,2.77,2024-01-11,18,Thursday,66.47,Not Converted
2024-01-11 19:00:00,user_437,Profile,Unknown,Europe,140.53,0.07,0,5.89,2024-01-11,19,Thursday,20.4,Not Converted
2024-01-11 19:15:00,user_23,Search,Tablet,Africa,352.4,0.17,0,8.43,2024-01-11,19,Thursday,37.37,Not Converted
2024-01-11 19:30:00,user_997,Product,Tablet,South America,226.02,0.89,0,2.33,2024-01-11,19,Thursday,67.87,Not Converted
2024-01-11 19:45:00,user_565,Search,Tablet,Asia,272.1,0.61,0,7.24,2024-01-11,19,Thursday,33.02,Not Converted
2024-01-11 20:00:00,user_677,Checkout,Desktop,Africa,324.62,0.95,0,1.08,2024-01-11,20,Thursday,156.07,Not Converted
2024-01-11 20:15:00,user_714,Search,Desktop,Africa,126.1,0.49,0,9.23,2024-01-11,20,Thursday,12.33,Not Converted
2024-01-11 20:30:00,user_458,Home,Mobile,Europe,97.67,0.37,0,1.27,2024-01-11,20,Thursday,43.03,Not Converted
2024-01-11 20:45:00,user_83,Checkout,Desktop,North America,528.85,0.3,1,9.19,2024-01-11,20,Thursday,51.9,Converted
2024-01-11 21:00:00,user_145,Profile,Tablet,Europe,263.07,0.86,0,5.16,2024-01-11,21,Thursday,42.71,Not Converted
2024-01-11 21:15:00,user_85,Login,Tablet,North America,250.2,1.0,0,4.76,2024-01-11,21,Thursday,43.44,Not Converted
2024-01-11 21:30:00,user_78,Profile,Desktop,North America,26.19,0.63,0,9.75,2024-01-11,21,Thursday,2.44,Not Converted
2024-01-11 21:45:00,user_457,Product,Mobile,Africa,301.3,0.8,0,5.46,2024-01-11,21,Thursday,46.64,Not Converted
2024-01-11 22:00:00,user_878,Checkout,Mobile,North America,334.73,0.78,0,6.68,2024-01-11,22,Thursday,43.58,Not Converted
2024-01-11 22:15:00,user_1,Checkout,Desktop,Asia,337.51,0.36,0,1.71,2024-01-11,22,Thursday,124.54,Not Converted
2024-01-11 22:30:00,user_51,Home,Mobile,Asia,425.68,0.57,0,5.31,2024-01-11,22,Thursday,67.46,Not Converted
2024-01-11 22:45:00,user_685,Product,Mobile,Asia,110.6,0.49,0,5.53,2024-01-11,22,Thursday,16.94,Not Converted
2024-01-11 23:00:00,user_717,Login,Mobile,Africa,155.07,0.69,0,5.39,2024-01-11,23,Thursday,24.27,Not Converted
2024-01-11 23:15:00,user_772,Help,Tablet,Europe,487.38,0.02,0,5.91,2024-01-11,23,Thursday,70.53,Not Converted
2024-01-11 23:30:00,user_446,Checkout,Tablet,South America,294.4,0.34,0,0.68,2024-01-11,23,Thursday,175.24,Not Converted
2024-01-11 23:45:00,user_449,Checkout,Desktop,North America,85.88,0.14,0,7.26,2024-01-11,23,Thursday,10.4,Not Converted
2024-01-12 00:00:00,user_881,Home,Tablet,South America,301.1,0.23,0,7.27,2024-01-12,0,Friday,36.41,Not Converted
2024-01-12 00:15:00,user_488,Search,Mobile,Europe,132.43,0.49,0,1.6,2024-01-12,0,Friday,50.93,Not Converted
2024-01-12 00:30:00,user_800,Login,Tablet,Europe,40.74,0.04,0,5.92,2024-01-12,0,Friday,5.89,Not Converted
2024-01-12 00:45:00,user_34,Profile,Desktop,Africa,198.67,0.22,0,5.9,2024-01-12,0,Friday,28.79,Not Converted
2024-01-12 01:00:00,user_348,Product,Tablet,Asia,90.49,0.31,0,6.98,2024-01-12,1,Friday,11.34,Not Converted
2024-01-12 01:15:00,user_95,Checkout,Mobile,Asia,427.41,0.62,0,1.31,2024-01-12,1,Friday,185.03,Not Converted
2024-01-12 01:30:00,user_72,Checkout,Mobile,Europe,322.57,0.53,0,6.45,2024-01-12,1,Friday,43.3,Not Converted
2024-01-12 01:45:00,user_551,Profile,Unknown,Africa,90.58,0.22,0,3.17,2024-01-12,1,Friday,21.72,Not Converted
2024-01-12 02:00:00,user_154,Login,Tablet,Africa,10.5,0.16,0,5.32,2024-01-12,2,Friday,1.66,Not Converted
2024-01-12 02:15:00,user_250,Search,Tablet,North America,485.85,0.24,0,7.85,2024-01-12,2,Friday,54.9,Not Converted
2024-01-12 02:30:00,user_674,Checkout,Tablet,Asia,109.84,0.5,0,7.2,2024-01-12,2,Friday,13.4,Not Converted
2024-01-12 02:45:00,user_438,Login,Mobile,Europe,365.7,0.27,0,1.63,2024-01-12,2,Friday,139.05,Not Converted
2024-01-12 03:00:00,user_118,Profile,Desktop,South America,205.47,0.95,0,6.12,2024-01-12,3,Friday,28.86,Not Converted
2024-01-12 03:15:00,user_771,Home,Unknown,Asia,353.36,0.46,0,9.71,2024-01-12,3,Friday,32.99,Not Converted
2024-01-12 03:30:00,user_891,Search,Mobile,North America,192.81,0.06,0,1.99,2024-01-12,3,Friday,64.48,Not Converted
2024-01-12 03:45:00,user_306,Product,Mobile,Africa,56.73,0.73,0,8.6,2024-01-12,3,Friday,5.91,Not Converted
2024-01-12 04:00:00,user_268,Checkout,Unknown,Europe,137.66,0.33,1,7.17,2024-01-12,4,Friday,16.85,Converted
2024-01-12 04:15:00,user_961,Login,Tablet,Asia,116.89,0.65,0,7.85,2024-01-12,4,Friday,13.21,Not Converted
2024-01-12 04:30:00,user_54,Home,Tablet,South America,259.67,0.28,0,3.18,2024-01-12,4,Friday,62.12,Not Converted
2024-01-12 04:45:00,user_236,Product,Tablet,North America,396.68,0.57,0,3.23,2024-01-12,4,Friday,93.78,Not Converted
2024-01-12 05:00:00,user_389,Help,Tablet,North America,161.96,0.77,0,9.11,2024-01-12,5,Friday,16.02,Not Converted
2024-01-12 05:15:00,user_990,Login,Tablet,Asia,12.18,0.93,0,3.92,2024-01-12,5,Friday,2.48,Not Converted
2024-01-12 05:30:00,user_734,Login,Tablet,South America,313.77,0.26,0,1.1,2024-01-12,5,Friday,149.41,Not Converted
2024-01-12 05:45:00,user_763,Product,Tablet,North America,365.43,0.33,0,6.21,2024-01-12,5,Friday,50.68,Not Converted
2024-01-12 06:00:00,user_825,Home,Tablet,Europe,577.91,0.46,0,1.69,2024-01-12,6,Friday,214.84,Not Converted
2024-01-12 06:15:00,user_401,Help,Tablet,North America,355.74,0.93,0,5.46,2024-01-12,6,Friday,55.07,Not Converted
2024-01-12 06:30:00,user_624,Profile,Mobile,South America,285.35,0.49,0,6.6,2024-01-12,6,Friday,37.55,Not Converted
2024-01-12 06:45:00,user_767,Home,Tablet,Africa,346.17,0.09,0,8.81,2024-01-12,6,Friday,35.29,Not Converted
2024-01-12 07:00:00,user_303,Search,Desktop,Africa,557.1,0.13,1,7.96,2024-01-12,7,Friday,62.18,Converted
2024-01-12 07:15:00,user_919,Checkout,Mobile,Asia,497.88,0.5,0,1.57,2024-01-12,7,Friday,193.73,Not Converted
2024-01-12 07:30:00,user_207,Product,Tablet,South America,197.17,0.11,0,4.12,2024-01-12,7,Friday,38.51,Not Converted
2024-01-12 07:45:00,user_229,Profile,Desktop,North America,146.17,0.35,0,7.86,2024-01-12,7,Friday,16.5,Not Converted
2024-01-12 08:00:00,user_853,Help,Tablet,North America,161.27,0.15,1,5.46,2024-01-12,8,Friday,24.96,Converted
2024-01-12 08:15:00,user_910,Product,Desktop,Africa,305.13,0.64,0,9.74,2024-01-12,8,Friday,28.41,Not Converted
2024-01-12 08:30:00,user_578,Product,Desktop,Africa,447.71,0.49,0,7.49,2024-01-12,8,Friday,52.73,Not Converted
2024-01-12 08:45:00,user_75,Home,Desktop,Europe,304.42,1.0,0,0.65,2024-01-12,8,Friday,184.5,Not Converted
2024-01-12 09:00:00,user_435,Checkout,Desktop,Africa,45.34,0.38,0,8.86,2024-01-12,9,Friday,4.6,Not Converted
2024-01-12 09:15:00,user_103,Search,Mobile,Europe,435.53,0.6,0,1.46,2024-01-12,9,Friday,177.04,Not Converted
2024-01-12 09:30:00,user_422,Login,Mobile,North America,294.4,0.86,0,1.83,2024-01-12,9,Friday,104.03,Not Converted
2024-01-12 09:45:00,user_704,Login,Desktop,Europe,177.25,0.12,0,7.48,2024-01-12,9,Friday,20.9,Not Converted
2024-01-12 10:00:00,user_764,Product,Tablet,Europe,400.15,0.69,0,8.72,2024-01-12,10,Friday,41.17,Not Converted
2024-01-12 10:15:00,user_738,Checkout,Desktop,Asia,258.82,0.41,0,5.6,2024-01-12,10,Friday,39.22,Not Converted
2024-01-12 10:30:00,user_806,Help,Mobile,Africa,534.03,0.21,0,3.25,2024-01-12,10,Friday,125.65,Not Converted
2024-01-12 10:45:00,user_306,Help,Tablet,Europe,507.91,0.4,0,3.84,2024-01-12,10,Friday,104.94,Not Converted
2024-01-12 11:00:00,user_98,Profile,Mobile,North America,317.63,0.08,1,3.76,2024-01-12,11,Friday,66.73,Converted
2024-01-12 11:15:00,user_850,Home,Mobile,South America,416.45,0.7,0,3.6,2024-01-12,11,Friday,90.53,Not Converted
2024-01-12 11:30:00,user_798,Checkout,Tablet,Europe,530.59,0.25,0,5.46,2024-01-12,11,Friday,82.13,Not Converted
2024-01-12 11:45:00,user_335,Checkout,Desktop,Africa,299.95,0.31,0,6.28,2024-01-12,11,Friday,41.2,Not Converted
2024-01-12 12:00:00,user_859,Home,Desktop,Asia,191.38,0.12,0,9.05,2024-01-12,12,Friday,19.04,Not Converted
2024-01-12 12:15:00,user_435,Help,Desktop,North America,453.43,0.86,0,3.42,2024-01-12,12,Friday,102.59,Not Converted
2024-01-12 12:30:00,user_447,Help,Desktop,Asia,135.94,0.49,0,2.27,2024-01-12,12,Friday,41.57,Not Converted
2024-01-12 12:45:00,user_994,Help,Tablet,South America,236.18,0.57,0,8.47,2024-01-12,12,Friday,24.94,Not Converted
2024-01-12 13:00:00,user_308,Product,Tablet,Europe,520.11,0.57,1,7.55,2024-01-12,13,Friday,60.83,Converted
2024-01-12 13:15:00,user_249,Checkout,Tablet,Europe,294.4,0.41,0,9.34,2024-01-12,13,Friday,28.47,Not Converted
2024-01-12 13:30:00,user_166,Login,Mobile,Africa,245.27,0.19,0,2.07,2024-01-12,13,Friday,79.89,Not Converted
2024-01-12 13:45:00,user_481,Home,Tablet,Europe,132.77,0.75,0,1.87,2024-01-12,13,Friday,46.26,Not Converted
2024-01-12 14:00:00,user_984,Help,Desktop,North America,216.8,0.49,1,5.64,2024-01-12,14,Friday,32.65,Converted
2024-01-12 14:15:00,user_335,Profile,Mobile,South America,174.04,0.1,1,6.34,2024-01-12,14,Friday,23.71,Converted
2024-01-12 14:30:00,user_542,Help,Desktop,Asia,109.77,0.71,1,5.06,2024-01-12,14,Friday,18.11,Converted
2024-01-12 14:45:00,user_759,Help,Desktop,South America,447.28,0.21,0,6.19,2024-01-12,14,Friday,62.21,Not Converted
2024-01-12 15:00:00,user_106,Search,Tablet,Europe,294.4,0.31,0,2.21,2024-01-12,15,Friday,91.71,Not Converted
2024-01-12 15:15:00,user_563,Product,Tablet,Asia,275.23,0.48,0,5.06,2024-01-12,15,Friday,45.42,Not Converted
2024-01-12 15:30:00,user_81,Home,Desktop,Africa,294.4,0.45,0,6.75,2024-01-12,15,Friday,37.99,Not Converted
2024-01-12 15:45:00,user_133,Search,Desktop,South America,589.34,0.71,0,4.61,2024-01-12,15,Friday,105.05,Not Converted
2024-01-12 16:00:00,user_797,Search,Mobile,Asia,237.7,0.62,0,6.95,2024-01-12,16,Friday,29.9,Not Converted
2024-01-12 16:15:00,user_900,Profile,Tablet,Asia,52.59,0.64,0,4.79,2024-01-12,16,Friday,9.08,Not Converted
2024-01-12 16:30:00,user_138,Checkout,Mobile,Asia,58.45,0.71,0,3.67,2024-01-12,16,Friday,12.52,Not Converted
2024-01-12 16:45:00,user_184,Profile,Mobile,North America,356.5,0.29,0,3.38,2024-01-12,16,Friday,81.39,Not Converted
2024-01-12 17:00:00,user_401,Checkout,Mobile,South America,361.62,0.32,0,4.4,2024-01-12,17,Friday,66.97,Not Converted
2024-01-12 17:15:00,user_330,Checkout,Desktop,Asia,254.16,0.44,0,0.72,2024-01-12,17,Friday,147.77,Not Converted
2024-01-12 17:30:00,user_785,Home,Mobile,South America,261.95,0.31,0,6.85,2024-01-12,17,Friday,33.37,Not Converted
2024-01-12 17:45:00,user_508,Help,Mobile,Asia,37.09,0.98,0,8.53,2024-01-12,17,Friday,3.89,Not Converted
2024-01-12 18:00:00,user_852,Home,Desktop,Africa,312.35,0.81,0,3.87,2024-01-12,18,Friday,64.14,Not Converted
2024-01-12 18:15:00,user_984,Product,Tablet,Africa,305.32,0.16,0,0.94,2024-01-12,18,Friday,157.38,Not Converted
2024-01-12 18:30:00,user_69,Checkout,Tablet,Africa,93.98,0.01,0,9.87,2024-01-12,18,Friday,8.65,Not Converted
2024-01-12 18:45:00,user_546,Search,Mobile,Europe,66.78,0.04,0,3.01,2024-01-12,18,Friday,16.65,Not Converted
2024-01-12 19:00:00,user_774,Help,Desktop,Asia,78.53,0.24,0,1.7,2024-01-12,19,Friday,29.09,Not Converted
2024-01-12 19:15:00,user_53,Login,Tablet,Europe,65.11,0.11,1,4.01,2024-01-12,19,Friday,13.0,Converted
2024-01-12 19:30:00,user_450,Product,Mobile,South America,367.78,0.53,0,7.52,2024-01-12,19,Friday,43.17,Not Converted
2024-01-12 19:45:00,user_205,Home,Mobile,Europe,121.91,0.86,0,3.29,2024-01-12,19,Friday,28.42,Not Converted
2024-01-12 20:00:00,user_126,Profile,Desktop,South America,154.6,0.74,0,5.96,2024-01-12,20,Friday,22.21,Not Converted
2024-01-12 20:15:00,user_747,Product,Mobile,South America,108.28,0.22,0,4.45,2024-01-12,20,Friday,19.87,Not Converted
2024-01-12 20:30:00,user_43,Product,Tablet,South America,574.91,0.4,0,1.62,2024-01-12,20,Friday,219.43,Not Converted
2024-01-12 20:45:00,user_752,Help,Desktop,Europe,513.5,0.51,0,3.64,2024-01-12,20,Friday,110.67,Not Converted
2024-01-12 21:00:00,user_971,Product,Tablet,Asia,142.14,0.81,0,7.39,2024-01-12,21,Friday,16.94,Not Converted
2024-01-12 21:15:00,user_883,Product,Tablet,Europe,199.9,0.84,0,6.31,2024-01-12,21,Friday,27.35,Not Converted
2024-01-12 21:30:00,user_111,Login,Tablet,Asia,129.89,0.91,0,1.64,2024-01-12,21,Friday,49.2,Not Converted
2024-01-12 21:45:00,user_761,Profile,Mobile,Asia,297.67,0.51,0,2.05,2024-01-12,21,Friday,97.6,Not Converted
2024-01-12 22:00:00,user_663,Profile,Unknown,South America,16.67,0.69,0,6.59,2024-01-12,22,Friday,2.2,Not Converted
2024-01-12 22:15:00,user_183,Profile,Tablet,Europe,404.46,0.11,0,8.23,2024-01-12,22,Friday,43.82,Not Converted
2024-01-12 22:30:00,user_848,Checkout,Tablet,Asia,316.28,0.57,0,3.82,2024-01-12,22,Friday,65.62,Not Converted
2024-01-12 22:45:00,user_95,Search,Desktop,Africa,539.69,0.25,0,6.16,2024-01-12,22,Friday,75.38,Not Converted
2024-01-12 23:00:00,user_971,Profile,Desktop,Asia,102.81,0.43,1,2.12,2024-01-12,23,Friday,32.95,Converted
2024-01-12 23:15:00,user_374,Product,Mobile,Africa,483.45,0.63,0,3.46,2024-01-12,23,Friday,108.4,Not Converted
2024-01-12 23:30:00,user_912,Product,Mobile,Europe,476.22,0.26,0,0.69,2024-01-12,23,Friday,281.79,Not Converted
2024-01-12 23:45:00,user_520,Profile,Desktop,Europe,80.67,1.0,1,7.8,2024-01-12,23,Friday,9.17,Converted
2024-01-13 00:00:00,user_900,Help,Tablet,Europe,242.14,0.01,0,4.31,2024-01-13,0,Saturday,45.6,Not Converted
2024-01-13 00:15:00,user_360,Profile,Mobile,Asia,106.24,0.02,0,8.25,2024-01-13,0,Saturday,11.49,Not Converted
2024-01-13 00:30:00,user_900,Product,Tablet,North America,156.56,0.01,0,7.23,2024-01-13,0,Saturday,19.02,Not Converted
2024-01-13 00:45:00,user_696,Checkout,Desktop,Asia,161.63,0.11,0,8.37,2024-01-13,0,Saturday,17.25,Not Converted
2024-01-13 01:00:00,user_281,Home,Mobile,Asia,335.96,0.24,0,3.21,2024-01-13,1,Saturday,79.8,Not Converted
2024-01-13 01:15:00,user_195,Home,Mobile,South America,249.79,0.22,0,2.26,2024-01-13,1,Saturday,76.62,Not Converted
2024-01-13 01:30:00,user_864,Profile,Desktop,South America,568.9,0.99,0,9.73,2024-01-13,1,Saturday,53.02,Not Converted
2024-01-13 01:45:00,user_195,Login,Mobile,Asia,80.19,0.31,0,7.31,2024-01-13,1,Saturday,9.65,Not Converted
2024-01-13 02:00:00,user_667,Profile,Desktop,Africa,584.35,0.13,0,8.42,2024-01-13,2,Saturday,62.03,Not Converted
2024-01-13 02:15:00,user_93,Help,Mobile,South America,142.23,0.55,0,0.62,2024-01-13,2,Saturday,87.8,Not Converted
2024-01-13 02:30:00,user_672,Profile,Desktop,Asia,464.86,0.86,0,3.87,2024-01-13,2,Saturday,95.45,Not Converted
2024-01-13 02:45:00,user_946,Home,Mobile,North America,206.69,0.68,0,7.56,2024-01-13,2,Saturday,24.15,Not Converted
2024-01-13 03:00:00,user_61,Product,Tablet,Africa,90.13,0.3,0,1.24,2024-01-13,3,Saturday,40.24,Not Converted
2024-01-13 03:15:00,user_634,Profile,Tablet,Europe,515.44,0.56,1,5.89,2024-01-13,3,Saturday,74.81,Converted
2024-01-13 03:30:00,user_51,Product,Tablet,Asia,188.77,0.71,0,4.58,2024-01-13,3,Saturday,33.83,Not Converted
2024-01-13 03:45:00,user_403,Product,Mobile,Asia,397.02,0.73,0,0.67,2024-01-13,3,Saturday,237.74,Not Converted
2024-01-13 04:00:00,user_789,Login,Mobile,Africa,342.03,0.67,0,2.74,2024-01-13,4,Saturday,91.45,Not Converted
2024-01-13 04:15:00,user_5,Product,Tablet,South America,285.7,0.87,0,3.21,2024-01-13,4,Saturday,67.86,Not Converted
2024-01-13 04:30:00,user_466,Home,Tablet,South America,300.01,0.87,0,1.56,2024-01-13,4,Saturday,117.19,Not Converted
2024-01-13 04:45:00,user_604,Checkout,Desktop,South America,294.4,0.58,0,6.5,2024-01-13,4,Saturday,39.25,Not Converted
2024-01-13 05:00:00,user_682,Checkout,Desktop,Europe,57.22,0.43,0,2.8,2024-01-13,5,Saturday,15.06,Not Converted
2024-01-13 05:15:00,user_829,Search,Desktop,Africa,402.57,0.64,1,3.14,2024-01-13,5,Saturday,97.24,Converted
2024-01-13 05:30:00,user_534,Help,Tablet,Africa,538.01,0.82,0,9.03,2024-01-13,5,Saturday,53.64,Not Converted
2024-01-13 05:45:00,user_405,Profile,Tablet,South America,39.38,0.01,0,4.94,2024-01-13,5,Saturday,6.63,Not Converted
2024-01-13 06:00:00,user_838,Help,Tablet,South America,88.69,0.99,0,4.23,2024-01-13,6,Saturday,16.96,Not Converted
2024-01-13 06:15:00,user_513,Home,Desktop,North America,431.4,0.18,0,7.38,2024-01-13,6,Saturday,51.48,Not Converted
2024-01-13 06:30:00,user_645,Product,Mobile,North America,294.4,0.47,0,9.14,2024-01-13,6,Saturday,29.03,Not Converted
2024-01-13 06:45:00,user_233,Checkout,Tablet,Asia,245.11,0.87,0,0.74,2024-01-13,6,Saturday,140.87,Not Converted
2024-01-13 07:00:00,user_524,Help,Mobile,Asia,86.5,0.23,0,4.76,2024-01-13,7,Saturday,15.02,Not Converted
2024-01-13 07:15:00,user_346,Home,Mobile,Africa,294.4,0.48,0,6.3,2024-01-13,7,Saturday,40.33,Not Converted
2024-01-13 07:30:00,user_46,Checkout,Mobile,Africa,80.29,0.13,0,3.53,2024-01-13,7,Saturday,17.72,Not Converted
2024-01-13 07:45:00,user_546,Product,Desktop,Europe,288.59,0.4,0,7.84,2024-01-13,7,Saturday,32.65,Not Converted
2024-01-13 08:00:00,user_945,Help,Mobile,Europe,459.35,0.18,1,9.73,2024-01-13,8,Saturday,42.81,Converted
2024-01-13 08:15:00,user_78,Checkout,Tablet,North America,158.67,0.36,0,9.46,2024-01-13,8,Saturday,15.17,Not Converted
2024-01-13 08:30:00,user_730,Profile,Desktop,Asia,291.07,0.37,1,3.03,2024-01-13,8,Saturday,72.23,Converted
2024-01-13 08:45:00,user_813,Profile,Tablet,North America,595.25,0.99,0,2.65,2024-01-13,8,Saturday,163.08,Not Converted
2024-01-13 09:00:00,user_923,Search,Tablet,North America,413.56,0.99,0,9.6,2024-01-13,9,Saturday,39.02,Not Converted
2024-01-13 09:15:00,user_73,Search,Desktop,Asia,505.61,0.11,0,4.86,2024-01-13,9,Saturday,86.28,Not Converted
2024-01-13 09:30:00,user_794,Checkout,Tablet,Europe,251.83,0.73,0,2.48,2024-01-13,9,Saturday,72.36,Not Converted
2024-01-13 09:45:00,user_249,Home,Tablet,Asia,461.88,0.05,0,7.22,2024-01-13,9,Saturday,56.19,Not Converted
2024-01-13 10:00:00,user_47,Profile,Desktop,South America,29.1,0.03,0,3.2,2024-01-13,10,Saturday,6.93,Not Converted
2024-01-13 10:15:00,user_121,Home,Tablet,South America,78.13,0.11,1,3.04,2024-01-13,10,Saturday,19.34,Converted
2024-01-13 10:30:00,user_214,Home,Mobile,South America,125.83,0.97,0,8.85,2024-01-13,10,Saturday,12.77,Not Converted
2024-01-13 10:45:00,user_239,Checkout,Tablet,Africa,244.16,0.94,0,2.04,2024-01-13,10,Saturday,80.32,Not Converted
2024-01-13 11:00:00,user_56,Home,Mobile,Europe,508.22,0.19,0,1.11,2024-01-13,11,Saturday,240.86,Not Converted
2024-01-13 11:15:00,user_350,Profile,Tablet,Europe,211.03,0.16,0,3.06,2024-01-13,11,Saturday,51.98,Not Converted
2024-01-13 11:30:00,user_107,Product,Desktop,Africa,394.5,0.24,0,6.27,2024-01-13,11,Saturday,54.26,Not Converted
2024-01-13 11:45:00,user_831,Search,Desktop,North America,427.04,0.52,0,1.67,2024-01-13,11,Saturday,159.94,Not Converted
2024-01-13 12:00:00,user_48,Product,Tablet,South America,353.78,0.57,0,5.46,2024-01-13,12,Saturday,54.76,Not Converted
2024-01-13 12:15:00,user_573,Home,Desktop,South America,217.56,0.22,0,6.46,2024-01-13,12,Saturday,29.16,Not Converted
2024-01-13 12:30:00,user_337,Product,Tablet,North America,348.35,0.76,0,8.56,2024-01-13,12,Saturday,36.44,Not Converted
2024-01-13 12:45:00,user_26,Profile,Desktop,Asia,208.65,0.31,0,2.68,2024-01-13,12,Saturday,56.7,Not Converted
2024-01-13 13:00:00,user_804,Profile,Mobile,Asia,54.9,0.92,0,8.26,2024-01-13,13,Saturday,5.93,Not Converted
2024-01-13 13:15:00,user_257,Home,Tablet,Europe,595.72,0.66,0,2.73,2024-01-13,13,Saturday,159.71,Not Converted
2024-01-13 13:30:00,user_8,Checkout,Mobile,Africa,80.67,0.44,0,6.93,2024-01-13,13,Saturday,10.17,Not Converted
2024-01-13 13:45:00,user_625,Product,Mobile,Europe,48.05,0.79,0,4.59,2024-01-13,13,Saturday,8.6,Not Converted
2024-01-13 14:00:00,user_867,Checkout,Tablet,Asia,527.73,0.82,0,1.59,2024-01-13,14,Saturday,203.76,Not Converted
2024-01-13 14:15:00,user_253,Checkout,Mobile,North America,184.59,0.29,0,7.29,2024-01-13,14,Saturday,22.27,Not Converted
2024-01-13 14:30:00,user_692,Login,Tablet,Europe,391.93,0.34,0,2.57,2024-01-13,14,Saturday,109.78,Not Converted
2024-01-13 14:45:00,user_719,Home,Mobile,South America,200.76,0.94,0,2.18,2024-01-13,14,Saturday,63.13,Not Converted
2024-01-13 15:00:00,user_303,Search,Tablet,South America,237.92,0.16,0,3.9,2024-01-13,15,Saturday,48.56,Not Converted
2024-01-13 15:15:00,user_639,Profile,Unknown,North America,160.96,0.04,0,6.71,2024-01-13,15,Saturday,20.88,Not Converted
2024-01-13 15:30:00,user_56,Profile,Desktop,Asia,209.11,0.45,0,2.72,2024-01-13,15,Saturday,56.21,Not Converted
2024-01-13 15:45:00,user_726,Home,Tablet,South America,249.37,0.8,0,2.24,2024-01-13,15,Saturday,76.97,Not Converted
2024-01-13 16:00:00,user_526,Help,Tablet,South America,433.65,0.77,0,0.59,2024-01-13,16,Saturday,272.74,Not Converted
2024-01-13 16:15:00,user_474,Help,Mobile,Africa,309.36,0.49,0,4.98,2024-01-13,16,Saturday,51.73,Not Converted
2024-01-13 16:30:00,user_28,Help,Tablet,Europe,566.42,0.53,0,4.57,2024-01-13,16,Saturday,101.69,Not Converted
2024-01-13 16:45:00,user_983,Search,Desktop,Asia,294.4,0.1,0,2.72,2024-01-13,16,Saturday,79.14,Not Converted
2024-01-13 17:00:00,user_78,Profile,Mobile,Europe,304.33,0.59,0,1.01,2024-01-13,17,Saturday,151.41,Not Converted
2024-01-13 17:15:00,user_216,Home,Mobile,Asia,352.61,0.78,0,4.58,2024-01-13,17,Saturday,63.19,Not Converted
2024-01-13 17:30:00,user_386,Profile,Desktop,South America,552.52,0.09,0,7.99,2024-01-13,17,Saturday,61.46,Not Converted
2024-01-13 17:45:00,user_365,Checkout,Mobile,Africa,34.25,0.17,0,7.3,2024-01-13,17,Saturday,4.13,Not Converted
2024-01-13 18:00:00,user_666,Product,Mobile,Europe,294.4,0.01,0,8.68,2024-01-13,18,Saturday,30.41,Not Converted
2024-01-13 18:15:00,user_526,Product,Mobile,South America,294.4,0.59,0,0.59,2024-01-13,18,Saturday,185.16,Not Converted
2024-01-13 18:30:00,user_699,Profile,Mobile,Asia,148.95,0.89,0,9.68,2024-01-13,18,Saturday,13.95,Not Converted
2024-01-13 18:45:00,user_312,Login,Desktop,Europe,526.39,0.67,0,3.74,2024-01-13,18,Saturday,111.05,Not Converted
2024-01-13 19:00:00,user_883,Search,Desktop,Europe,16.33,0.98,0,9.91,2024-01-13,19,Saturday,1.5,Not Converted
2024-01-13 19:15:00,user_7,Help,Mobile,South America,440.81,0.49,0,2.9,2024-01-13,19,Saturday,113.03,Not Converted
2024-01-13 19:30:00,user_3,Search,Mobile,Europe,560.2,0.9,0,4.98,2024-01-13,19,Saturday,93.68,Not Converted
2024-01-13 19:45:00,user_623,Search,Desktop,Africa,396.03,0.81,1,3.86,2024-01-13,19,Saturday,81.49,Converted
2024-01-13 20:00:00,user_919,Checkout,Desktop,Africa,266.22,0.31,0,3.88,2024-01-13,20,Saturday,54.55,Not Converted
2024-01-13 20:15:00,user_750,Search,Desktop,South America,31.7,0.97,0,8.5,2024-01-13,20,Saturday,3.34,Not Converted
2024-01-13 20:30:00,user_363,Product,Mobile,Asia,552.47,0.29,0,7.59,2024-01-13,20,Saturday,64.32,Not Converted
2024-01-13 20:45:00,user_751,Checkout,Mobile,South America,284.83,0.89,0,9.93,2024-01-13,20,Saturday,26.06,Not Converted
2024-01-13 21:00:00,user_508,Home,Tablet,Africa,22.25,0.88,0,6.33,2024-01-13,21,Saturday,3.04,Not Converted
2024-01-13 21:15:00,user_274,Search,Desktop,North America,415.44,0.76,0,4.9,2024-01-13,21,Saturday,70.41,Not Converted
2024-01-13 21:30:00,user_506,Search,Mobile,North America,291.69,0.56,0,1.36,2024-01-13,21,Saturday,123.6,Not Converted
2024-01-13 21:45:00,user_806,Home,Desktop,Europe,78.99,0.12,0,9.97,2024-01-13,21,Saturday,7.2,Not Converted
2024-01-13 22:00:00,user_739,Search,Mobile,Europe,132.49,0.53,0,5.74,2024-01-13,22,Saturday,19.66,Not Converted
2024-01-13 22:15:00,user_883,Home,Desktop,North America,43.37,0.36,0,7.15,2024-01-13,22,Saturday,5.32,Not Converted
2024-01-13 22:30:00,user_15,Checkout,Mobile,Africa,346.7,0.79,0,4.36,2024-01-13,22,Saturday,64.68,Not Converted
2024-01-13 22:45:00,user_192,Product,Tablet,Europe,375.11,0.76,0,5.7,2024-01-13,22,Saturday,55.99,Not Converted
2024-01-13 23:00:00,user_985,Home,Tablet,South America,305.92,0.91,0,9.45,2024-01-13,23,Saturday,29.27,Not Converted
2024-01-13 23:15:00,user_631,Login,Desktop,South America,491.18,0.01,0,2.08,2024-01-13,23,Saturday,159.47,Not Converted
2024-01-13 23:30:00,user_485,Home,Mobile,Africa,517.3,0.81,0,3.28,2024-01-13,23,Saturday,120.86,Not Converted
2024-01-13 23:45:00,user_28,Search,Mobile,Europe,371.3,0.94,0,5.46,2024-01-13,23,Saturday,57.48,Not Converted
2024-01-14 00:00:00,user_714,Help,Desktop,South America,12.59,0.79,0,8.03,2024-01-14,0,Sunday,1.39,Not Converted
2024-01-14 00:15:00,user_39,Help,Mobile,Europe,418.66,0.13,0,1.09,2024-01-14,0,Sunday,200.32,Not Converted
2024-01-14 00:30:00,user_953,Checkout,Desktop,Europe,253.71,0.08,0,1.28,2024-01-14,0,Sunday,111.28,Not Converted
2024-01-14 00:45:00,user_273,Profile,Mobile,South America,341.51,0.02,0,3.34,2024-01-14,0,Sunday,78.69,Not Converted
2024-01-14 01:00:00,user_231,Checkout,Unknown,North America,391.2,0.63,0,5.38,2024-01-14,1,Sunday,61.32,Not Converted
2024-01-14 01:15:00,user_86,Profile,Mobile,South America,213.39,0.63,0,4.36,2024-01-14,1,Sunday,39.81,Not Converted
2024-01-14 01:30:00,user_474,Help,Desktop,Africa,550.67,0.99,0,0.93,2024-01-14,1,Sunday,285.32,Not Converted
2024-01-14 01:45:00,user_126,Help,Mobile,Asia,84.72,0.4,0,9.6,2024-01-14,1,Sunday,7.99,Not Converted
2024-01-14 02:00:00,user_812,Home,Tablet,South America,404.55,0.33,0,9.55,2024-01-14,2,Sunday,38.35,Not Converted
2024-01-14 02:15:00,user_537,Product,Mobile,Europe,7.59,0.62,0,3.15,2024-01-14,2,Sunday,1.83,Not Converted
2024-01-14 02:30:00,user_145,Login,Desktop,Europe,555.17,0.83,0,5.46,2024-01-14,2,Sunday,85.94,Not Converted
2024-01-14 02:45:00,user_525,Checkout,Tablet,South America,71.94,0.94,0,6.0,2024-01-14,2,Sunday,10.28,Not Converted
2024-01-14 03:00:00,user_212,Search,Mobile,Asia,61.46,0.8,0,2.76,2024-01-14,3,Sunday,16.35,Not Converted
2024-01-14 03:15:00,user_25,Profile,Tablet,South America,203.14,0.43,1,2.99,2024-01-14,3,Sunday,50.91,Converted
2024-01-14 03:30:00,user_580,Search,Mobile,Asia,227.27,0.63,0,5.17,2024-01-14,3,Sunday,36.83,Not Converted
2024-01-14 03:45:00,user_394,Product,Tablet,Asia,132.51,0.86,0,5.46,2024-01-14,3,Sunday,20.51,Not Converted
2024-01-14 04:00:00,user_67,Profile,Desktop,Africa,353.15,0.49,0,3.27,2024-01-14,4,Sunday,82.7,Not Converted
2024-01-14 04:15:00,user_233,Checkout,Mobile,Europe,268.53,0.22,0,8.17,2024-01-14,4,Sunday,29.28,Not Converted
2024-01-14 04:30:00,user_109,Home,Mobile,Europe,25.33,0.17,0,5.07,2024-01-14,4,Sunday,4.17,Not Converted
2024-01-14 04:45:00,user_146,Search,Desktop,Asia,195.19,0.49,0,6.72,2024-01-14,4,Sunday,25.28,Not Converted
2024-01-14 05:00:00,user_111,Product,Tablet,Europe,487.21,0.72,0,2.3,2024-01-14,5,Sunday,147.64,Not Converted
2024-01-14 05:15:00,user_228,Checkout,Desktop,North America,294.4,0.11,0,5.57,2024-01-14,5,Sunday,44.81,Not Converted
2024-01-14 05:30:00,user_111,Help,Desktop,Asia,436.3,0.24,0,3.52,2024-01-14,5,Sunday,96.53,Not Converted
2024-01-14 05:45:00,user_470,Help,Tablet,Europe,420.38,0.3,0,5.5,2024-01-14,5,Sunday,64.67,Not Converted
2024-01-14 06:00:00,user_34,Checkout,Desktop,North America,190.03,0.56,1,5.46,2024-01-14,6,Sunday,29.42,Converted
2024-01-14 06:15:00,user_623,Checkout,Mobile,Africa,64.3,0.4,1,5.46,2024-01-14,6,Sunday,9.95,Converted
2024-01-14 06:30:00,user_776,Checkout,Mobile,Europe,294.4,0.67,0,3.87,2024-01-14,6,Sunday,60.45,Not Converted
2024-01-14 06:45:00,user_936,Profile,Mobile,North America,499.91,0.49,0,7.1,2024-01-14,6,Sunday,61.72,Not Converted
2024-01-14 07:00:00,user_369,Checkout,Desktop,South America,588.38,0.12,0,9.44,2024-01-14,7,Sunday,56.36,Not Converted
2024-01-14 07:15:00,user_748,Search,Mobile,South America,298.84,0.5,0,6.44,2024-01-14,7,Sunday,40.17,Not Converted
2024-01-14 07:30:00,user_595,Product,Mobile,North America,10.77,0.34,0,1.91,2024-01-14,7,Sunday,3.7,Not Converted
2024-01-14 07:45:00,user_554,Profile,Mobile,Asia,88.33,0.3,0,6.96,2024-01-14,7,Sunday,11.1,Not Converted
2024-01-14 08:00:00,user_425,Checkout,Mobile,Asia,196.64,0.07,0,1.5,2024-01-14,8,Sunday,78.66,Not Converted
2024-01-14 08:15:00,user_613,Login,Mobile,Europe,349.26,0.9,0,8.79,2024-01-14,8,Sunday,35.68,Not Converted
2024-01-14 08:30:00,user_518,Login,Mobile,South America,49.68,0.69,0,5.41,2024-01-14,8,Sunday,7.75,Not Converted
2024-01-14 08:45:00,user_692,Product,Desktop,Asia,566.3,0.12,0,4.16,2024-01-14,8,Sunday,109.75,Not Converted
2024-01-14 09:00:00,user_282,Help,Mobile,Asia,222.22,0.07,0,1.04,2024-01-14,9,Sunday,108.93,Not Converted
2024-01-14 09:15:00,user_320,Home,Mobile,South America,547.99,0.97,0,4.12,2024-01-14,9,Sunday,107.03,Not Converted
2024-01-14 09:30:00,user_738,Home,Tablet,Africa,469.41,0.68,0,9.08,2024-01-14,9,Sunday,46.57,Not Converted
2024-01-14 09:45:00,user_443,Help,Desktop,Asia,454.49,0.42,0,0.7,2024-01-14,9,Sunday,267.35,Not Converted
2024-01-14 10:00:00,user_952,Profile,Desktop,North America,366.0,0.7,0,5.01,2024-01-14,10,Sunday,60.9,Not Converted
2024-01-14 10:15:00,user_315,Profile,Desktop,Europe,377.94,0.76,0,9.35,2024-01-14,10,Sunday,36.52,Not Converted
2024-01-14 10:30:00,user_877,Profile,Desktop,Asia,384.61,0.78,0,4.25,2024-01-14,10,Sunday,73.26,Not Converted
2024-01-14 10:45:00,user_966,Home,Unknown,Asia,294.4,0.48,0,4.57,2024-01-14,10,Sunday,52.85,Not Converted
2024-01-14 11:00:00,user_741,Login,Mobile,Africa,294.4,0.43,0,6.0,2024-01-14,11,Sunday,42.06,Not Converted
2024-01-14 11:15:00,user_377,Home,Tablet,North America,591.92,0.49,0,4.9,2024-01-14,11,Sunday,100.33,Not Converted
2024-01-14 11:30:00,user_289,Search,Tablet,Europe,440.71,0.49,0,2.1,2024-01-14,11,Sunday,142.16,Not Converted
2024-01-14 11:45:00,user_437,Checkout,Desktop,Asia,467.28,0.6,0,0.68,2024-01-14,11,Sunday,278.14,Not Converted
2024-01-14 12:00:00,user_662,Profile,Tablet,Europe,524.12,0.2,0,6.29,2024-01-14,12,Sunday,71.9,Not Converted
2024-01-14 12:15:00,user_277,Login,Tablet,South America,133.31,0.92,0,9.25,2024-01-14,12,Sunday,13.01,Not Converted
2024-01-14 12:30:00,user_710,Product,Desktop,Asia,54.86,0.91,0,1.51,2024-01-14,12,Sunday,21.86,Not Converted
2024-01-14 12:45:00,user_582,Product,Desktop,Asia,294.4,0.99,0,5.46,2024-01-14,12,Sunday,45.57,Not Converted
2024-01-14 13:00:00,user_503,Checkout,Tablet,South America,310.88,0.87,0,4.02,2024-01-14,13,Sunday,61.93,Not Converted
2024-01-14 13:15:00,user_624,Login,Mobile,Africa,498.36,1.0,0,8.18,2024-01-14,13,Sunday,54.29,Not Converted
2024-01-14 13:30:00,user_516,Home,Tablet,Asia,269.05,0.24,0,3.06,2024-01-14,13,Sunday,66.27,Not Converted
2024-01-14 13:45:00,user_350,Home,Tablet,Europe,344.66,0.84,0,8.88,2024-01-14,13,Sunday,34.88,Not Converted
2024-01-14 14:00:00,user_843,Search,Mobile,North America,318.61,0.82,0,1.02,2024-01-14,14,Sunday,157.73,Not Converted
2024-01-14 14:15:00,user_446,Search,Mobile,Europe,294.4,1.0,1,9.44,2024-01-14,14,Sunday,28.2,Converted
2024-01-14 14:30:00,user_830,Home,Desktop,Africa,371.05,0.1,1,5.83,2024-01-14,14,Sunday,54.33,Converted
2024-01-14 14:45:00,user_350,Product,Desktop,North America,497.69,0.98,0,5.46,2024-01-14,14,Sunday,77.04,Not Converted
2024-01-14 15:00:00,user_607,Profile,Tablet,Europe,98.71,0.3,0,3.99,2024-01-14,15,Sunday,19.78,Not Converted
2024-01-14 15:15:00,user_664,Product,Mobile,Europe,358.63,0.87,0,7.93,2024-01-14,15,Sunday,40.16,Not Converted
2024-01-14 15:30:00,user_823,Search,Desktop,South America,358.2,0.0,1,2.08,2024-01-14,15,Sunday,116.3,Converted
2024-01-14 15:45:00,user_137,Checkout,Unknown,Africa,102.69,0.02,0,0.96,2024-01-14,15,Sunday,52.39,Not Converted
2024-01-14 16:00:00,user_759,Home,Mobile,South America,78.46,0.47,0,4.26,2024-01-14,16,Sunday,14.92,Not Converted
2024-01-14 16:15:00,user_899,Search,Tablet,North America,294.4,0.24,0,5.46,2024-01-14,16,Sunday,45.57,Not Converted
2024-01-14 16:30:00,user_243,Search,Desktop,South America,239.26,0.49,0,7.67,2024-01-14,16,Sunday,27.6,Not Converted
2024-01-14 16:45:00,user_543,Profile,Desktop,Africa,140.32,0.57,0,5.41,2024-01-14,16,Sunday,21.89,Not Converted
2024-01-14 17:00:00,user_40,Home,Mobile,Asia,106.94,0.08,0,5.94,2024-01-14,17,Sunday,15.41,Not Converted
2024-01-14 17:15:00,user_229,Profile,Tablet,Asia,402.22,0.16,0,1.73,2024-01-14,17,Sunday,147.33,Not Converted
2024-01-14 17:30:00,user_548,Home,Mobile,North America,367.62,0.39,0,8.49,2024-01-14,17,Sunday,38.74,Not Converted
2024-01-14 17:45:00,user_920,Profile,Desktop,Asia,387.91,0.19,1,7.98,2024-01-14,17,Sunday,43.2,Converted
2024-01-14 18:00:00,user_223,Product,Desktop,South America,294.4,0.79,0,6.74,2024-01-14,18,Sunday,38.04,Not Converted
2024-01-14 18:15:00,user_6,Checkout,Tablet,North America,536.65,0.42,0,4.93,2024-01-14,18,Sunday,90.5,Not Converted
2024-01-14 18:30:00,user_322,Checkout,Tablet,Africa,236.61,0.09,0,9.66,2024-01-14,18,Sunday,22.2,Not Converted
2024-01-14 18:45:00,user_468,Home,Tablet,North America,191.45,0.48,0,8.85,2024-01-14,18,Sunday,19.44,Not Converted
2024-01-14 19:00:00,user_732,Login,Mobile,North America,294.4,0.09,0,6.62,2024-01-14,19,Sunday,38.64,Not Converted
2024-01-14 19:15:00,user_75,Help,Tablet,Europe,237.09,0.13,0,4.03,2024-01-14,19,Sunday,47.14,Not Converted
2024-01-14 19:30:00,user_4,Search,Tablet,Europe,518.83,0.24,0,6.37,2024-01-14,19,Sunday,70.4,Not Converted
2024-01-14 19:45:00,user_847,Search,Desktop,North America,557.91,0.86,0,5.97,2024-01-14,19,Sunday,80.04,Not Converted
2024-01-14 20:00:00,user_646,Home,Desktop,Asia,185.55,0.92,0,4.25,2024-01-14,20,Sunday,35.34,Not Converted
2024-01-14 20:15:00,user_118,Profile,Tablet,Europe,519.04,0.83,1,3.41,2024-01-14,20,Sunday,117.7,Converted
2024-01-14 20:30:00,user_881,Login,Tablet,Africa,470.01,0.33,0,4.37,2024-01-14,20,Sunday,87.53,Not Converted
2024-01-14 20:45:00,user_606,Product,Desktop,South America,558.83,0.27,0,5.95,2024-01-14,20,Sunday,80.41,Not Converted
2024-01-14 21:00:00,user_504,Profile,Tablet,Europe,151.22,0.55,0,5.46,2024-01-14,21,Sunday,23.41,Not Converted
2024-01-14 21:15:00,user_998,Profile,Mobile,North America,348.29,0.72,0,3.0,2024-01-14,21,Sunday,87.07,Not Converted
2024-01-14 21:30:00,user_947,Home,Mobile,Asia,168.35,0.99,0,7.73,2024-01-14,21,Sunday,19.28,Not Converted
2024-01-14 21:45:00,user_574,Home,Mobile,South America,495.34,0.13,0,5.55,2024-01-14,21,Sunday,75.62,Not Converted
2024-01-14 22:00:00,user_441,Search,Tablet,Europe,8.17,0.05,0,1.14,2024-01-14,22,Sunday,3.82,Not Converted
2024-01-14 22:15:00,user_194,Home,Desktop,Asia,294.4,0.69,0,4.0,2024-01-14,22,Sunday,58.88,Not Converted
2024-01-14 22:30:00,user_847,Home,Tablet,Asia,206.83,0.83,0,8.91,2024-01-14,22,Sunday,20.87,Not Converted
2024-01-14 22:45:00,user_715,Home,Tablet,Asia,197.0,0.85,0,7.67,2024-01-14,22,Sunday,22.72,Not Converted
2024-01-14 23:00:00,user_392,Search,Desktop,North America,388.72,0.68,0,3.57,2024-01-14,23,Sunday,85.06,Not Converted
2024-01-14 23:15:00,user_26,Product,Desktop,Africa,511.63,0.95,0,9.41,2024-01-14,23,Sunday,49.15,Not Converted
2024-01-14 23:30:00,user_435,Product,Desktop,Asia,367.47,0.51,0,1.23,2024-01-14,23,Sunday,164.78,Not Converted
2024-01-14 23:45:00,user_173,Help,Mobile,South America,512.64,0.91,0,9.63,2024-01-14,23,Sunday,48.23,Not Converted
2024-01-15 00:00:00,user_300,Help,Tablet,Europe,162.44,0.97,0,2.83,2024-01-15,0,Monday,42.41,Not Converted
2024-01-15 00:15:00,user_645,Home,Desktop,South America,314.1,0.85,0,0.59,2024-01-15,0,Monday,197.55,Not Converted
2024-01-15 00:30:00,user_326,Help,Tablet,North America,273.07,0.31,0,4.62,2024-01-15,0,Monday,48.59,Not Converted
2024-01-15 00:45:00,user_410,Search,Mobile,North America,11.93,0.2,0,3.91,2024-01-15,0,Monday,2.43,Not Converted
2024-01-15 01:00:00,user_118,Product,Mobile,South America,336.3,0.55,0,5.62,2024-01-15,1,Monday,50.8,Not Converted
2024-01-15 01:15:00,user_836,Profile,Desktop,Africa,398.61,0.45,0,8.07,2024-01-15,1,Monday,43.95,Not Converted
2024-01-15 01:30:00,user_787,Product,Desktop,North America,357.19,0.88,0,8.5,2024-01-15,1,Monday,37.6,Not Converted
2024-01-15 01:45:00,user_724,Product,Tablet,North America,443.09,0.1,0,4.31,2024-01-15,1,Monday,83.44,Not Converted
2024-01-15 02:00:00,user_225,Search,Desktop,South America,344.95,0.26,0,4.58,2024-01-15,2,Monday,61.82,Not Converted
2024-01-15 02:15:00,user_532,Help,Tablet,North America,44.72,0.49,0,1.91,2024-01-15,2,Monday,15.37,Not Converted
2024-01-15 02:30:00,user_113,Profile,Desktop,Africa,74.29,0.09,1,0.95,2024-01-15,2,Monday,38.1,Converted
2024-01-15 02:45:00,user_140,Search,Tablet,Africa,359.9,0.32,0,6.59,2024-01-15,2,Monday,47.42,Not Converted
2024-01-15 03:00:00,user_559,Home,Tablet,Africa,168.61,0.39,0,1.11,2024-01-15,3,Monday,79.91,Not Converted
2024-01-15 03:15:00,user_1,Checkout,Tablet,Europe,52.39,0.62,0,7.47,2024-01-15,3,Monday,6.19,Not Converted
2024-01-15 03:30:00,user_90,Product,Tablet,Africa,260.61,0.16,0,5.46,2024-01-15,3,Monday,40.34,Not Converted
2024-01-15 03:45:00,user_654,Checkout,Mobile,Africa,334.82,0.86,0,2.39,2024-01-15,3,Monday,98.77,Not Converted
2024-01-15 04:00:00,user_320,Search,Tablet,Europe,200.6,0.45,0,5.63,2024-01-15,4,Monday,30.26,Not Converted
2024-01-15 04:15:00,user_550,Search,Desktop,Asia,433.66,0.92,0,5.46,2024-01-15,4,Monday,67.13,Not Converted
2024-01-15 04:30:00,user_805,Search,Mobile,North America,388.04,0.47,0,4.67,2024-01-15,4,Monday,68.44,Not Converted
2024-01-15 04:45:00,user_894,Checkout,Mobile,Africa,203.03,0.28,0,8.1,2024-01-15,4,Monday,22.31,Not Converted
2024-01-15 05:00:00,user_139,Search,Tablet,North America,454.15,0.14,0,4.89,2024-01-15,5,Monday,77.11,Not Converted
2024-01-15 05:15:00,user_511,Home,Mobile,South America,390.97,0.0,0,1.91,2024-01-15,5,Monday,134.35,Not Converted
2024-01-15 05:30:00,user_868,Search,Tablet,North America,384.28,0.53,1,7.38,2024-01-15,5,Monday,45.86,Converted
2024-01-15 05:45:00,user_845,Login,Desktop,Europe,334.29,0.11,0,2.27,2024-01-15,5,Monday,102.23,Not Converted
2024-01-15 06:00:00,user_259,Help,Tablet,North America,11.78,0.39,0,7.52,2024-01-15,6,Monday,1.38,Not Converted
2024-01-15 06:15:00,user_673,Checkout,Mobile,North America,419.42,0.49,0,5.05,2024-01-15,6,Monday,69.33,Not Converted
2024-01-15 06:30:00,user_902,Login,Desktop,North America,228.74,0.28,0,4.81,2024-01-15,6,Monday,39.37,Not Converted
2024-01-15 06:45:00,user_690,Search,Tablet,Asia,565.85,0.18,0,8.59,2024-01-15,6,Monday,59.0,Not Converted
2024-01-15 07:00:00,user_10,Home,Desktop,Asia,491.7,0.77,0,7.23,2024-01-15,7,Monday,59.74,Not Converted
2024-01-15 07:15:00,user_261,Product,Desktop,South America,354.68,0.95,0,0.81,2024-01-15,7,Monday,195.96,Not Converted
2024-01-15 07:30:00,user_919,Profile,Mobile,Europe,155.05,0.1,1,3.31,2024-01-15,7,Monday,35.97,Converted
2024-01-15 07:45:00,user_650,Help,Desktop,North America,126.21,0.16,0,8.77,2024-01-15,7,Monday,12.92,Not Converted
2024-01-15 08:00:00,user_172,Profile,Mobile,North America,207.53,0.96,0,0.67,2024-01-15,8,Monday,124.27,Not Converted
2024-01-15 08:15:00,user_898,Search,Desktop,North America,288.56,0.04,0,5.68,2024-01-15,8,Monday,43.2,Not Converted
2024-01-15 08:30:00,user_13,Help,Tablet,North America,181.16,0.98,0,7.41,2024-01-15,8,Monday,21.54,Not Converted
2024-01-15 08:45:00,user_168,Help,Desktop,Asia,311.38,0.0,0,6.41,2024-01-15,8,Monday,42.02,Not Converted
2024-01-15 09:00:00,user_642,Home,Unknown,South America,103.4,0.87,0,7.73,2024-01-15,9,Monday,11.84,Not Converted
2024-01-15 09:15:00,user_596,Help,Tablet,Africa,586.74,0.31,0,7.39,2024-01-15,9,Monday,69.93,Not Converted
2024-01-15 09:30:00,user_321,Checkout,Desktop,Europe,69.22,0.94,0,7.07,2024-01-15,9,Monday,8.58,Not Converted
2024-01-15 09:45:00,user_319,Login,Tablet,North America,559.51,0.32,0,8.3,2024-01-15,9,Monday,60.16,Not Converted
2024-01-15 10:00:00,user_613,Login,Desktop,South America,548.58,0.65,0,6.63,2024-01-15,10,Monday,71.9,Not Converted
2024-01-15 10:15:00,user_329,Login,Desktop,Africa,317.59,0.08,0,4.32,2024-01-15,10,Monday,59.7,Not Converted
2024-01-15 10:30:00,user_785,Checkout,Tablet,South America,436.32,0.24,0,5.46,2024-01-15,10,Monday,67.54,Not Converted
2024-01-15 10:45:00,user_777,Profile,Tablet,Asia,294.4,0.77,0,7.31,2024-01-15,10,Monday,35.43,Not Converted
2024-01-15 11:00:00,user_971,Home,Unknown,Africa,379.87,0.53,0,8.82,2024-01-15,11,Monday,38.68,Not Converted
2024-01-15 11:15:00,user_911,Help,Tablet,South America,207.64,0.93,0,3.09,2024-01-15,11,Monday,50.77,Not Converted
2024-01-15 11:30:00,user_920,Checkout,Mobile,Asia,294.4,0.43,0,3.75,2024-01-15,11,Monday,61.98,Not Converted
2024-01-15 11:45:00,user_550,Login,Tablet,South America,349.05,0.87,0,9.34,2024-01-15,11,Monday,33.76,Not Converted
2024-01-15 12:00:00,user_419,Search,Desktop,South America,301.39,0.45,0,5.46,2024-01-15,12,Monday,46.65,Not Converted
2024-01-15 12:15:00,user_606,Product,Tablet,Africa,349.82,0.98,0,2.2,2024-01-15,12,Monday,109.32,Not Converted
2024-01-15 12:30:00,user_95,Help,Desktop,Asia,175.56,0.96,0,6.81,2024-01-15,12,Monday,22.48,Not Converted
2024-01-15 12:45:00,user_817,Checkout,Desktop,North America,223.34,0.33,0,9.91,2024-01-15,12,Monday,20.47,Not Converted
2024-01-15 13:00:00,user_581,Checkout,Desktop,Europe,54.92,0.89,1,8.32,2024-01-15,13,Monday,5.89,Converted
2024-01-15 13:15:00,user_318,Home,Mobile,Africa,36.1,0.49,0,7.58,2024-01-15,13,Monday,4.21,Not Converted
2024-01-15 13:30:00,user_956,Home,Tablet,Asia,155.81,0.21,0,2.48,2024-01-15,13,Monday,44.77,Not Converted
2024-01-15 13:45:00,user_236,Checkout,Desktop,South America,49.18,0.62,0,8.82,2024-01-15,13,Monday,5.01,Not Converted
2024-01-15 14:00:00,user_946,Login,Desktop,Asia,66.75,0.07,0,5.49,2024-01-15,14,Monday,10.29,Not Converted
2024-01-15 14:15:00,user_334,Product,Mobile,Europe,488.69,0.84,0,8.95,2024-01-15,14,Monday,49.11,Not Converted
2024-01-15 14:30:00,user_885,Help,Tablet,Europe,28.13,0.17,0,3.63,2024-01-15,14,Monday,6.08,Not Converted
2024-01-15 14:45:00,user_376,Home,Tablet,North America,397.07,0.07,0,1.09,2024-01-15,14,Monday,189.99,Not Converted
2024-01-15 15:00:00,user_459,Help,Unknown,North America,167.17,0.4,0,5.02,2024-01-15,15,Monday,27.77,Not Converted
2024-01-15 15:15:00,user_137,Login,Mobile,Europe,523.57,0.58,0,5.46,2024-01-15,15,Monday,81.05,Not Converted
2024-01-15 15:30:00,user_930,Help,Tablet,Africa,293.57,0.85,0,7.29,2024-01-15,15,Monday,35.41,Not Converted
2024-01-15 15:45:00,user_588,Search,Unknown,Africa,186.82,0.97,0,9.59,2024-01-15,15,Monday,17.64,Not Converted
2024-01-15 16:00:00,user_995,Home,Tablet,South America,313.0,0.44,0,7.06,2024-01-15,16,Monday,38.83,Not Converted
2024-01-15 16:15:00,user_547,Login,Tablet,North America,232.27,0.06,0,8.93,2024-01-15,16,Monday,23.39,Not Converted
2024-01-15 16:30:00,user_513,Login,Desktop,South America,294.4,0.75,0,4.8,2024-01-15,16,Monday,50.76,Not Converted
2024-01-15 16:45:00,user_296,Product,Desktop,North America,73.15,0.57,0,7.83,2024-01-15,16,Monday,8.28,Not Converted
2024-01-15 17:00:00,user_320,Product,Tablet,Europe,598.21,0.45,0,8.51,2024-01-15,17,Monday,62.9,Not Converted
2024-01-15 17:15:00,user_918,Search,Tablet,Africa,258.21,0.31,0,7.25,2024-01-15,17,Monday,31.3,Not Converted
2024-01-15 17:30:00,user_572,Login,Tablet,Africa,294.4,0.5,0,5.32,2024-01-15,17,Monday,46.58,Not Converted
2024-01-15 17:45:00,user_832,Profile,Tablet,Europe,427.57,0.34,1,6.45,2024-01-15,17,Monday,57.39,Converted
2024-01-15 18:00:00,user_349,Login,Tablet,South America,221.52,0.49,0,7.15,2024-01-15,18,Monday,27.18,Not Converted
2024-01-15 18:15:00,user_840,Product,Tablet,South America,500.8,0.54,1,2.9,2024-01-15,18,Monday,128.41,Converted
2024-01-15 18:30:00,user_779,Profile,Mobile,Asia,275.29,0.49,0,8.19,2024-01-15,18,Monday,29.96,Not Converted
2024-01-15 18:45:00,user_873,Home,Tablet,North America,433.14,0.54,0,9.53,2024-01-15,18,Monday,41.13,Not Converted
2024-01-15 19:00:00,user_229,Home,Unknown,South America,68.93,0.24,0,4.92,2024-01-15,19,Monday,11.64,Not Converted
2024-01-15 19:15:00,user_270,Help,Mobile,Europe,508.44,0.85,0,7.16,2024-01-15,19,Monday,62.31,Not Converted
2024-01-15 19:30:00,user_828,Checkout,Tablet,South America,442.75,0.56,0,7.5,2024-01-15,19,Monday,52.09,Not Converted
2024-01-15 19:45:00,user_798,Product,Tablet,Africa,130.97,0.21,0,6.79,2024-01-15,19,Monday,16.81,Not Converted
2024-01-15 20:00:00,user_291,Checkout,Mobile,North America,294.4,0.62,0,5.7,2024-01-15,20,Monday,43.94,Not Converted
2024-01-15 20:15:00,user_725,Profile,Mobile,Asia,294.4,0.36,0,8.88,2024-01-15,20,Monday,29.8,Not Converted
2024-01-15 20:30:00,user_165,Product,Tablet,North America,585.76,0.84,0,4.76,2024-01-15,20,Monday,101.69,Not Converted
2024-01-15 20:45:00,user_5,Search,Tablet,Africa,157.81,0.45,0,1.08,2024-01-15,20,Monday,75.87,Not Converted
2024-01-15 21:00:00,user_851,Login,Mobile,Africa,276.4,0.73,0,8.52,2024-01-15,21,Monday,29.03,Not Converted
2024-01-15 21:15:00,user_379,Search,Mobile,Africa,22.86,0.1,0,6.9,2024-01-15,21,Monday,2.89,Not Converted
2024-01-15 21:30:00,user_78,Profile,Mobile,Africa,241.35,0.4,0,8.57,2024-01-15,21,Monday,25.22,Not Converted
2024-01-15 21:45:00,user_410,Product,Desktop,Europe,344.94,0.98,0,1.82,2024-01-15,21,Monday,122.32,Not Converted
2024-01-15 22:00:00,user_574,Profile,Mobile,Asia,572.11,0.81,0,0.79,2024-01-15,22,Monday,319.61,Not Converted
2024-01-15 22:15:00,user_132,Login,Desktop,Africa,312.46,0.16,0,9.38,2024-01-15,22,Monday,30.1,Not Converted
2024-01-15 22:30:00,user_601,Home,Tablet,Africa,492.37,0.28,0,1.9,2024-01-15,22,Monday,169.78,Not Converted
2024-01-15 22:45:00,user_749,Home,Tablet,South America,330.54,0.33,0,8.19,2024-01-15,22,Monday,35.97,Not Converted
2024-01-15 23:00:00,user_42,Profile,Mobile,Asia,29.27,0.65,0,8.32,2024-01-15,23,Monday,3.14,Not Converted
2024-01-15 23:15:00,user_89,Checkout,Tablet,North America,192.43,0.76,0,7.23,2024-01-15,23,Monday,23.38,Not Converted
2024-01-15 23:30:00,user_402,Product,Tablet,Asia,347.45,0.49,0,1.75,2024-01-15,23,Monday,126.35,Not Converted
2024-01-15 23:45:00,user_296,Product,Tablet,Asia,570.6,0.51,0,6.84,2024-01-15,23,Monday,72.78,Not Converted
2024-01-16 00:00:00,user_840,Home,Tablet,Asia,294.4,0.81,0,8.95,2024-01-16,0,Tuesday,29.59,Not Converted
2024-01-16 00:15:00,user_295,Help,Desktop,Africa,140.87,0.44,0,4.54,2024-01-16,0,Tuesday,25.43,Not Converted
2024-01-16 00:30:00,user_616,Search,Desktop,Africa,135.97,0.12,0,4.43,2024-01-16,0,Tuesday,25.04,Not Converted
2024-01-16 00:45:00,user_526,Help,Mobile,Europe,124.7,0.56,0,4.71,2024-01-16,0,Tuesday,21.84,Not Converted
2024-01-16 01:00:00,user_800,Login,Mobile,North America,553.89,0.95,0,1.28,2024-01-16,1,Tuesday,242.93,Not Converted
2024-01-16 01:15:00,user_691,Search,Mobile,South America,512.34,0.79,0,8.97,2024-01-16,1,Tuesday,51.39,Not Converted
2024-01-16 01:30:00,user_637,Search,Tablet,Asia,466.06,0.58,0,8.76,2024-01-16,1,Tuesday,47.75,Not Converted
2024-01-16 01:45:00,user_422,Profile,Tablet,North America,238.68,0.65,0,9.98,2024-01-16,1,Tuesday,21.74,Not Converted
2024-01-16 02:00:00,user_865,Home,Desktop,North America,305.11,0.93,0,6.06,2024-01-16,2,Tuesday,43.22,Not Converted
2024-01-16 02:15:00,user_23,Help,Desktop,Europe,281.28,0.43,0,7.64,2024-01-16,2,Tuesday,32.56,Not Converted
2024-01-16 02:30:00,user_575,Help,Mobile,South America,155.77,0.33,0,2.43,2024-01-16,2,Tuesday,45.41,Not Converted
2024-01-16 02:45:00,user_143,Home,Desktop,Asia,305.49,0.98,0,6.84,2024-01-16,2,Tuesday,38.97,Not Converted
2024-01-16 03:00:00,user_993,Help,Desktop,South America,23.15,0.86,0,6.67,2024-01-16,3,Tuesday,3.02,Not Converted
2024-01-16 03:15:00,user_665,Home,Desktop,Europe,83.43,0.49,1,9.06,2024-01-16,3,Tuesday,8.29,Converted
2024-01-16 03:30:00,user_145,Profile,Desktop,Africa,532.52,0.46,1,8.39,2024-01-16,3,Tuesday,56.71,Converted
2024-01-16 03:45:00,user_225,Checkout,Desktop,North America,452.25,0.42,0,9.42,2024-01-16,3,Tuesday,43.4,Not Converted
2024-01-16 04:00:00,user_503,Search,Mobile,Asia,256.61,0.15,0,8.75,2024-01-16,4,Tuesday,26.32,Not Converted
2024-01-16 04:15:00,user_962,Profile,Mobile,Africa,312.7,0.96,0,8.75,2024-01-16,4,Tuesday,32.07,Not Converted
2024-01-16 04:30:00,user_974,Product,Desktop,Europe,225.15,0.4,1,1.11,2024-01-16,4,Tuesday,106.71,Converted
2024-01-16 04:45:00,user_821,Login,Mobile,South America,445.76,0.88,0,5.46,2024-01-16,4,Tuesday,69.0,Not Converted
2024-01-16 05:00:00,user_616,Checkout,Tablet,North America,471.59,0.19,0,6.27,2024-01-16,5,Tuesday,64.87,Not Converted
2024-01-16 05:15:00,user_104,Product,Desktop,Asia,459.15,0.55,0,4.11,2024-01-16,5,Tuesday,89.85,Not Converted
2024-01-16 05:30:00,user_947,Search,Tablet,Africa,434.95,0.02,0,1.04,2024-01-16,5,Tuesday,213.21,Not Converted
2024-01-16 05:45:00,user_39,Help,Mobile,Africa,126.68,0.76,0,6.94,2024-01-16,5,Tuesday,15.95,Not Converted
2024-01-16 06:00:00,user_947,Home,Mobile,North America,206.09,0.58,0,3.62,2024-01-16,6,Tuesday,44.61,Not Converted
2024-01-16 06:15:00,user_198,Search,Tablet,South America,284.56,0.63,0,4.94,2024-01-16,6,Tuesday,47.91,Not Converted
2024-01-16 06:30:00,user_646,Profile,Mobile,Europe,201.82,0.49,0,6.98,2024-01-16,6,Tuesday,25.29,Not Converted
2024-01-16 06:45:00,user_579,Login,Desktop,South America,294.4,0.21,0,9.16,2024-01-16,6,Tuesday,28.98,Not Converted
2024-01-16 07:00:00,user_391,Profile,Unknown,South America,200.97,0.07,0,5.46,2024-01-16,7,Tuesday,31.11,Not Converted
2024-01-16 07:15:00,user_179,Checkout,Unknown,South America,87.25,0.29,0,4.78,2024-01-16,7,Tuesday,15.1,Not Converted
2024-01-16 07:30:00,user_968,Checkout,Tablet,North America,242.43,0.49,0,4.18,2024-01-16,7,Tuesday,46.8,Not Converted
2024-01-16 07:45:00,user_554,Login,Mobile,North America,588.05,0.57,0,2.78,2024-01-16,7,Tuesday,155.57,Not Converted
2024-01-16 08:00:00,user_448,Product,Tablet,Europe,139.4,0.61,0,4.04,2024-01-16,8,Tuesday,27.66,Not Converted
2024-01-16 08:15:00,user_500,Product,Tablet,South America,369.23,0.55,0,1.55,2024-01-16,8,Tuesday,144.8,Not Converted
2024-01-16 08:30:00,user_15,Checkout,Desktop,North America,262.62,0.27,0,9.73,2024-01-16,8,Tuesday,24.48,Not Converted
2024-01-16 08:45:00,user_623,Checkout,Mobile,Europe,47.26,0.24,0,5.95,2024-01-16,8,Tuesday,6.8,Not Converted
2024-01-16 09:00:00,user_669,Help,Desktop,Europe,295.29,0.14,0,1.71,2024-01-16,9,Tuesday,108.96,Not Converted
2024-01-16 09:15:00,user_289,Home,Mobile,South America,422.79,0.85,0,3.85,2024-01-16,9,Tuesday,87.17,Not Converted
2024-01-16 09:30:00,user_478,Help,Desktop,Asia,310.37,0.62,0,5.46,2024-01-16,9,Tuesday,48.04,Not Converted
2024-01-16 09:45:00,user_231,Help,Unknown,South America,523.9,0.19,0,5.56,2024-01-16,9,Tuesday,79.86,Not Converted
2024-01-16 10:00:00,user_923,Product,Desktop,Asia,176.92,0.18,0,0.84,2024-01-16,10,Tuesday,96.15,Not Converted
2024-01-16 10:15:00,user_420,Login,Mobile,Europe,56.32,0.87,0,9.53,2024-01-16,10,Tuesday,5.35,Not Converted
2024-01-16 10:30:00,user_157,Product,Mobile,North America,562.26,0.74,0,3.12,2024-01-16,10,Tuesday,136.47,Not Converted
2024-01-16 10:45:00,user_550,Home,Tablet,Africa,230.03,0.66,0,0.65,2024-01-16,10,Tuesday,139.41,Not Converted
2024-01-16 11:00:00,user_441,Profile,Unknown,Europe,347.96,0.41,0,1.23,2024-01-16,11,Tuesday,156.04,Not Converted
2024-01-16 11:15:00,user_97,Checkout,Desktop,North America,476.24,0.26,0,6.01,2024-01-16,11,Tuesday,67.94,Not Converted
2024-01-16 11:30:00,user_997,Checkout,Unknown,Europe,197.97,0.49,0,1.81,2024-01-16,11,Tuesday,70.45,Not Converted
2024-01-16 11:45:00,user_411,Home,Mobile,South America,431.12,0.8,0,0.9,2024-01-16,11,Tuesday,226.91,Not Converted
2024-01-16 12:00:00,user_951,Help,Mobile,Asia,85.57,0.3,0,4.11,2024-01-16,12,Tuesday,16.75,Not Converted
2024-01-16 12:15:00,user_289,Login,Desktop,Europe,178.32,0.85,0,6.42,2024-01-16,12,Tuesday,24.03,Not Converted
2024-01-16 12:30:00,user_254,Checkout,Desktop,North America,91.1,0.76,0,1.56,2024-01-16,12,Tuesday,35.59,Not Converted
2024-01-16 12:45:00,user_196,Search,Tablet,South America,487.68,0.3,0,3.48,2024-01-16,12,Tuesday,108.86,Not Converted
2024-01-16 13:00:00,user_598,Help,Mobile,Africa,137.48,0.43,0,4.47,2024-01-16,13,Tuesday,25.13,Not Converted
2024-01-16 13:15:00,user_834,Checkout,Unknown,South America,431.86,0.19,0,2.01,2024-01-16,13,Tuesday,143.48,Not Converted
2024-01-16 13:30:00,user_522,Search,Tablet,Asia,566.26,0.11,0,5.31,2024-01-16,13,Tuesday,89.74,Not Converted
2024-01-16 13:45:00,user_517,Home,Mobile,South America,319.02,0.72,0,1.31,2024-01-16,13,Tuesday,138.1,Not Converted
2024-01-16 14:00:00,user_635,Home,Mobile,Africa,326.32,0.49,1,0.94,2024-01-16,14,Tuesday,168.21,Converted
2024-01-16 14:15:00,user_842,Help,Tablet,North America,279.31,0.82,0,5.44,2024-01-16,14,Tuesday,43.37,Not Converted
2024-01-16 14:30:00,user_865,Checkout,Tablet,Europe,198.9,1.0,0,2.86,2024-01-16,14,Tuesday,51.53,Not Converted
2024-01-16 14:45:00,user_118,Product,Desktop,Asia,288.01,0.08,0,5.46,2024-01-16,14,Tuesday,44.58,Not Converted
2024-01-16 15:00:00,user_806,Search,Mobile,Africa,363.67,0.47,0,4.53,2024-01-16,15,Tuesday,65.76,Not Converted
2024-01-16 15:15:00,user_909,Login,Unknown,Asia,591.66,0.8,0,9.19,2024-01-16,15,Tuesday,58.06,Not Converted
2024-01-16 15:30:00,user_159,Checkout,Mobile,South America,562.97,0.49,0,7.38,2024-01-16,15,Tuesday,67.18,Not Converted
2024-01-16 15:45:00,user_815,Login,Tablet,Asia,517.98,0.76,0,8.25,2024-01-16,15,Tuesday,56.0,Not Converted
2024-01-16 16:00:00,user_228,Checkout,Desktop,Africa,534.03,0.35,0,8.78,2024-01-16,16,Tuesday,54.6,Not Converted
2024-01-16 16:15:00,user_877,Product,Mobile,Europe,283.37,0.45,0,9.74,2024-01-16,16,Tuesday,26.38,Not Converted
2024-01-16 16:30:00,user_216,Product,Tablet,Europe,396.18,0.59,0,7.75,2024-01-16,16,Tuesday,45.28,Not Converted
2024-01-16 16:45:00,user_948,Help,Mobile,Asia,537.56,0.97,0,6.28,2024-01-16,16,Tuesday,73.84,Not Converted
2024-01-16 17:00:00,user_696,Help,Desktop,North America,238.81,0.33,0,3.97,2024-01-16,17,Tuesday,48.05,Not Converted
2024-01-16 17:15:00,user_15,Product,Mobile,Asia,577.25,0.92,0,2.23,2024-01-16,17,Tuesday,178.72,Not Converted
2024-01-16 17:30:00,user_157,Profile,Desktop,South America,252.39,0.27,0,7.02,2024-01-16,17,Tuesday,31.47,Not Converted
2024-01-16 17:45:00,user_648,Product,Desktop,Europe,362.64,0.99,0,9.95,2024-01-16,17,Tuesday,33.12,Not Converted
2024-01-16 18:00:00,user_261,Home,Mobile,Europe,427.33,0.67,0,5.46,2024-01-16,18,Tuesday,66.15,Not Converted
2024-01-16 18:15:00,user_157,Home,Mobile,Europe,570.6,0.46,0,7.37,2024-01-16,18,Tuesday,68.17,Not Converted
2024-01-16 18:30:00,user_47,Profile,Desktop,North America,150.55,0.61,0,5.46,2024-01-16,18,Tuesday,23.3,Not Converted
2024-01-16 18:45:00,user_324,Search,Tablet,North America,448.95,0.27,1,4.6,2024-01-16,18,Tuesday,80.17,Converted
2024-01-16 19:00:00,user_844,Login,Desktop,Africa,314.89,0.27,1,4.4,2024-01-16,19,Tuesday,58.31,Converted
2024-01-16 19:15:00,user_685,Checkout,Mobile,Asia,164.79,0.11,0,5.29,2024-01-16,19,Tuesday,26.2,Not Converted
2024-01-16 19:30:00,user_130,Checkout,Mobile,Asia,467.08,0.11,0,3.99,2024-01-16,19,Tuesday,93.6,Not Converted
2024-01-16 19:45:00,user_411,Profile,Tablet,South America,333.57,0.35,0,7.61,2024-01-16,19,Tuesday,38.74,Not Converted
2024-01-16 20:00:00,user_95,Home,Desktop,Europe,398.28,0.76,0,8.81,2024-01-16,20,Tuesday,40.6,Not Converted
2024-01-16 20:15:00,user_627,Help,Desktop,North America,197.13,0.61,0,8.89,2024-01-16,20,Tuesday,19.93,Not Converted
2024-01-16 20:30:00,user_755,Checkout,Desktop,South America,291.36,0.1,0,2.66,2024-01-16,20,Tuesday,79.61,Not Converted
2024-01-16 20:45:00,user_932,Home,Mobile,South America,372.33,0.85,0,9.01,2024-01-16,20,Tuesday,37.2,Not Converted
2024-01-16 21:00:00,user_292,Search,Desktop,North America,245.92,0.6,0,3.74,2024-01-16,21,Tuesday,51.88,Not Converted
2024-01-16 21:15:00,user_794,Login,Tablet,Asia,123.03,0.96,1,3.44,2024-01-16,21,Tuesday,27.71,Converted
2024-01-16 21:30:00,user_811,Search,Mobile,Europe,294.4,0.67,0,7.4,2024-01-16,21,Tuesday,35.05,Not Converted
2024-01-16 21:45:00,user_283,Profile,Mobile,Asia,309.32,0.18,0,3.39,2024-01-16,21,Tuesday,70.46,Not Converted
2024-01-16 22:00:00,user_69,Product,Desktop,South America,441.68,0.47,0,1.0,2024-01-16,22,Tuesday,220.84,Not Converted
2024-01-16 22:15:00,user_660,Product,Tablet,Europe,249.57,0.65,1,4.05,2024-01-16,22,Tuesday,49.42,Converted
2024-01-16 22:30:00,user_11,Product,Mobile,Africa,216.3,0.03,0,7.35,2024-01-16,22,Tuesday,25.9,Not Converted
2024-01-16 22:45:00,user_254,Search,Mobile,South America,247.26,0.01,0,3.61,2024-01-16,22,Tuesday,53.64,Not Converted
2024-01-16 23:00:00,user_842,Checkout,Desktop,Asia,248.47,0.13,1,6.48,2024-01-16,23,Tuesday,33.22,Converted
2024-01-16 23:15:00,user_872,Login,Desktop,Asia,328.79,0.25,0,6.77,2024-01-16,23,Tuesday,42.32,Not Converted
2024-01-16 23:30:00,user_550,Product,Unknown,Asia,294.4,0.43,0,7.47,2024-01-16,23,Tuesday,34.76,Not Converted
2024-01-16 23:45:00,user_134,Profile,Desktop,North America,300.81,0.49,0,9.02,2024-01-16,23,Tuesday,30.02,Not Converted
2024-01-17 00:00:00,user_712,Profile,Tablet,South America,85.2,0.14,1,4.61,2024-01-17,0,Wednesday,15.19,Converted
2024-01-17 00:15:00,user_23,Product,Mobile,Europe,300.16,0.67,0,2.08,2024-01-17,0,Wednesday,97.45,Not Converted
2024-01-17 00:30:00,user_815,Product,Unknown,Asia,105.62,0.6,0,3.53,2024-01-17,0,Wednesday,23.32,Not Converted
2024-01-17 00:45:00,user_346,Login,Tablet,Asia,80.05,0.29,0,4.61,2024-01-17,0,Wednesday,14.27,Not Converted
2024-01-17 01:00:00,user_302,Product,Tablet,North America,559.92,0.01,0,7.28,2024-01-17,1,Wednesday,67.62,Not Converted
2024-01-17 01:15:00,user_363,Login,Mobile,Europe,364.95,0.08,0,5.46,2024-01-17,1,Wednesday,56.49,Not Converted
2024-01-17 01:30:00,user_396,Profile,Desktop,South America,397.4,0.39,0,3.5,2024-01-17,1,Wednesday,88.31,Not Converted
2024-01-17 01:45:00,user_218,Product,Mobile,Africa,244.07,0.15,0,7.91,2024-01-17,1,Wednesday,27.39,Not Converted
2024-01-17 02:00:00,user_141,Search,Desktop,North America,545.84,0.38,0,6.87,2024-01-17,2,Wednesday,69.36,Not Converted
2024-01-17 02:15:00,user_616,Help,Tablet,South America,384.57,0.63,0,7.45,2024-01-17,2,Wednesday,45.51,Not Converted
2024-01-17 02:30:00,user_958,Search,Tablet,Africa,462.66,0.49,0,8.21,2024-01-17,2,Wednesday,50.23,Not Converted
2024-01-17 02:45:00,user_210,Profile,Tablet,Asia,224.29,0.49,0,7.94,2024-01-17,2,Wednesday,25.09,Not Converted
2024-01-17 03:00:00,user_985,Login,Tablet,Asia,576.21,0.34,0,6.98,2024-01-17,3,Wednesday,72.21,Not Converted
2024-01-17 03:15:00,user_993,Search,Tablet,Europe,493.17,0.61,0,4.68,2024-01-17,3,Wednesday,86.83,Not Converted
2024-01-17 03:30:00,user_623,Login,Desktop,Africa,513.1,0.86,0,9.84,2024-01-17,3,Wednesday,47.33,Not Converted
2024-01-17 03:45:00,user_616,Search,Unknown,Asia,107.46,0.75,0,5.91,2024-01-17,3,Wednesday,15.55,Not Converted
2024-01-17 04:00:00,user_828,Search,Tablet,Asia,166.22,0.49,0,2.43,2024-01-17,4,Wednesday,48.46,Not Converted
2024-01-17 04:15:00,user_683,Login,Mobile,Europe,174.95,0.36,0,3.28,2024-01-17,4,Wednesday,40.88,Not Converted
2024-01-17 04:30:00,user_460,Checkout,Mobile,South America,166.19,0.37,0,7.09,2024-01-17,4,Wednesday,20.54,Not Converted
2024-01-17 04:45:00,user_356,Search,Tablet,Asia,513.97,0.88,0,9.29,2024-01-17,4,Wednesday,49.95,Not Converted
2024-01-17 05:00:00,user_324,Product,Unknown,North America,23.97,0.04,0,2.2,2024-01-17,5,Wednesday,7.49,Not Converted
2024-01-17 05:15:00,user_133,Help,Mobile,North America,50.28,0.99,0,1.28,2024-01-17,5,Wednesday,22.05,Not Converted
2024-01-17 05:30:00,user_888,Profile,Mobile,South America,167.98,0.66,1,8.87,2024-01-17,5,Wednesday,17.02,Converted
2024-01-17 05:45:00,user_805,Checkout,Mobile,Africa,123.92,0.68,0,9.2,2024-01-17,5,Wednesday,12.15,Not Converted
2024-01-17 06:00:00,user_840,Login,Tablet,Europe,142.96,0.04,0,3.13,2024-01-17,6,Wednesday,34.62,Not Converted
2024-01-17 06:15:00,user_127,Checkout,Mobile,North America,479.78,0.61,0,4.08,2024-01-17,6,Wednesday,94.44,Not Converted
2024-01-17 06:30:00,user_106,Home,Mobile,North America,340.06,0.48,0,6.77,2024-01-17,6,Wednesday,43.77,Not Converted
2024-01-17 06:45:00,user_604,Home,Mobile,South America,8.43,0.11,0,3.63,2024-01-17,6,Wednesday,1.82,Not Converted
2024-01-17 07:00:00,user_799,Search,Mobile,Africa,260.45,0.28,0,8.83,2024-01-17,7,Wednesday,26.5,Not Converted
2024-01-17 07:15:00,user_378,Search,Desktop,Africa,247.69,0.89,0,1.52,2024-01-17,7,Wednesday,98.29,Not Converted
2024-01-17 07:30:00,user_905,Product,Tablet,South America,72.8,0.55,0,0.86,2024-01-17,7,Wednesday,39.14,Not Converted
2024-01-17 07:45:00,user_51,Help,Tablet,North America,407.3,0.41,0,2.48,2024-01-17,7,Wednesday,117.04,Not Converted
2024-01-17 08:00:00,user_29,Profile,Desktop,Europe,422.75,0.07,0,3.22,2024-01-17,8,Wednesday,100.18,Not Converted
2024-01-17 08:15:00,user_462,Checkout,Desktop,North America,433.93,0.71,0,1.57,2024-01-17,8,Wednesday,168.84,Not Converted
2024-01-17 08:30:00,user_296,Home,Tablet,Africa,294.4,0.7,0,1.12,2024-01-17,8,Wednesday,138.87,Not Converted
2024-01-17 08:45:00,user_297,Search,Mobile,North America,5.03,0.61,0,7.68,2024-01-17,8,Wednesday,0.58,Not Converted
2024-01-17 09:00:00,user_726,Profile,Mobile,Europe,572.58,0.51,0,2.06,2024-01-17,9,Wednesday,187.12,Not Converted
2024-01-17 09:15:00,user_779,Checkout,Tablet,Asia,489.45,0.43,0,9.18,2024-01-17,9,Wednesday,48.08,Not Converted
2024-01-17 09:30:00,user_407,Search,Mobile,North America,542.87,0.59,1,4.0,2024-01-17,9,Wednesday,108.57,Converted
2024-01-17 09:45:00,user_769,Search,Desktop,South America,14.31,0.23,0,6.87,2024-01-17,9,Wednesday,1.82,Not Converted
2024-01-17 10:00:00,user_814,Home,Mobile,Asia,560.65,0.94,0,2.64,2024-01-17,10,Wednesday,154.02,Not Converted
2024-01-17 10:15:00,user_613,Home,Mobile,South America,486.82,0.59,0,2.78,2024-01-17,10,Wednesday,128.79,Not Converted
2024-01-17 10:30:00,user_405,Search,Mobile,South America,503.15,0.31,0,5.46,2024-01-17,10,Wednesday,77.89,Not Converted
2024-01-17 10:45:00,user_346,Login,Tablet,South America,60.51,0.45,0,5.83,2024-01-17,10,Wednesday,8.86,Not Converted
2024-01-17 11:00:00,user_622,Search,Desktop,North America,444.57,0.81,0,5.46,2024-01-17,11,Wednesday,68.82,Not Converted
2024-01-17 11:15:00,user_420,Profile,Mobile,Africa,576.15,0.16,1,7.7,2024-01-17,11,Wednesday,66.22,Converted
2024-01-17 11:30:00,user_182,Search,Tablet,Asia,408.74,0.29,0,6.87,2024-01-17,11,Wednesday,51.94,Not Converted
2024-01-17 11:45:00,user_983,Product,Mobile,Europe,344.48,0.68,0,4.77,2024-01-17,11,Wednesday,59.7,Not Converted
2024-01-17 12:00:00,user_825,Help,Desktop,Africa,567.65,0.32,0,5.46,2024-01-17,12,Wednesday,87.87,Not Converted
2024-01-17 12:15:00,user_1,Product,Mobile,North America,268.55,0.79,0,6.41,2024-01-17,12,Wednesday,36.24,Not Converted
2024-01-17 12:30:00,user_831,Product,Desktop,South America,361.58,0.13,0,9.91,2024-01-17,12,Wednesday,33.14,Not Converted
2024-01-17 12:45:00,user_950,Login,Mobile,Europe,294.4,0.76,0,8.28,2024-01-17,12,Wednesday,31.72,Not Converted
2024-01-17 13:00:00,user_567,Login,Desktop,Asia,560.04,0.07,0,0.92,2024-01-17,13,Wednesday,291.69,Not Converted
2024-01-17 13:15:00,user_371,Search,Mobile,Africa,50.27,0.01,0,3.55,2024-01-17,13,Wednesday,11.05,Not Converted
2024-01-17 13:30:00,user_936,Product,Desktop,Africa,303.17,0.9,0,5.93,2024-01-17,13,Wednesday,43.75,Not Converted
2024-01-17 13:45:00,user_911,Login,Mobile,Europe,413.74,0.58,0,7.35,2024-01-17,13,Wednesday,49.55,Not Converted
2024-01-17 14:00:00,user_661,Home,Mobile,North America,476.18,0.35,0,5.73,2024-01-17,14,Wednesday,70.75,Not Converted
2024-01-17 14:15:00,user_431,Search,Tablet,Asia,351.9,0.23,0,7.97,2024-01-17,14,Wednesday,39.23,Not Converted
2024-01-17 14:30:00,user_969,Profile,Tablet,Europe,545.81,0.62,1,3.19,2024-01-17,14,Wednesday,130.26,Converted
2024-01-17 14:45:00,user_309,Help,Desktop,South America,565.48,0.51,0,2.25,2024-01-17,14,Wednesday,173.99,Not Converted
2024-01-17 15:00:00,user_137,Checkout,Mobile,Asia,43.27,0.99,0,1.01,2024-01-17,15,Wednesday,21.53,Not Converted
2024-01-17 15:15:00,user_202,Search,Desktop,Africa,244.41,0.98,0,5.95,2024-01-17,15,Wednesday,35.17,Not Converted
2024-01-17 15:30:00,user_436,Checkout,Tablet,Europe,18.96,0.64,0,7.04,2024-01-17,15,Wednesday,2.36,Not Converted
2024-01-17 15:45:00,user_313,Product,Desktop,Africa,201.0,0.44,0,3.6,2024-01-17,15,Wednesday,43.7,Not Converted
2024-01-17 16:00:00,user_117,Help,Desktop,Africa,324.44,0.49,0,5.46,2024-01-17,16,Wednesday,50.22,Not Converted
2024-01-17 16:15:00,user_666,Checkout,Tablet,Africa,546.92,0.68,0,1.0,2024-01-17,16,Wednesday,273.46,Not Converted
2024-01-17 16:30:00,user_937,Product,Mobile,North America,294.4,0.1,0,1.44,2024-01-17,16,Wednesday,120.66,Not Converted
2024-01-17 16:45:00,user_803,Home,Desktop,Africa,80.86,0.33,0,7.17,2024-01-17,16,Wednesday,9.9,Not Converted
2024-01-17 17:00:00,user_575,Checkout,Tablet,South America,60.35,0.08,0,4.0,2024-01-17,17,Wednesday,12.07,Not Converted
2024-01-17 17:15:00,user_244,Help,Mobile,South America,355.61,0.07,1,6.88,2024-01-17,17,Wednesday,45.13,Converted
2024-01-17 17:30:00,user_537,Search,Tablet,Asia,321.61,0.2,1,8.4,2024-01-17,17,Wednesday,34.21,Converted
2024-01-17 17:45:00,user_602,Product,Desktop,Africa,163.49,0.49,1,8.6,2024-01-17,17,Wednesday,17.03,Converted
2024-01-17 18:00:00,user_75,Search,Mobile,Africa,540.17,0.78,0,2.14,2024-01-17,18,Wednesday,172.03,Not Converted
2024-01-17 18:15:00,user_806,Help,Mobile,Europe,556.78,0.49,0,5.12,2024-01-17,18,Wednesday,90.98,Not Converted
2024-01-17 18:30:00,user_386,Login,Tablet,North America,244.55,0.34,0,7.47,2024-01-17,18,Wednesday,28.87,Not Converted
2024-01-17 18:45:00,user_903,Product,Tablet,Asia,534.73,0.08,0,7.85,2024-01-17,18,Wednesday,60.42,Not Converted
2024-01-17 19:00:00,user_210,Checkout,Tablet,Africa,233.45,0.55,0,7.95,2024-01-17,19,Wednesday,26.08,Not Converted
2024-01-17 19:15:00,user_475,Product,Mobile,Europe,443.41,0.27,0,2.67,2024-01-17,19,Wednesday,120.82,Not Converted
2024-01-17 19:30:00,user_418,Search,Mobile,North America,288.19,0.61,0,2.33,2024-01-17,19,Wednesday,86.54,Not Converted
2024-01-17 19:45:00,user_347,Home,Desktop,Asia,294.4,0.98,0,6.11,2024-01-17,19,Wednesday,41.41,Not Converted
2024-01-17 20:00:00,user_529,Product,Mobile,Asia,557.12,0.11,1,7.54,2024-01-17,20,Wednesday,65.24,Converted
2024-01-17 20:15:00,user_640,Checkout,Desktop,Africa,275.19,0.21,0,3.53,2024-01-17,20,Wednesday,60.75,Not Converted
2024-01-17 20:30:00,user_939,Login,Tablet,Asia,442.02,0.47,0,1.49,2024-01-17,20,Wednesday,177.52,Not Converted
2024-01-17 20:45:00,user_955,Profile,Tablet,Europe,223.47,0.97,0,7.31,2024-01-17,20,Wednesday,26.89,Not Converted
2024-01-17 21:00:00,user_876,Home,Mobile,Asia,16.23,0.77,0,3.35,2024-01-17,21,Wednesday,3.73,Not Converted
2024-01-17 21:15:00,user_763,Login,Tablet,South America,64.82,0.9,0,2.08,2024-01-17,21,Wednesday,21.05,Not Converted
2024-01-17 21:30:00,user_179,Product,Tablet,Europe,300.25,0.33,0,1.9,2024-01-17,21,Wednesday,103.53,Not Converted
2024-01-17 21:45:00,user_182,Search,Mobile,North America,415.53,0.99,0,3.49,2024-01-17,21,Wednesday,92.55,Not Converted
2024-01-17 22:00:00,user_664,Help,Desktop,North America,204.17,0.1,1,6.13,2024-01-17,22,Wednesday,28.64,Converted
2024-01-17 22:15:00,user_25,Search,Mobile,Africa,418.82,0.05,0,3.9,2024-01-17,22,Wednesday,85.47,Not Converted
2024-01-17 22:30:00,user_967,Checkout,Desktop,Africa,420.69,0.86,0,0.7,2024-01-17,22,Wednesday,247.46,Not Converted
2024-01-17 22:45:00,user_180,Search,Mobile,South America,423.84,0.93,1,1.42,2024-01-17,22,Wednesday,175.14,Converted
2024-01-17 23:00:00,user_710,Home,Mobile,North America,298.05,0.09,0,5.46,2024-01-17,23,Wednesday,46.14,Not Converted
2024-01-17 23:15:00,user_501,Search,Tablet,North America,549.36,0.11,0,6.77,2024-01-17,23,Wednesday,70.7,Not Converted
2024-01-17 23:30:00,user_856,Checkout,Mobile,North America,296.07,0.03,0,1.44,2024-01-17,23,Wednesday,121.34,Not Converted
2024-01-17 23:45:00,user_161,Profile,Mobile,North America,272.91,0.1,0,5.83,2024-01-17,23,Wednesday,39.96,Not Converted
2024-01-18 00:00:00,user_177,Product,Desktop,Asia,123.63,0.21,0,1.64,2024-01-18,0,Thursday,46.83,Not Converted
2024-01-18 00:15:00,user_285,Help,Tablet,Europe,188.05,0.49,0,2.51,2024-01-18,0,Thursday,53.58,Not Converted
2024-01-18 00:30:00,user_63,Product,Desktop,Europe,30.19,0.67,0,2.14,2024-01-18,0,Thursday,9.61,Not Converted
2024-01-18 00:45:00,user_662,Search,Unknown,South America,381.95,0.78,0,1.14,2024-01-18,0,Thursday,178.48,Not Converted
2024-01-18 01:00:00,user_666,Login,Tablet,Asia,152.88,0.78,0,6.88,2024-01-18,1,Thursday,19.4,Not Converted
2024-01-18 01:15:00,user_156,Product,Tablet,North America,185.97,0.54,0,4.9,2024-01-18,1,Thursday,31.52,Not Converted
2024-01-18 01:30:00,user_882,Profile,Tablet,North America,463.63,0.8,0,8.4,2024-01-18,1,Thursday,49.32,Not Converted
2024-01-18 01:45:00,user_469,Search,Mobile,Africa,199.7,0.6,1,1.44,2024-01-18,1,Thursday,81.84,Converted
2024-01-18 02:00:00,user_49,Help,Tablet,Africa,149.11,0.31,0,1.87,2024-01-18,2,Thursday,51.95,Not Converted
2024-01-18 02:15:00,user_967,Checkout,Tablet,South America,105.59,0.56,0,3.41,2024-01-18,2,Thursday,23.94,Not Converted
2024-01-18 02:30:00,user_849,Profile,Tablet,North America,466.04,0.53,0,7.78,2024-01-18,2,Thursday,53.08,Not Converted
2024-01-18 02:45:00,user_84,Search,Desktop,South America,82.18,0.82,0,3.4,2024-01-18,2,Thursday,18.68,Not Converted
2024-01-18 03:00:00,user_361,Profile,Desktop,Asia,274.98,0.49,0,4.38,2024-01-18,3,Thursday,51.11,Not Converted
2024-01-18 03:15:00,user_689,Product,Unknown,Europe,306.62,0.41,0,3.37,2024-01-18,3,Thursday,70.16,Not Converted
2024-01-18 03:30:00,user_148,Help,Desktop,North America,414.0,0.76,0,1.26,2024-01-18,3,Thursday,183.19,Not Converted
2024-01-18 03:45:00,user_630,Checkout,Mobile,Asia,381.8,0.1,0,9.42,2024-01-18,3,Thursday,36.64,Not Converted
2024-01-18 04:00:00,user_342,Search,Desktop,North America,487.38,0.78,0,5.46,2024-01-18,4,Thursday,75.45,Not Converted
2024-01-18 04:15:00,user_476,Home,Tablet,Africa,31.63,0.37,0,7.98,2024-01-18,4,Thursday,3.52,Not Converted
2024-01-18 04:30:00,user_63,Checkout,Desktop,South America,181.38,0.04,0,6.75,2024-01-18,4,Thursday,23.4,Not Converted
2024-01-18 04:45:00,user_701,Home,Unknown,Africa,171.68,0.36,0,5.39,2024-01-18,4,Thursday,26.87,Not Converted
2024-01-18 05:00:00,user_360,Profile,Unknown,Europe,91.88,0.61,0,1.35,2024-01-18,5,Thursday,39.1,Not Converted
2024-01-18 05:15:00,user_561,Login,Tablet,Africa,177.06,0.12,0,6.61,2024-01-18,5,Thursday,23.27,Not Converted
2024-01-18 05:30:00,user_327,Checkout,Mobile,North America,189.31,0.92,0,1.98,2024-01-18,5,Thursday,63.53,Not Converted
2024-01-18 05:45:00,user_769,Profile,Tablet,Africa,315.52,0.08,0,4.44,2024-01-18,5,Thursday,58.0,Not Converted
2024-01-18 06:00:00,user_736,Home,Tablet,North America,399.9,0.93,0,6.48,2024-01-18,6,Thursday,53.46,Not Converted
2024-01-18 06:15:00,user_141,Product,Mobile,Europe,231.75,0.71,0,7.93,2024-01-18,6,Thursday,25.95,Not Converted
2024-01-18 06:30:00,user_990,Product,Tablet,Africa,433.08,0.33,0,7.01,2024-01-18,6,Thursday,54.07,Not Converted
2024-01-18 06:45:00,user_215,Login,Tablet,South America,205.02,0.39,0,6.88,2024-01-18,6,Thursday,26.02,Not Converted
2024-01-18 07:00:00,user_435,Checkout,Desktop,South America,177.72,0.74,0,1.92,2024-01-18,7,Thursday,60.86,Not Converted
2024-01-18 07:15:00,user_891,Checkout,Tablet,South America,327.01,0.6,0,3.79,2024-01-18,7,Thursday,68.27,Not Converted
2024-01-18 07:30:00,user_952,Checkout,Tablet,Africa,19.11,1.0,0,0.91,2024-01-18,7,Thursday,10.01,Not Converted
2024-01-18 07:45:00,user_723,Profile,Tablet,Africa,52.47,0.39,1,7.34,2024-01-18,7,Thursday,6.29,Converted
2024-01-18 08:00:00,user_318,Help,Tablet,Africa,253.69,0.49,1,9.55,2024-01-18,8,Thursday,24.05,Converted
2024-01-18 08:15:00,user_32,Help,Mobile,North America,566.03,0.49,0,5.46,2024-01-18,8,Thursday,87.62,Not Converted
2024-01-18 08:30:00,user_670,Login,Desktop,Europe,434.3,0.21,1,5.46,2024-01-18,8,Thursday,67.23,Converted
2024-01-18 08:45:00,user_285,Checkout,Tablet,South America,57.44,0.42,0,5.02,2024-01-18,8,Thursday,9.54,Not Converted
2024-01-18 09:00:00,user_305,Profile,Tablet,North America,508.56,0.29,0,8.64,2024-01-18,9,Thursday,52.76,Not Converted
2024-01-18 09:15:00,user_429,Product,Mobile,South America,440.72,0.77,0,5.74,2024-01-18,9,Thursday,65.39,Not Converted
2024-01-18 09:30:00,user_477,Home,Tablet,North America,368.51,0.76,0,0.94,2024-01-18,9,Thursday,189.95,Not Converted
2024-01-18 09:45:00,user_286,Profile,Mobile,Africa,493.07,0.29,0,9.76,2024-01-18,9,Thursday,45.82,Not Converted
2024-01-18 10:00:00,user_144,Help,Desktop,South America,245.45,0.08,0,8.37,2024-01-18,10,Thursday,26.2,Not Converted
2024-01-18 10:15:00,user_424,Help,Desktop,Africa,136.79,0.01,1,1.75,2024-01-18,10,Thursday,49.74,Converted
2024-01-18 10:30:00,user_19,Product,Unknown,South America,309.65,0.43,0,9.26,2024-01-18,10,Thursday,30.18,Not Converted
2024-01-18 10:45:00,user_18,Product,Tablet,Asia,331.56,0.41,0,4.78,2024-01-18,10,Thursday,57.36,Not Converted
2024-01-18 11:00:00,user_769,Home,Tablet,North America,325.3,0.99,0,4.03,2024-01-18,11,Thursday,64.67,Not Converted
2024-01-18 11:15:00,user_590,Product,Mobile,Asia,341.22,0.47,0,4.88,2024-01-18,11,Thursday,58.03,Not Converted
2024-01-18 11:30:00,user_371,Login,Tablet,North America,569.48,0.26,0,8.43,2024-01-18,11,Thursday,60.39,Not Converted
2024-01-18 11:45:00,user_175,Home,Tablet,Europe,541.84,0.89,0,6.77,2024-01-18,11,Thursday,69.73,Not Converted
2024-01-18 12:00:00,user_194,Product,Desktop,South America,526.05,0.49,1,1.06,2024-01-18,12,Thursday,255.36,Converted
2024-01-18 12:15:00,user_502,Search,Tablet,Europe,481.84,0.6,0,9.6,2024-01-18,12,Thursday,45.46,Not Converted
2024-01-18 12:30:00,user_988,Profile,Desktop,Europe,566.34,0.1,0,1.9,2024-01-18,12,Thursday,195.29,Not Converted
2024-01-18 12:45:00,user_113,Product,Tablet,North America,63.6,0.49,0,7.58,2024-01-18,12,Thursday,7.41,Not Converted
2024-01-18 13:00:00,user_114,Login,Desktop,Asia,162.75,0.94,1,6.54,2024-01-18,13,Thursday,21.58,Converted
2024-01-18 13:15:00,user_222,Checkout,Tablet,Africa,299.56,0.59,0,2.28,2024-01-18,13,Thursday,91.33,Not Converted
2024-01-18 13:30:00,user_678,Product,Desktop,North America,508.69,0.34,0,2.12,2024-01-18,13,Thursday,163.04,Not Converted
2024-01-18 13:45:00,user_947,Help,Mobile,Africa,305.57,0.63,0,8.77,2024-01-18,13,Thursday,31.28,Not Converted
2024-01-18 14:00:00,user_831,Help,Desktop,Europe,450.08,0.91,0,4.49,2024-01-18,14,Thursday,81.98,Not Converted
2024-01-18 14:15:00,user_644,Help,Desktop,Africa,87.68,0.27,0,6.72,2024-01-18,14,Thursday,11.36,Not Converted
2024-01-18 14:30:00,user_897,Checkout,Desktop,Asia,155.19,0.51,0,5.29,2024-01-18,14,Thursday,24.67,Not Converted
2024-01-18 14:45:00,user_264,Help,Tablet,North America,440.41,0.96,1,7.41,2024-01-18,14,Thursday,52.37,Converted
2024-01-18 15:00:00,user_925,Search,Tablet,Asia,103.02,0.17,0,5.05,2024-01-18,15,Thursday,17.03,Not Converted
2024-01-18 15:15:00,user_55,Product,Tablet,Asia,214.06,0.72,0,3.23,2024-01-18,15,Thursday,50.61,Not Converted
2024-01-18 15:30:00,user_871,Help,Mobile,North America,162.6,0.61,1,3.95,2024-01-18,15,Thursday,32.85,Converted
2024-01-18 15:45:00,user_643,Home,Mobile,Asia,213.17,0.68,0,8.66,2024-01-18,15,Thursday,22.07,Not Converted
2024-01-18 16:00:00,user_800,Checkout,Desktop,South America,426.45,0.35,0,4.95,2024-01-18,16,Thursday,71.67,Not Converted
2024-01-18 16:15:00,user_778,Search,Mobile,South America,223.87,0.31,0,2.53,2024-01-18,16,Thursday,63.42,Not Converted
2024-01-18 16:30:00,user_458,Home,Desktop,South America,335.38,0.68,0,9.38,2024-01-18,16,Thursday,32.31,Not Converted
2024-01-18 16:45:00,user_979,Home,Unknown,Africa,64.46,0.22,0,8.07,2024-01-18,16,Thursday,7.11,Not Converted
2024-01-18 17:00:00,user_878,Home,Desktop,Asia,483.99,0.42,0,5.46,2024-01-18,17,Thursday,74.92,Not Converted
2024-01-18 17:15:00,user_162,Home,Mobile,North America,225.08,0.19,0,9.99,2024-01-18,17,Thursday,20.48,Not Converted
2024-01-18 17:30:00,user_380,Product,Tablet,North America,390.88,0.01,0,7.1,2024-01-18,17,Thursday,48.26,Not Converted
2024-01-18 17:45:00,user_993,Help,Mobile,Africa,436.61,0.97,0,2.02,2024-01-18,17,Thursday,144.57,Not Converted
2024-01-18 18:00:00,user_87,Profile,Desktop,North America,129.75,0.43,0,2.75,2024-01-18,18,Thursday,34.6,Not Converted
2024-01-18 18:15:00,user_55,Product,Desktop,South America,531.38,0.97,0,7.08,2024-01-18,18,Thursday,65.76,Not Converted
2024-01-18 18:30:00,user_476,Product,Mobile,Asia,371.65,0.14,0,7.91,2024-01-18,18,Thursday,41.71,Not Converted
2024-01-18 18:45:00,user_800,Search,Desktop,North America,260.09,0.59,0,2.77,2024-01-18,18,Thursday,68.99,Not Converted
2024-01-18 19:00:00,user_178,Search,Unknown,North America,113.49,0.2,0,2.94,2024-01-18,19,Thursday,28.8,Not Converted
2024-01-18 19:15:00,user_391,Help,Mobile,Europe,565.67,0.79,0,3.42,2024-01-18,19,Thursday,127.98,Not Converted
2024-01-18 19:30:00,user_349,Profile,Mobile,Europe,454.27,0.78,0,6.18,2024-01-18,19,Thursday,63.27,Not Converted
2024-01-18 19:45:00,user_8,Search,Unknown,Europe,128.77,0.11,0,2.13,2024-01-18,19,Thursday,41.14,Not Converted
2024-01-18 20:00:00,user_833,Help,Desktop,Asia,205.94,0.91,1,1.49,2024-01-18,20,Thursday,82.71,Converted
2024-01-18 20:15:00,user_313,Help,Desktop,South America,486.76,0.19,0,6.95,2024-01-18,20,Thursday,61.23,Not Converted
2024-01-18 20:30:00,user_759,Login,Tablet,South America,418.93,0.61,0,7.9,2024-01-18,20,Thursday,47.07,Not Converted
2024-01-18 20:45:00,user_835,Profile,Tablet,South America,460.64,0.99,1,5.26,2024-01-18,20,Thursday,73.58,Converted
2024-01-18 21:00:00,user_984,Search,Mobile,Asia,267.51,0.88,0,3.96,2024-01-18,21,Thursday,53.93,Not Converted
2024-01-18 21:15:00,user_983,Profile,Tablet,Asia,431.3,0.96,0,4.6,2024-01-18,21,Thursday,77.02,Not Converted
2024-01-18 21:30:00,user_443,Product,Desktop,Europe,234.96,0.34,0,4.19,2024-01-18,21,Thursday,45.27,Not Converted
2024-01-18 21:45:00,user_767,Product,Tablet,North America,130.7,0.11,0,9.62,2024-01-18,21,Thursday,12.31,Not Converted
2024-01-18 22:00:00,user_328,Profile,Desktop,Africa,381.44,0.19,0,7.8,2024-01-18,22,Thursday,43.35,Not Converted
2024-01-18 22:15:00,user_54,Login,Mobile,Africa,585.73,0.5,0,2.48,2024-01-18,22,Thursday,168.31,Not Converted
2024-01-18 22:30:00,user_761,Login,Mobile,North America,189.81,0.49,0,4.15,2024-01-18,22,Thursday,36.86,Not Converted
2024-01-18 22:45:00,user_239,Profile,Desktop,Europe,279.28,0.15,0,5.67,2024-01-18,22,Thursday,41.87,Not Converted
2024-01-18 23:00:00,user_229,Search,Tablet,North America,406.03,0.66,0,6.32,2024-01-18,23,Thursday,55.47,Not Converted
2024-01-18 23:15:00,user_579,Checkout,Mobile,North America,327.2,0.32,0,4.95,2024-01-18,23,Thursday,54.99,Not Converted
2024-01-18 23:30:00,user_51,Login,Mobile,Africa,506.84,0.34,0,8.2,2024-01-18,23,Thursday,55.09,Not Converted
2024-01-18 23:45:00,user_609,Home,Tablet,Europe,458.24,1.0,0,7.79,2024-01-18,23,Thursday,52.13,Not Converted
2024-01-19 00:00:00,user_604,Product,Tablet,Asia,39.69,0.47,0,5.3,2024-01-19,0,Friday,6.3,Not Converted
2024-01-19 00:15:00,user_264,Profile,Desktop,Africa,599.06,0.81,0,8.62,2024-01-19,0,Friday,62.27,Not Converted
2024-01-19 00:30:00,user_418,Home,Tablet,Asia,452.68,0.16,0,7.64,2024-01-19,0,Friday,52.39,Not Converted
2024-01-19 00:45:00,user_803,Profile,Tablet,Europe,519.02,0.79,0,7.9,2024-01-19,0,Friday,58.32,Not Converted
2024-01-19 01:00:00,user_96,Help,Tablet,North America,392.46,0.06,0,9.59,2024-01-19,1,Friday,37.06,Not Converted
2024-01-19 01:15:00,user_88,Product,Desktop,South America,514.49,0.19,0,3.03,2024-01-19,1,Friday,127.67,Not Converted
2024-01-19 01:30:00,user_78,Product,Desktop,South America,71.87,0.66,0,3.04,2024-01-19,1,Friday,17.79,Not Converted
2024-01-19 01:45:00,user_288,Login,Mobile,Europe,211.9,0.85,0,8.95,2024-01-19,1,Friday,21.3,Not Converted
2024-01-19 02:00:00,user_120,Login,Desktop,South America,294.4,0.25,0,7.84,2024-01-19,2,Friday,33.3,Not Converted
2024-01-19 02:15:00,user_814,Home,Mobile,Asia,294.4,0.33,1,9.3,2024-01-19,2,Friday,28.58,Converted
2024-01-19 02:30:00,user_491,Help,Tablet,South America,51.55,0.54,0,1.1,2024-01-19,2,Friday,24.55,Not Converted
2024-01-19 02:45:00,user_912,Profile,Mobile,Europe,294.4,0.21,0,6.46,2024-01-19,2,Friday,39.46,Not Converted
2024-01-19 03:00:00,user_452,Help,Mobile,Europe,502.11,0.81,0,1.87,2024-01-19,3,Friday,174.95,Not Converted
2024-01-19 03:15:00,user_500,Product,Tablet,Asia,101.78,0.77,1,5.29,2024-01-19,3,Friday,16.18,Converted
2024-01-19 03:30:00,user_165,Home,Mobile,South America,513.34,0.15,0,1.98,2024-01-19,3,Friday,172.26,Not Converted
2024-01-19 03:45:00,user_182,Checkout,Desktop,South America,413.63,0.46,0,1.72,2024-01-19,3,Friday,152.07,Not Converted
2024-01-19 04:00:00,user_469,Home,Desktop,North America,314.45,0.77,0,0.62,2024-01-19,4,Friday,194.1,Not Converted
2024-01-19 04:15:00,user_910,Search,Desktop,Africa,294.4,0.34,0,6.49,2024-01-19,4,Friday,39.31,Not Converted
2024-01-19 04:30:00,user_735,Home,Desktop,Europe,254.45,0.63,0,3.91,2024-01-19,4,Friday,51.82,Not Converted
2024-01-19 04:45:00,user_823,Help,Mobile,North America,120.43,0.05,0,1.5,2024-01-19,4,Friday,48.17,Not Converted
2024-01-19 05:00:00,user_944,Search,Mobile,Europe,174.49,0.61,0,3.57,2024-01-19,5,Friday,38.18,Not Converted
2024-01-19 05:15:00,user_978,Search,Tablet,North America,294.4,1.0,0,2.1,2024-01-19,5,Friday,94.97,Not Converted
2024-01-19 05:30:00,user_7,Search,Mobile,Africa,321.14,0.83,0,9.45,2024-01-19,5,Friday,30.73,Not Converted
2024-01-19 05:45:00,user_330,Checkout,Mobile,North America,484.32,0.36,0,3.54,2024-01-19,5,Friday,106.68,Not Converted
2024-01-19 06:00:00,user_775,Home,Mobile,Europe,475.85,0.28,0,5.46,2024-01-19,6,Friday,73.66,Not Converted
2024-01-19 06:15:00,user_673,Help,Tablet,South America,350.91,0.84,0,8.48,2024-01-19,6,Friday,37.02,Not Converted
2024-01-19 06:30:00,user_151,Home,Desktop,Europe,469.57,0.05,0,5.46,2024-01-19,6,Friday,72.69,Not Converted
2024-01-19 06:45:00,user_85,Checkout,Mobile,Asia,119.11,0.4,0,7.25,2024-01-19,6,Friday,14.44,Not Converted
2024-01-19 07:00:00,user_147,Product,Tablet,Asia,34.79,0.37,0,6.54,2024-01-19,7,Friday,4.61,Not Converted
2024-01-19 07:15:00,user_624,Login,Tablet,Asia,294.4,0.28,0,9.49,2024-01-19,7,Friday,28.06,Not Converted
2024-01-19 07:30:00,user_381,Help,Tablet,Asia,49.95,0.91,0,2.47,2024-01-19,7,Friday,14.39,Not Converted
2024-01-19 07:45:00,user_915,Help,Desktop,Africa,151.78,0.75,0,9.9,2024-01-19,7,Friday,13.92,Not Converted
2024-01-19 08:00:00,user_548,Home,Mobile,South America,418.71,0.06,0,8.39,2024-01-19,8,Friday,44.59,Not Converted
2024-01-19 08:15:00,user_285,Login,Tablet,South America,248.62,0.49,0,6.1,2024-01-19,8,Friday,35.02,Not Converted
2024-01-19 08:30:00,user_700,Profile,Desktop,Europe,526.41,0.53,0,6.79,2024-01-19,8,Friday,67.58,Not Converted
2024-01-19 08:45:00,user_82,Profile,Tablet,North America,182.3,0.9,0,6.66,2024-01-19,8,Friday,23.8,Not Converted
2024-01-19 09:00:00,user_514,Checkout,Tablet,Europe,12.06,0.31,0,1.05,2024-01-19,9,Friday,5.88,Not Converted
2024-01-19 09:15:00,user_897,Profile,Tablet,Europe,183.89,0.57,0,2.57,2024-01-19,9,Friday,51.51,Not Converted
2024-01-19 09:30:00,user_815,Help,Tablet,Europe,348.95,0.5,0,9.63,2024-01-19,9,Friday,32.83,Not Converted
2024-01-19 09:45:00,user_709,Profile,Tablet,Europe,228.68,0.49,0,5.58,2024-01-19,9,Friday,34.75,Not Converted
2024-01-19 10:00:00,user_916,Product,Unknown,South America,323.25,0.46,1,4.09,2024-01-19,10,Friday,63.51,Converted
2024-01-19 10:15:00,user_523,Product,Mobile,North America,526.58,0.21,0,7.74,2024-01-19,10,Friday,60.25,Not Converted
2024-01-19 10:30:00,user_746,Product,Mobile,Europe,547.93,0.76,0,5.48,2024-01-19,10,Friday,84.56,Not Converted
2024-01-19 10:45:00,user_386,Profile,Mobile,South America,163.25,0.45,0,0.63,2024-01-19,10,Friday,100.15,Not Converted
2024-01-19 11:00:00,user_707,Checkout,Mobile,Europe,279.97,0.96,0,7.49,2024-01-19,11,Friday,32.98,Not Converted
2024-01-19 11:15:00,user_471,Search,Desktop,Asia,331.74,0.26,0,7.46,2024-01-19,11,Friday,39.21,Not Converted
2024-01-19 11:30:00,user_119,Search,Desktop,Europe,569.72,0.68,0,2.07,2024-01-19,11,Friday,185.58,Not Converted
2024-01-19 11:45:00,user_396,Login,Desktop,Europe,599.18,0.94,0,9.59,2024-01-19,11,Friday,56.58,Not Converted
2024-01-19 12:00:00,user_532,Search,Tablet,Africa,145.07,0.66,0,2.63,2024-01-19,12,Friday,39.96,Not Converted
2024-01-19 12:15:00,user_261,Search,Tablet,Asia,437.55,0.87,0,4.85,2024-01-19,12,Friday,74.79,Not Converted
2024-01-19 12:30:00,user_805,Product,Tablet,North America,229.93,0.83,1,1.59,2024-01-19,12,Friday,88.78,Converted
2024-01-19 12:45:00,user_934,Product,Mobile,Europe,9.82,0.36,0,6.23,2024-01-19,12,Friday,1.36,Not Converted
2024-01-19 13:00:00,user_256,Profile,Tablet,North America,10.51,0.6,0,4.07,2024-01-19,13,Friday,2.07,Not Converted
2024-01-19 13:15:00,user_734,Login,Mobile,Asia,279.04,0.16,0,3.86,2024-01-19,13,Friday,57.42,Not Converted
2024-01-19 13:30:00,user_905,Home,Tablet,Europe,295.56,0.54,0,8.36,2024-01-19,13,Friday,31.58,Not Converted
2024-01-19 13:45:00,user_226,Help,Mobile,Africa,18.43,0.23,0,0.59,2024-01-19,13,Friday,11.59,Not Converted
2024-01-19 14:00:00,user_53,Login,Tablet,South America,294.4,0.74,0,8.08,2024-01-19,14,Friday,32.42,Not Converted
2024-01-19 14:15:00,user_940,Login,Tablet,Africa,179.93,0.53,0,5.93,2024-01-19,14,Friday,25.96,Not Converted
2024-01-19 14:30:00,user_867,Checkout,Desktop,Africa,338.14,0.49,0,9.87,2024-01-19,14,Friday,31.11,Not Converted
2024-01-19 14:45:00,user_500,Profile,Tablet,South America,184.05,0.27,0,6.1,2024-01-19,14,Friday,25.92,Not Converted
2024-01-19 15:00:00,user_506,Checkout,Tablet,South America,104.44,1.0,1,1.03,2024-01-19,15,Friday,51.45,Converted
2024-01-19 15:15:00,user_854,Login,Desktop,South America,247.27,0.07,0,0.98,2024-01-19,15,Friday,124.88,Not Converted
2024-01-19 15:30:00,user_364,Login,Mobile,Europe,143.2,0.04,0,5.46,2024-01-19,15,Friday,22.17,Not Converted
2024-01-19 15:45:00,user_280,Login,Desktop,North America,323.21,0.22,0,8.49,2024-01-19,15,Friday,34.06,Not Converted
2024-01-19 16:00:00,user_593,Search,Desktop,North America,123.3,0.97,0,3.79,2024-01-19,16,Friday,25.74,Not Converted
2024-01-19 16:15:00,user_714,Help,Mobile,South America,307.5,0.98,0,6.37,2024-01-19,16,Friday,41.72,Not Converted
2024-01-19 16:30:00,user_158,Help,Tablet,Africa,98.64,0.65,0,5.15,2024-01-19,16,Friday,16.04,Not Converted
2024-01-19 16:45:00,user_632,Checkout,Mobile,Asia,294.4,0.88,0,5.46,2024-01-19,16,Friday,45.57,Not Converted
2024-01-19 17:00:00,user_59,Login,Tablet,South America,453.59,0.21,0,9.52,2024-01-19,17,Friday,43.12,Not Converted
2024-01-19 17:15:00,user_727,Help,Unknown,Africa,70.68,0.97,0,9.85,2024-01-19,17,Friday,6.51,Not Converted
2024-01-19 17:30:00,user_128,Product,Mobile,Africa,283.34,0.14,0,8.73,2024-01-19,17,Friday,29.12,Not Converted
2024-01-19 17:45:00,user_736,Help,Desktop,Europe,47.17,0.1,0,9.14,2024-01-19,17,Friday,4.65,Not Converted
2024-01-19 18:00:00,user_721,Profile,Mobile,Europe,360.92,0.11,0,2.56,2024-01-19,18,Friday,101.38,Not Converted
2024-01-19 18:15:00,user_882,Profile,Unknown,North America,162.32,0.57,0,5.46,2024-01-19,18,Friday,25.13,Not Converted
2024-01-19 18:30:00,user_115,Help,Mobile,North America,318.94,0.78,0,7.23,2024-01-19,18,Friday,38.75,Not Converted
2024-01-19 18:45:00,user_209,Product,Mobile,Asia,312.89,0.37,0,9.65,2024-01-19,18,Friday,29.38,Not Converted
2024-01-19 19:00:00,user_526,Profile,Tablet,Asia,554.99,0.98,0,5.93,2024-01-19,19,Friday,80.09,Not Converted
2024-01-19 19:15:00,user_521,Search,Desktop,Asia,331.7,0.43,0,1.31,2024-01-19,19,Friday,143.59,Not Converted
2024-01-19 19:30:00,user_552,Help,Mobile,Asia,294.4,0.15,0,6.18,2024-01-19,19,Friday,41.0,Not Converted
2024-01-19 19:45:00,user_962,Search,Tablet,Africa,243.98,0.47,0,7.02,2024-01-19,19,Friday,30.42,Not Converted
2024-01-19 20:00:00,user_237,Help,Tablet,Africa,569.7,0.68,1,2.59,2024-01-19,20,Friday,158.69,Converted
2024-01-19 20:15:00,user_281,Home,Mobile,North America,467.43,0.83,0,4.24,2024-01-19,20,Friday,89.2,Not Converted
2024-01-19 20:30:00,user_359,Home,Desktop,Europe,174.82,0.46,0,5.46,2024-01-19,20,Friday,27.06,Not Converted
2024-01-19 20:45:00,user_201,Home,Mobile,Europe,507.3,0.59,0,4.05,2024-01-19,20,Friday,100.46,Not Converted
2024-01-19 21:00:00,user_758,Profile,Desktop,South America,294.4,0.27,0,4.06,2024-01-19,21,Friday,58.18,Not Converted
2024-01-19 21:15:00,user_278,Search,Desktop,Africa,294.4,0.65,0,1.76,2024-01-19,21,Friday,106.67,Not Converted
2024-01-19 21:30:00,user_235,Search,Desktop,Asia,494.62,0.99,0,9.44,2024-01-19,21,Friday,47.38,Not Converted
2024-01-19 21:45:00,user_494,Search,Desktop,Asia,117.38,0.05,1,7.63,2024-01-19,21,Friday,13.6,Converted
2024-01-19 22:00:00,user_4,Product,Unknown,South America,422.18,0.89,0,0.51,2024-01-19,22,Friday,279.59,Not Converted
2024-01-19 22:15:00,user_666,Search,Tablet,Europe,177.93,0.56,0,5.46,2024-01-19,22,Friday,27.54,Not Converted
2024-01-19 22:30:00,user_442,Product,Tablet,Asia,182.01,0.25,0,7.53,2024-01-19,22,Friday,21.34,Not Converted
2024-01-19 22:45:00,user_29,Home,Tablet,Europe,181.33,0.95,0,0.59,2024-01-19,22,Friday,114.04,Not Converted
2024-01-19 23:00:00,user_109,Home,Tablet,South America,436.71,0.48,0,4.01,2024-01-19,23,Friday,87.17,Not Converted
2024-01-19 23:15:00,user_610,Profile,Tablet,Europe,141.75,0.33,0,6.26,2024-01-19,23,Friday,19.52,Not Converted
2024-01-19 23:30:00,user_727,Help,Tablet,Europe,5.54,0.18,0,4.8,2024-01-19,23,Friday,0.96,Not Converted
2024-01-19 23:45:00,user_805,Home,Unknown,Europe,430.57,0.49,0,7.89,2024-01-19,23,Friday,48.43,Not Converted
2024-01-20 00:00:00,user_75,Help,Desktop,Asia,106.85,0.83,0,4.54,2024-01-20,0,Saturday,19.29,Not Converted
2024-01-20 00:15:00,user_838,Help,Tablet,North America,67.17,0.61,0,5.46,2024-01-20,0,Saturday,10.4,Not Converted
2024-01-20 00:30:00,user_146,Profile,Mobile,Africa,294.4,0.91,0,9.78,2024-01-20,0,Saturday,27.31,Not Converted
2024-01-20 00:45:00,user_128,Login,Tablet,Europe,231.04,0.23,0,2.8,2024-01-20,0,Saturday,60.8,Not Converted
2024-01-20 01:00:00,user_853,Login,Tablet,Europe,288.16,0.12,0,7.32,2024-01-20,1,Saturday,34.63,Not Converted
2024-01-20 01:15:00,user_42,Checkout,Desktop,Europe,31.52,0.01,0,1.86,2024-01-20,1,Saturday,11.02,Not Converted
2024-01-20 01:30:00,user_356,Profile,Desktop,North America,582.49,0.49,0,3.63,2024-01-20,1,Saturday,125.81,Not Converted
2024-01-20 01:45:00,user_41,Checkout,Desktop,South America,431.06,1.0,0,4.7,2024-01-20,1,Saturday,75.62,Not Converted
2024-01-20 02:00:00,user_934,Checkout,Tablet,Asia,197.3,0.69,0,2.33,2024-01-20,2,Saturday,59.25,Not Converted
2024-01-20 02:15:00,user_34,Login,Tablet,North America,194.62,0.31,0,4.77,2024-01-20,2,Saturday,33.73,Not Converted
2024-01-20 02:30:00,user_17,Profile,Tablet,Europe,271.88,0.88,0,1.99,2024-01-20,2,Saturday,90.93,Not Converted
2024-01-20 02:45:00,user_677,Login,Desktop,North America,377.62,0.78,0,5.81,2024-01-20,2,Saturday,55.45,Not Converted
2024-01-20 03:00:00,user_153,Checkout,Mobile,North America,92.09,0.02,1,6.81,2024-01-20,3,Saturday,11.79,Converted
2024-01-20 03:15:00,user_998,Profile,Unknown,North America,117.41,0.82,0,1.09,2024-01-20,3,Saturday,56.18,Not Converted
2024-01-20 03:30:00,user_378,Checkout,Tablet,South America,516.36,0.3,0,8.78,2024-01-20,3,Saturday,52.8,Not Converted
2024-01-20 03:45:00,user_588,Search,Tablet,Africa,157.47,0.15,0,2.26,2024-01-20,3,Saturday,48.3,Not Converted
2024-01-20 04:00:00,user_599,Help,Mobile,Asia,231.22,0.23,0,2.64,2024-01-20,4,Saturday,63.52,Not Converted
2024-01-20 04:15:00,user_629,Profile,Tablet,South America,523.41,0.47,0,6.78,2024-01-20,4,Saturday,67.28,Not Converted
2024-01-20 04:30:00,user_874,Profile,Mobile,South America,399.57,0.42,0,5.46,2024-01-20,4,Saturday,61.85,Not Converted
2024-01-20 04:45:00,user_342,Help,Tablet,Africa,208.32,0.29,0,5.24,2024-01-20,4,Saturday,33.38,Not Converted
2024-01-20 05:00:00,user_981,Checkout,Mobile,South America,411.8,0.17,0,1.72,2024-01-20,5,Saturday,151.4,Not Converted
2024-01-20 05:15:00,user_27,Search,Tablet,North America,294.4,0.76,0,8.15,2024-01-20,5,Saturday,32.17,Not Converted
2024-01-20 05:30:00,user_825,Product,Desktop,North America,442.71,0.99,0,6.36,2024-01-20,5,Saturday,60.15,Not Converted
2024-01-20 05:45:00,user_287,Help,Unknown,Europe,294.77,0.78,0,1.79,2024-01-20,5,Saturday,105.65,Not Converted
2024-01-20 06:00:00,user_646,Login,Desktop,South America,294.4,0.3,0,4.05,2024-01-20,6,Saturday,58.3,Not Converted
2024-01-20 06:15:00,user_731,Checkout,Desktop,Europe,573.01,0.24,0,8.2,2024-01-20,6,Saturday,62.28,Not Converted
2024-01-20 06:30:00,user_168,Help,Tablet,Asia,555.84,0.22,0,5.9,2024-01-20,6,Saturday,80.56,Not Converted
2024-01-20 06:45:00,user_610,Help,Desktop,North America,546.01,0.14,0,5.46,2024-01-20,6,Saturday,84.52,Not Converted
2024-01-20 07:00:00,user_268,Profile,Mobile,Asia,309.74,0.55,0,4.04,2024-01-20,7,Saturday,61.46,Not Converted
2024-01-20 07:15:00,user_749,Login,Desktop,Africa,219.28,0.61,0,2.81,2024-01-20,7,Saturday,57.55,Not Converted
2024-01-20 07:30:00,user_821,Login,Desktop,North America,281.7,0.71,0,5.42,2024-01-20,7,Saturday,43.88,Not Converted
2024-01-20 07:45:00,user_455,Login,Unknown,Asia,415.49,0.68,0,8.51,2024-01-20,7,Saturday,43.69,Not Converted
2024-01-20 08:00:00,user_906,Help,Tablet,Africa,530.98,0.29,0,4.64,2024-01-20,8,Saturday,94.15,Not Converted
2024-01-20 08:15:00,user_685,Product,Desktop,Asia,128.16,0.33,0,4.62,2024-01-20,8,Saturday,22.8,Not Converted
2024-01-20 08:30:00,user_401,Home,Mobile,Africa,551.32,0.68,0,9.1,2024-01-20,8,Saturday,54.59,Not Converted
2024-01-20 08:45:00,user_922,Checkout,Desktop,Africa,490.03,0.35,0,5.97,2024-01-20,8,Saturday,70.31,Not Converted
2024-01-20 09:00:00,user_981,Home,Desktop,North America,587.42,0.21,0,5.88,2024-01-20,9,Saturday,85.38,Not Converted
2024-01-20 09:15:00,user_476,Help,Desktop,Europe,528.75,0.37,0,2.99,2024-01-20,9,Saturday,132.52,Not Converted
2024-01-20 09:30:00,user_702,Home,Mobile,Africa,171.56,0.27,1,6.27,2024-01-20,9,Saturday,23.6,Converted
2024-01-20 09:45:00,user_634,Help,Desktop,Africa,68.04,0.09,0,5.97,2024-01-20,9,Saturday,9.76,Not Converted
2024-01-20 10:00:00,user_558,Home,Mobile,North America,71.78,0.83,0,4.27,2024-01-20,10,Saturday,13.62,Not Converted
2024-01-20 10:15:00,user_576,Login,Mobile,Europe,178.28,0.49,0,9.91,2024-01-20,10,Saturday,16.34,Not Converted
2024-01-20 10:30:00,user_130,Search,Desktop,South America,370.44,0.22,0,8.88,2024-01-20,10,Saturday,37.49,Not Converted
2024-01-20 10:45:00,user_822,Login,Mobile,South America,483.57,0.06,0,7.62,2024-01-20,10,Saturday,56.1,Not Converted
2024-01-20 11:00:00,user_363,Login,Tablet,Europe,294.4,0.74,0,5.6,2024-01-20,11,Saturday,44.61,Not Converted
2024-01-20 11:15:00,user_705,Profile,Unknown,Asia,376.13,0.21,0,4.89,2024-01-20,11,Saturday,63.86,Not Converted
2024-01-20 11:30:00,user_819,Profile,Desktop,North America,8.35,0.39,0,5.46,2024-01-20,11,Saturday,1.29,Not Converted
2024-01-20 11:45:00,user_693,Home,Mobile,Europe,115.86,0.06,0,3.4,2024-01-20,11,Saturday,26.33,Not Converted
2024-01-20 12:00:00,user_292,Help,Mobile,South America,64.34,0.23,0,7.85,2024-01-20,12,Saturday,7.27,Not Converted
2024-01-20 12:15:00,user_371,Login,Desktop,Africa,221.18,0.79,0,4.81,2024-01-20,12,Saturday,38.07,Not Converted
2024-01-20 12:30:00,user_794,Home,Tablet,South America,303.3,0.8,0,8.88,2024-01-20,12,Saturday,30.7,Not Converted
2024-01-20 12:45:00,user_29,Profile,Mobile,Africa,30.82,0.21,0,1.91,2024-01-20,12,Saturday,10.59,Not Converted
2024-01-20 13:00:00,user_149,Search,Mobile,North America,212.34,0.34,0,5.33,2024-01-20,13,Saturday,33.55,Not Converted
2024-01-20 13:15:00,user_779,Checkout,Tablet,Africa,111.61,0.13,0,6.65,2024-01-20,13,Saturday,14.59,Not Converted
2024-01-20 13:30:00,user_296,Home,Tablet,Europe,390.01,0.07,0,5.41,2024-01-20,13,Saturday,60.84,Not Converted
2024-01-20 13:45:00,user_11,Search,Desktop,Africa,281.24,0.99,0,8.95,2024-01-20,13,Saturday,28.27,Not Converted
2024-01-20 14:00:00,user_512,Checkout,Tablet,Asia,299.71,0.66,0,9.9,2024-01-20,14,Saturday,27.5,Not Converted
2024-01-20 14:15:00,user_676,Product,Desktop,Europe,259.48,0.54,0,1.6,2024-01-20,14,Saturday,99.8,Not Converted
2024-01-20 14:30:00,user_113,Home,Tablet,North America,573.83,0.77,0,1.73,2024-01-20,14,Saturday,210.19,Not Converted
2024-01-20 14:45:00,user_187,Home,Mobile,Europe,132.77,0.84,0,1.74,2024-01-20,14,Saturday,48.46,Not Converted
2024-01-20 15:00:00,user_807,Product,Desktop,Asia,312.42,0.81,1,6.97,2024-01-20,15,Saturday,39.2,Converted
2024-01-20 15:15:00,user_744,Product,Desktop,North America,442.93,0.02,0,4.04,2024-01-20,15,Saturday,87.88,Not Converted
2024-01-20 15:30:00,user_227,Home,Desktop,South America,336.32,0.19,0,7.47,2024-01-20,15,Saturday,39.71,Not Converted
2024-01-20 15:45:00,user_310,Product,Tablet,Asia,557.77,0.65,1,4.35,2024-01-20,15,Saturday,104.26,Converted
2024-01-20 16:00:00,user_98,Login,Mobile,North America,229.89,0.38,0,6.46,2024-01-20,16,Saturday,30.82,Not Converted
2024-01-20 16:15:00,user_55,Checkout,Desktop,Africa,294.4,0.98,0,7.81,2024-01-20,16,Saturday,33.42,Not Converted
2024-01-20 16:30:00,user_623,Checkout,Desktop,Europe,57.67,0.67,0,5.71,2024-01-20,16,Saturday,8.59,Not Converted
2024-01-20 16:45:00,user_664,Checkout,Desktop,North America,367.35,0.96,0,5.63,2024-01-20,16,Saturday,55.41,Not Converted
2024-01-20 17:00:00,user_758,Login,Desktop,Europe,176.49,0.2,0,1.34,2024-01-20,17,Saturday,75.42,Not Converted
2024-01-20 17:15:00,user_406,Help,Mobile,Africa,100.38,0.86,0,4.4,2024-01-20,17,Saturday,18.59,Not Converted
2024-01-20 17:30:00,user_69,Product,Tablet,North America,329.0,0.32,0,5.68,2024-01-20,17,Saturday,49.25,Not Converted
2024-01-20 17:45:00,user_312,Search,Mobile,South America,321.72,0.99,0,4.89,2024-01-20,17,Saturday,54.62,Not Converted
2024-01-20 18:00:00,user_289,Product,Desktop,Asia,50.14,0.16,0,9.06,2024-01-20,18,Saturday,4.98,Not Converted
2024-01-20 18:15:00,user_762,Home,Mobile,North America,294.4,0.52,0,9.11,2024-01-20,18,Saturday,29.12,Not Converted
2024-01-20 18:30:00,user_548,Profile,Desktop,Africa,376.14,0.79,0,5.46,2024-01-20,18,Saturday,58.23,Not Converted
2024-01-20 18:45:00,user_751,Checkout,Tablet,North America,117.47,0.43,0,4.07,2024-01-20,18,Saturday,23.17,Not Converted
2024-01-20 19:00:00,user_148,Product,Tablet,Europe,284.31,0.47,0,7.31,2024-01-20,19,Saturday,34.21,Not Converted
2024-01-20 19:15:00,user_467,Search,Tablet,North America,433.59,0.99,0,4.26,2024-01-20,19,Saturday,82.43,Not Converted
2024-01-20 19:30:00,user_739,Home,Desktop,South America,320.01,0.43,0,2.71,2024-01-20,19,Saturday,86.26,Not Converted
2024-01-20 19:45:00,user_244,Login,Mobile,North America,240.32,0.6,0,3.76,2024-01-20,19,Saturday,50.49,Not Converted
2024-01-20 20:00:00,user_491,Help,Tablet,Asia,196.79,0.05,0,1.17,2024-01-20,20,Saturday,90.69,Not Converted
2024-01-20 20:15:00,user_849,Login,Desktop,North America,368.18,0.84,1,3.65,2024-01-20,20,Saturday,79.18,Converted
2024-01-20 20:30:00,user_958,Search,Desktop,Europe,563.77,0.65,0,4.88,2024-01-20,20,Saturday,95.88,Not Converted
2024-01-20 20:45:00,user_507,Home,Mobile,North America,404.69,0.4,0,9.58,2024-01-20,20,Saturday,38.25,Not Converted
2024-01-20 21:00:00,user_365,Checkout,Unknown,South America,49.47,0.02,0,3.48,2024-01-20,21,Saturday,11.04,Not Converted
2024-01-20 21:15:00,user_482,Product,Desktop,Africa,279.11,0.59,0,9.07,2024-01-20,21,Saturday,27.72,Not Converted
2024-01-20 21:30:00,user_201,Home,Mobile,North America,535.04,0.01,0,2.67,2024-01-20,21,Saturday,145.79,Not Converted
2024-01-20 21:45:00,user_154,Help,Tablet,North America,61.21,0.0,0,2.31,2024-01-20,21,Saturday,18.49,Not Converted
2024-01-20 22:00:00,user_450,Login,Mobile,Asia,593.38,0.62,0,5.43,2024-01-20,22,Saturday,92.28,Not Converted
2024-01-20 22:15:00,user_501,Help,Mobile,South America,569.7,0.19,0,6.89,2024-01-20,22,Saturday,72.21,Not Converted
2024-01-20 22:30:00,user_73,Help,Desktop,Africa,51.57,0.19,0,0.92,2024-01-20,22,Saturday,26.86,Not Converted
2024-01-20 22:45:00,user_713,Search,Desktop,Europe,560.38,0.65,0,2.6,2024-01-20,22,Saturday,155.66,Not Converted
2024-01-20 23:00:00,user_296,Search,Desktop,North America,294.4,0.49,1,4.83,2024-01-20,23,Saturday,50.5,Converted
2024-01-20 23:15:00,user_17,Product,Mobile,Africa,507.6,0.31,0,3.64,2024-01-20,23,Saturday,109.4,Not Converted
2024-01-20 23:30:00,user_641,Search,Desktop,Europe,253.94,0.15,0,7.27,2024-01-20,23,Saturday,30.71,Not Converted
2024-01-20 23:45:00,user_217,Search,Mobile,South America,267.31,0.49,1,5.36,2024-01-20,23,Saturday,42.03,Converted
2024-01-21 00:00:00,user_61,Home,Mobile,South America,382.37,0.66,0,2.02,2024-01-21,0,Sunday,126.61,Not Converted
2024-01-21 00:15:00,user_939,Checkout,Desktop,Africa,465.81,0.72,0,9.0,2024-01-21,0,Sunday,46.58,Not Converted
2024-01-21 00:30:00,user_616,Product,Tablet,Europe,25.1,0.26,0,3.28,2024-01-21,0,Sunday,5.86,Not Converted
2024-01-21 00:45:00,user_42,Home,Unknown,South America,357.93,0.09,0,7.45,2024-01-21,0,Sunday,42.36,Not Converted
2024-01-21 01:00:00,user_25,Checkout,Tablet,Africa,116.11,0.08,0,7.91,2024-01-21,1,Sunday,13.03,Not Converted
2024-01-21 01:15:00,user_39,Help,Mobile,South America,210.84,0.43,0,9.65,2024-01-21,1,Sunday,19.8,Not Converted
2024-01-21 01:30:00,user_803,Home,Mobile,South America,212.04,0.95,0,5.24,2024-01-21,1,Sunday,33.98,Not Converted
2024-01-21 01:45:00,user_131,Profile,Mobile,South America,284.09,0.22,0,6.35,2024-01-21,1,Sunday,38.65,Not Converted
2024-01-21 02:00:00,user_498,Home,Desktop,Asia,203.81,0.26,0,3.68,2024-01-21,2,Sunday,43.55,Not Converted
2024-01-21 02:15:00,user_229,Search,Mobile,Europe,68.88,0.1,0,6.94,2024-01-21,2,Sunday,8.68,Not Converted
2024-01-21 02:30:00,user_108,Checkout,Desktop,Africa,91.65,0.61,0,4.9,2024-01-21,2,Sunday,15.53,Not Converted
2024-01-21 02:45:00,user_172,Product,Desktop,Africa,24.9,0.68,0,4.66,2024-01-21,2,Sunday,4.4,Not Converted
2024-01-21 03:00:00,user_435,Product,Tablet,Europe,284.8,0.64,0,8.63,2024-01-21,3,Sunday,29.57,Not Converted
2024-01-21 03:15:00,user_478,Checkout,Tablet,Europe,572.9,0.86,0,0.98,2024-01-21,3,Sunday,289.34,Not Converted
2024-01-21 03:30:00,user_102,Search,Tablet,Europe,73.83,0.49,0,8.88,2024-01-21,3,Sunday,7.47,Not Converted
2024-01-21 03:45:00,user_866,Login,Desktop,Europe,568.03,0.13,0,8.59,2024-01-21,3,Sunday,59.23,Not Converted
2024-01-21 04:00:00,user_524,Home,Desktop,North America,294.4,0.29,0,5.31,2024-01-21,4,Sunday,46.66,Not Converted
2024-01-21 04:15:00,user_275,Search,Desktop,Africa,384.31,0.66,0,5.16,2024-01-21,4,Sunday,62.39,Not Converted
2024-01-21 04:30:00,user_613,Profile,Mobile,North America,388.94,0.49,0,3.94,2024-01-21,4,Sunday,78.73,Not Converted
2024-01-21 04:45:00,user_44,Help,Desktop,South America,496.9,0.53,0,9.94,2024-01-21,4,Sunday,45.42,Not Converted
2024-01-21 05:00:00,user_955,Checkout,Unknown,South America,68.62,0.68,1,1.56,2024-01-21,5,Sunday,26.8,Converted
2024-01-21 05:15:00,user_817,Home,Tablet,Africa,305.33,0.49,0,6.11,2024-01-21,5,Sunday,42.94,Not Converted
2024-01-21 05:30:00,user_957,Product,Desktop,South America,419.77,0.49,1,6.98,2024-01-21,5,Sunday,52.6,Converted
2024-01-21 05:45:00,user_17,Help,Desktop,Europe,354.16,0.59,1,9.38,2024-01-21,5,Sunday,34.12,Converted
2024-01-21 06:00:00,user_330,Login,Tablet,North America,500.5,0.78,0,7.91,2024-01-21,6,Sunday,56.17,Not Converted
2024-01-21 06:15:00,user_569,Profile,Desktop,Europe,48.0,0.25,0,6.62,2024-01-21,6,Sunday,6.3,Not Converted
2024-01-21 06:30:00,user_823,Product,Tablet,South America,415.97,0.68,0,1.61,2024-01-21,6,Sunday,159.38,Not Converted
2024-01-21 06:45:00,user_497,Checkout,Mobile,North America,322.75,0.9,0,4.05,2024-01-21,6,Sunday,63.91,Not Converted
2024-01-21 07:00:00,user_815,Home,Tablet,Europe,230.6,0.39,0,1.82,2024-01-21,7,Sunday,81.77,Not Converted
2024-01-21 07:15:00,user_12,Checkout,Mobile,Africa,207.46,0.78,0,8.87,2024-01-21,7,Sunday,21.02,Not Converted
2024-01-21 07:30:00,user_318,Help,Desktop,Europe,374.4,0.72,0,7.62,2024-01-21,7,Sunday,43.43,Not Converted
2024-01-21 07:45:00,user_592,Home,Desktop,South America,535.14,0.06,0,7.7,2024-01-21,7,Sunday,61.51,Not Converted
2024-01-21 08:00:00,user_216,Search,Mobile,North America,300.22,0.58,0,6.7,2024-01-21,8,Sunday,38.99,Not Converted
2024-01-21 08:15:00,user_339,Login,Desktop,Africa,495.71,0.49,0,5.32,2024-01-21,8,Sunday,78.44,Not Converted
2024-01-21 08:30:00,user_776,Search,Mobile,North America,244.28,0.97,0,1.92,2024-01-21,8,Sunday,83.66,Not Converted
2024-01-21 08:45:00,user_991,Search,Desktop,Africa,65.92,0.81,0,3.63,2024-01-21,8,Sunday,14.24,Not Converted
2024-01-21 09:00:00,user_661,Checkout,Tablet,North America,41.6,0.11,0,1.8,2024-01-21,9,Sunday,14.86,Not Converted
2024-01-21 09:15:00,user_81,Help,Desktop,South America,35.54,0.12,0,7.39,2024-01-21,9,Sunday,4.24,Not Converted
2024-01-21 09:30:00,user_727,Login,Tablet,Africa,231.19,0.59,0,5.46,2024-01-21,9,Sunday,35.79,Not Converted
2024-01-21 09:45:00,user_485,Home,Tablet,Asia,205.66,0.34,0,7.17,2024-01-21,9,Sunday,25.17,Not Converted
2024-01-21 10:00:00,user_374,Home,Mobile,North America,432.17,0.03,0,7.08,2024-01-21,10,Sunday,53.49,Not Converted
2024-01-21 10:15:00,user_976,Profile,Desktop,North America,294.4,0.54,0,4.86,2024-01-21,10,Sunday,50.24,Not Converted
2024-01-21 10:30:00,user_710,Product,Mobile,Europe,35.26,0.39,0,1.78,2024-01-21,10,Sunday,12.68,Not Converted
2024-01-21 10:45:00,user_200,Profile,Desktop,Africa,136.57,0.1,0,3.49,2024-01-21,10,Sunday,30.42,Not Converted
2024-01-21 11:00:00,user_537,Profile,Tablet,Asia,168.19,0.8,1,3.54,2024-01-21,11,Sunday,37.05,Converted
2024-01-21 11:15:00,user_466,Home,Tablet,South America,330.83,0.92,0,7.15,2024-01-21,11,Sunday,40.59,Not Converted
2024-01-21 11:30:00,user_89,Checkout,Desktop,Europe,90.99,0.76,0,1.58,2024-01-21,11,Sunday,35.27,Not Converted
2024-01-21 11:45:00,user_268,Search,Desktop,Asia,84.7,0.82,0,8.38,2024-01-21,11,Sunday,9.03,Not Converted
2024-01-21 12:00:00,user_655,Help,Mobile,Africa,566.55,0.22,0,7.73,2024-01-21,12,Sunday,64.9,Not Converted
2024-01-21 12:15:00,user_571,Search,Desktop,Asia,483.5,0.26,0,2.27,2024-01-21,12,Sunday,147.86,Not Converted
2024-01-21 12:30:00,user_922,Search,Desktop,North America,112.49,0.21,0,7.33,2024-01-21,12,Sunday,13.5,Not Converted
2024-01-21 12:45:00,user_489,Login,Desktop,North America,246.91,0.77,0,6.85,2024-01-21,12,Sunday,31.45,Not Converted
2024-01-21 13:00:00,user_877,Home,Unknown,Europe,216.6,0.95,0,7.61,2024-01-21,13,Sunday,25.16,Not Converted
2024-01-21 13:15:00,user_538,Help,Desktop,Africa,475.65,0.72,0,2.29,2024-01-21,13,Sunday,144.57,Not Converted
2024-01-21 13:30:00,user_47,Checkout,Tablet,Africa,308.58,0.88,0,2.0,2024-01-21,13,Sunday,102.86,Not Converted
2024-01-21 13:45:00,user_288,Login,Mobile,Asia,81.07,0.64,0,2.75,2024-01-21,13,Sunday,21.62,Not Converted
2024-01-21 14:00:00,user_778,Product,Mobile,Europe,444.7,0.39,0,3.98,2024-01-21,14,Sunday,89.3,Not Converted
2024-01-21 14:15:00,user_16,Checkout,Tablet,Africa,294.4,0.43,0,8.04,2024-01-21,14,Sunday,32.57,Not Converted
2024-01-21 14:30:00,user_711,Profile,Tablet,North America,161.44,0.08,0,7.51,2024-01-21,14,Sunday,18.97,Not Converted
2024-01-21 14:45:00,user_401,Checkout,Tablet,Asia,228.42,0.03,0,5.46,2024-01-21,14,Sunday,35.36,Not Converted
2024-01-21 15:00:00,user_919,Checkout,Desktop,South America,301.17,0.7,0,1.06,2024-01-21,15,Sunday,146.2,Not Converted
2024-01-21 15:15:00,user_794,Search,Tablet,North America,209.15,0.44,0,0.61,2024-01-21,15,Sunday,129.91,Not Converted
2024-01-21 15:30:00,user_981,Checkout,Desktop,Europe,148.93,0.55,0,7.14,2024-01-21,15,Sunday,18.3,Not Converted
2024-01-21 15:45:00,user_86,Profile,Mobile,Africa,242.11,0.56,0,3.15,2024-01-21,15,Sunday,58.34,Not Converted
2024-01-21 16:00:00,user_250,Profile,Mobile,North America,16.41,0.28,0,3.67,2024-01-21,16,Sunday,3.51,Not Converted
2024-01-21 16:15:00,user_391,Home,Tablet,South America,464.64,0.48,1,5.69,2024-01-21,16,Sunday,69.45,Converted
2024-01-21 16:30:00,user_782,Checkout,Desktop,South America,106.71,0.47,0,1.47,2024-01-21,16,Sunday,43.2,Not Converted
2024-01-21 16:45:00,user_335,Search,Tablet,Europe,31.12,0.39,0,6.61,2024-01-21,16,Sunday,4.09,Not Converted
2024-01-21 17:00:00,user_629,Checkout,Tablet,North America,393.95,0.82,0,3.59,2024-01-21,17,Sunday,85.83,Not Converted
2024-01-21 17:15:00,user_519,Product,Desktop,Asia,465.49,0.45,0,6.51,2024-01-21,17,Sunday,61.98,Not Converted
2024-01-21 17:30:00,user_137,Product,Tablet,North America,489.23,0.6,0,8.42,2024-01-21,17,Sunday,51.94,Not Converted
2024-01-21 17:45:00,user_883,Search,Mobile,South America,298.64,0.9,0,2.13,2024-01-21,17,Sunday,95.41,Not Converted
2024-01-21 18:00:00,user_688,Home,Tablet,Europe,127.19,0.87,0,9.34,2024-01-21,18,Sunday,12.3,Not Converted
2024-01-21 18:15:00,user_840,Home,Desktop,Europe,443.65,0.89,0,5.54,2024-01-21,18,Sunday,67.84,Not Converted
2024-01-21 18:30:00,user_498,Profile,Desktop,Asia,421.33,0.27,0,9.27,2024-01-21,18,Sunday,41.03,Not Converted
2024-01-21 18:45:00,user_827,Profile,Mobile,Europe,151.53,0.03,0,2.47,2024-01-21,18,Sunday,43.67,Not Converted
2024-01-21 19:00:00,user_727,Login,Desktop,Europe,542.53,0.26,0,6.24,2024-01-21,19,Sunday,74.94,Not Converted
2024-01-21 19:15:00,user_477,Search,Desktop,Europe,67.1,0.28,0,4.34,2024-01-21,19,Sunday,12.57,Not Converted
2024-01-21 19:30:00,user_594,Checkout,Mobile,Europe,589.7,0.91,0,7.86,2024-01-21,19,Sunday,66.56,Not Converted
2024-01-21 19:45:00,user_223,Help,Tablet,Europe,516.85,0.49,0,6.26,2024-01-21,19,Sunday,71.19,Not Converted
2024-01-21 20:00:00,user_990,Search,Mobile,South America,414.3,0.08,0,5.2,2024-01-21,20,Sunday,66.82,Not Converted
2024-01-21 20:15:00,user_372,Login,Tablet,North America,563.56,0.14,0,9.17,2024-01-21,20,Sunday,55.41,Not Converted
2024-01-21 20:30:00,user_935,Profile,Mobile,Africa,434.78,0.16,1,4.08,2024-01-21,20,Sunday,85.59,Converted
2024-01-21 20:45:00,user_995,Search,Tablet,Europe,118.32,0.63,0,2.59,2024-01-21,20,Sunday,32.96,Not Converted
2024-01-21 21:00:00,user_402,Search,Mobile,Africa,268.08,0.74,0,5.46,2024-01-21,21,Sunday,41.5,Not Converted
2024-01-21 21:15:00,user_443,Profile,Unknown,Africa,47.54,0.49,0,6.43,2024-01-21,21,Sunday,6.4,Not Converted
2024-01-21 21:30:00,user_490,Login,Mobile,South America,236.85,0.94,0,4.67,2024-01-21,21,Sunday,41.77,Not Converted
2024-01-21 21:45:00,user_615,Profile,Tablet,Europe,446.25,0.49,0,5.12,2024-01-21,21,Sunday,72.92,Not Converted
2024-01-21 22:00:00,user_273,Home,Mobile,Africa,234.93,0.31,0,9.62,2024-01-21,22,Sunday,22.12,Not Converted
2024-01-21 22:15:00,user_526,Checkout,Desktop,Europe,201.53,0.24,0,7.46,2024-01-21,22,Sunday,23.82,Not Converted
2024-01-21 22:30:00,user_159,Profile,Tablet,Asia,359.24,0.36,0,1.55,2024-01-21,22,Sunday,140.88,Not Converted
2024-01-21 22:45:00,user_152,Login,Mobile,Asia,523.96,0.91,0,2.52,2024-01-21,22,Sunday,148.85,Not Converted
2024-01-21 23:00:00,user_995,Product,Tablet,Asia,33.31,0.58,0,9.77,2024-01-21,23,Sunday,3.09,Not Converted
2024-01-21 23:15:00,user_620,Home,Tablet,Africa,234.35,0.49,0,7.4,2024-01-21,23,Sunday,27.9,Not Converted
2024-01-21 23:30:00,user_188,Product,Mobile,Asia,99.15,0.49,0,9.19,2024-01-21,23,Sunday,9.73,Not Converted
2024-01-21 23:45:00,user_813,Help,Tablet,South America,418.74,0.49,0,3.39,2024-01-21,23,Sunday,95.38,Not Converted
2024-01-22 00:00:00,user_98,Profile,Mobile,South America,67.91,0.06,1,7.55,2024-01-22,0,Monday,7.94,Converted
2024-01-22 00:15:00,user_131,Home,Desktop,Africa,400.56,0.54,0,7.28,2024-01-22,0,Monday,48.38,Not Converted
2024-01-22 00:30:00,user_805,Checkout,Unknown,Europe,175.28,0.72,0,3.3,2024-01-22,0,Monday,40.76,Not Converted
2024-01-22 00:45:00,user_171,Profile,Desktop,North America,123.36,0.22,0,5.73,2024-01-22,0,Monday,18.33,Not Converted
2024-01-22 01:00:00,user_936,Checkout,Tablet,Europe,562.13,0.72,0,6.46,2024-01-22,1,Monday,75.35,Not Converted
2024-01-22 01:15:00,user_986,Search,Tablet,Europe,16.02,0.81,0,5.07,2024-01-22,1,Monday,2.64,Not Converted
2024-01-22 01:30:00,user_183,Product,Tablet,Europe,265.48,0.41,0,8.36,2024-01-22,1,Monday,28.36,Not Converted
2024-01-22 01:45:00,user_983,Home,Mobile,Europe,17.87,0.75,0,8.41,2024-01-22,1,Monday,1.9,Not Converted
2024-01-22 02:00:00,user_364,Checkout,Desktop,North America,292.74,0.4,0,8.58,2024-01-22,2,Monday,30.56,Not Converted
2024-01-22 02:15:00,user_39,Login,Tablet,Asia,303.12,0.49,0,8.13,2024-01-22,2,Monday,33.2,Not Converted
2024-01-22 02:30:00,user_527,Checkout,Mobile,Europe,196.39,0.76,0,5.14,2024-01-22,2,Monday,31.99,Not Converted
2024-01-22 02:45:00,user_888,Login,Tablet,South America,83.64,0.99,0,4.12,2024-01-22,2,Monday,16.34,Not Converted
2024-01-22 03:00:00,user_497,Profile,Mobile,Africa,228.95,0.35,0,8.4,2024-01-22,3,Monday,24.36,Not Converted
2024-01-22 03:15:00,user_516,Home,Tablet,Africa,405.0,0.41,1,5.16,2024-01-22,3,Monday,65.75,Converted
2024-01-22 03:30:00,user_349,Checkout,Desktop,South America,470.53,0.17,0,2.84,2024-01-22,3,Monday,122.53,Not Converted
2024-01-22 03:45:00,user_982,Help,Desktop,Europe,320.8,0.2,0,5.32,2024-01-22,3,Monday,50.76,Not Converted
2024-01-22 04:00:00,user_921,Checkout,Tablet,North America,355.95,0.69,0,1.85,2024-01-22,4,Monday,124.89,Not Converted
2024-01-22 04:15:00,user_397,Help,Mobile,Asia,124.37,0.92,0,7.07,2024-01-22,4,Monday,15.41,Not Converted
2024-01-22 04:30:00,user_722,Home,Tablet,Africa,175.96,0.39,0,3.69,2024-01-22,4,Monday,37.52,Not Converted
2024-01-22 04:45:00,user_161,Checkout,Mobile,Asia,101.33,0.18,0,2.98,2024-01-22,4,Monday,25.46,Not Converted
2024-01-22 05:00:00,user_16,Login,Tablet,North America,153.33,0.29,0,9.59,2024-01-22,5,Monday,14.48,Not Converted
2024-01-22 05:15:00,user_493,Checkout,Mobile,Africa,138.81,0.46,0,7.88,2024-01-22,5,Monday,15.63,Not Converted
2024-01-22 05:30:00,user_426,Product,Desktop,Asia,314.07,0.29,0,7.98,2024-01-22,5,Monday,34.97,Not Converted
2024-01-22 05:45:00,user_108,Profile,Tablet,North America,339.8,0.23,0,5.46,2024-01-22,5,Monday,52.6,Not Converted
2024-01-22 06:00:00,user_894,Search,Desktop,Asia,567.24,0.74,0,8.47,2024-01-22,6,Monday,59.9,Not Converted
2024-01-22 06:15:00,user_450,Login,Desktop,Europe,121.36,0.01,1,7.71,2024-01-22,6,Monday,13.93,Converted
2024-01-22 06:30:00,user_311,Product,Tablet,North America,386.8,0.54,0,6.19,2024-01-22,6,Monday,53.8,Not Converted
2024-01-22 06:45:00,user_739,Help,Tablet,Asia,491.27,0.79,0,9.63,2024-01-22,6,Monday,46.22,Not Converted
2024-01-22 07:00:00,user_170,Profile,Mobile,Europe,294.4,0.27,0,2.32,2024-01-22,7,Monday,88.67,Not Converted
2024-01-22 07:15:00,user_546,Home,Unknown,Europe,156.73,0.6,0,9.46,2024-01-22,7,Monday,14.98,Not Converted
2024-01-22 07:30:00,user_414,Login,Desktop,North America,161.22,0.67,0,4.31,2024-01-22,7,Monday,30.36,Not Converted
2024-01-22 07:45:00,user_251,Search,Mobile,South America,28.36,0.66,0,5.52,2024-01-22,7,Monday,4.35,Not Converted
2024-01-22 08:00:00,user_759,Profile,Mobile,Africa,186.74,0.45,0,1.67,2024-01-22,8,Monday,69.94,Not Converted
2024-01-22 08:15:00,user_781,Help,Tablet,North America,448.04,0.35,0,5.63,2024-01-22,8,Monday,67.58,Not Converted
2024-01-22 08:30:00,user_141,Search,Mobile,Europe,33.27,0.49,0,6.31,2024-01-22,8,Monday,4.55,Not Converted
2024-01-22 08:45:00,user_274,Home,Desktop,Europe,135.48,0.76,0,5.46,2024-01-22,8,Monday,20.97,Not Converted
2024-01-22 09:00:00,user_416,Home,Mobile,North America,425.21,0.32,0,9.76,2024-01-22,9,Monday,39.52,Not Converted
2024-01-22 09:15:00,user_608,Help,Desktop,South America,294.4,0.1,0,9.68,2024-01-22,9,Monday,27.57,Not Converted
2024-01-22 09:30:00,user_739,Login,Tablet,Africa,275.91,0.07,0,3.81,2024-01-22,9,Monday,57.36,Not Converted
2024-01-22 09:45:00,user_891,Help,Desktop,Asia,420.35,0.09,0,9.92,2024-01-22,9,Monday,38.49,Not Converted
2024-01-22 10:00:00,user_39,Checkout,Mobile,North America,235.83,0.58,0,4.83,2024-01-22,10,Monday,40.45,Not Converted
2024-01-22 10:15:00,user_814,Home,Tablet,Africa,100.15,0.05,0,8.59,2024-01-22,10,Monday,10.44,Not Converted
2024-01-22 10:30:00,user_29,Profile,Mobile,Africa,241.9,0.49,1,2.56,2024-01-22,10,Monday,67.95,Converted
2024-01-22 10:45:00,user_958,Checkout,Tablet,Europe,350.08,0.75,0,5.31,2024-01-22,10,Monday,55.48,Not Converted
2024-01-22 11:00:00,user_477,Product,Tablet,Asia,569.09,0.29,0,9.68,2024-01-22,11,Monday,53.29,Not Converted
2024-01-22 11:15:00,user_318,Search,Mobile,North America,45.91,0.76,0,9.5,2024-01-22,11,Monday,4.37,Not Converted
2024-01-22 11:30:00,user_245,Checkout,Unknown,Europe,306.9,0.75,1,7.0,2024-01-22,11,Monday,38.36,Converted
2024-01-22 11:45:00,user_748,Search,Tablet,Europe,200.71,0.25,0,5.46,2024-01-22,11,Monday,31.07,Not Converted
2024-01-22 12:00:00,user_697,Help,Tablet,South America,294.4,0.73,0,2.18,2024-01-22,12,Monday,92.58,Not Converted
2024-01-22 12:15:00,user_272,Checkout,Mobile,Africa,19.27,0.75,0,7.36,2024-01-22,12,Monday,2.31,Not Converted
2024-01-22 12:30:00,user_440,Help,Desktop,North America,191.25,0.4,0,6.37,2024-01-22,12,Monday,25.95,Not Converted
2024-01-22 12:45:00,user_748,Product,Mobile,North America,492.82,0.21,0,1.37,2024-01-22,12,Monday,207.94,Not Converted
2024-01-22 13:00:00,user_239,Home,Tablet,North America,334.6,0.52,0,1.58,2024-01-22,13,Monday,129.69,Not Converted
2024-01-22 13:15:00,user_377,Product,Mobile,Europe,273.1,0.92,0,1.53,2024-01-22,13,Monday,107.94,Not Converted
2024-01-22 13:30:00,user_266,Home,Desktop,South America,174.89,0.64,1,7.38,2024-01-22,13,Monday,20.87,Converted
2024-01-22 13:45:00,user_926,Help,Mobile,Asia,182.34,0.17,0,5.46,2024-01-22,13,Monday,28.23,Not Converted
2024-01-22 14:00:00,user_921,Home,Tablet,Europe,232.95,0.68,0,4.94,2024-01-22,14,Monday,39.22,Not Converted
2024-01-22 14:15:00,user_359,Search,Mobile,Asia,502.16,0.43,1,3.89,2024-01-22,14,Monday,102.69,Converted
2024-01-22 14:30:00,user_340,Profile,Tablet,South America,580.49,0.59,0,5.73,2024-01-22,14,Monday,86.25,Not Converted
2024-01-22 14:45:00,user_389,Product,Tablet,Africa,266.0,0.73,0,7.21,2024-01-22,14,Monday,32.4,Not Converted
2024-01-22 15:00:00,user_577,Checkout,Mobile,North America,239.04,0.51,0,7.0,2024-01-22,15,Monday,29.88,Not Converted
2024-01-22 15:15:00,user_990,Product,Tablet,Asia,508.7,0.81,0,5.4,2024-01-22,15,Monday,79.48,Not Converted
2024-01-22 15:30:00,user_689,Search,Tablet,Europe,259.01,0.72,0,4.91,2024-01-22,15,Monday,43.83,Not Converted
2024-01-22 15:45:00,user_3,Home,Desktop,Asia,333.45,0.62,0,4.28,2024-01-22,15,Monday,63.15,Not Converted
2024-01-22 16:00:00,user_429,Search,Desktop,Africa,142.41,0.15,0,8.69,2024-01-22,16,Monday,14.7,Not Converted
2024-01-22 16:15:00,user_142,Login,Desktop,North America,447.38,0.84,0,3.64,2024-01-22,16,Monday,96.42,Not Converted
2024-01-22 16:30:00,user_376,Login,Desktop,Asia,321.53,0.94,0,2.96,2024-01-22,16,Monday,81.19,Not Converted
2024-01-22 16:45:00,user_670,Checkout,Tablet,Africa,486.38,0.14,0,7.56,2024-01-22,16,Monday,56.82,Not Converted
2024-01-22 17:00:00,user_324,Search,Mobile,Europe,469.54,0.49,0,3.92,2024-01-22,17,Monday,95.43,Not Converted
2024-01-22 17:15:00,user_146,Help,Tablet,South America,132.93,0.26,0,8.55,2024-01-22,17,Monday,13.92,Not Converted
2024-01-22 17:30:00,user_958,Checkout,Tablet,Europe,430.8,0.75,0,3.61,2024-01-22,17,Monday,93.45,Not Converted
2024-01-22 17:45:00,user_293,Help,Tablet,North America,294.4,0.72,0,7.17,2024-01-22,17,Monday,36.03,Not Converted
2024-01-22 18:00:00,user_665,Checkout,Mobile,Europe,210.93,0.14,0,0.93,2024-01-22,18,Monday,109.29,Not Converted
2024-01-22 18:15:00,user_432,Login,Desktop,Europe,107.7,0.88,0,4.16,2024-01-22,18,Monday,20.87,Not Converted
2024-01-22 18:30:00,user_705,Checkout,Tablet,Europe,6.57,0.18,0,5.46,2024-01-22,18,Monday,1.02,Not Converted
2024-01-22 18:45:00,user_949,Login,Tablet,Europe,273.29,0.8,0,8.26,2024-01-22,18,Monday,29.51,Not Converted
2024-01-22 19:00:00,user_975,Home,Desktop,North America,294.4,0.46,0,9.69,2024-01-22,19,Monday,27.54,Not Converted
2024-01-22 19:15:00,user_585,Help,Tablet,Africa,335.17,0.49,0,4.88,2024-01-22,19,Monday,57.0,Not Converted
2024-01-22 19:30:00,user_399,Search,Mobile,Asia,116.88,0.16,0,8.34,2024-01-22,19,Monday,12.51,Not Converted
2024-01-22 19:45:00,user_817,Checkout,Unknown,South America,516.5,0.17,1,7.15,2024-01-22,19,Monday,63.37,Converted
2024-01-22 20:00:00,user_889,Login,Tablet,Asia,158.36,0.66,0,9.69,2024-01-22,20,Monday,14.81,Not Converted
2024-01-22 20:15:00,user_344,Product,Desktop,Asia,294.4,0.55,0,5.46,2024-01-22,20,Monday,45.57,Not Converted
2024-01-22 20:30:00,user_964,Help,Tablet,South America,291.02,0.12,0,1.24,2024-01-22,20,Monday,129.92,Not Converted
2024-01-22 20:45:00,user_140,Checkout,Tablet,North America,301.82,0.11,0,7.28,2024-01-22,20,Monday,36.45,Not Converted
2024-01-22 21:00:00,user_187,Profile,Mobile,South America,132.98,0.07,0,5.59,2024-01-22,21,Monday,20.18,Not Converted
2024-01-22 21:15:00,user_805,Home,Unknown,North America,166.76,0.74,0,0.66,2024-01-22,21,Monday,100.46,Not Converted
2024-01-22 21:30:00,user_61,Home,Desktop,Asia,105.97,0.71,0,5.46,2024-01-22,21,Monday,16.4,Not Converted
2024-01-22 21:45:00,user_997,Product,Mobile,North America,432.48,0.06,0,9.26,2024-01-22,21,Monday,42.15,Not Converted
2024-01-22 22:00:00,user_939,Login,Tablet,Africa,463.2,0.56,0,9.3,2024-01-22,22,Monday,44.97,Not Converted
2024-01-22 22:15:00,user_380,Checkout,Desktop,South America,280.09,0.08,0,8.09,2024-01-22,22,Monday,30.81,Not Converted
2024-01-22 22:30:00,user_710,Help,Unknown,Africa,429.88,0.9,0,9.83,2024-01-22,22,Monday,39.69,Not Converted
2024-01-22 22:45:00,user_807,Login,Tablet,Asia,442.88,0.91,0,8.16,2024-01-22,22,Monday,48.35,Not Converted
2024-01-22 23:00:00,user_440,Home,Unknown,South America,87.27,0.7,1,0.6,2024-01-22,23,Monday,54.54,Converted
2024-01-22 23:15:00,user_319,Login,Desktop,Asia,579.88,0.93,0,5.46,2024-01-22,23,Monday,89.76,Not Converted
2024-01-22 23:30:00,user_302,Home,Tablet,Africa,493.51,0.81,0,0.79,2024-01-22,23,Monday,275.7,Not Converted
2024-01-22 23:45:00,user_344,Login,Desktop,Asia,126.67,0.83,0,1.39,2024-01-22,23,Monday,53.0,Not Converted
2024-01-23 00:00:00,user_11,Product,Unknown,South America,115.77,0.57,0,5.46,2024-01-23,0,Tuesday,17.92,Not Converted
2024-01-23 00:15:00,user_62,Search,Unknown,South America,79.77,0.31,0,5.28,2024-01-23,0,Tuesday,12.7,Not Converted
2024-01-23 00:30:00,user_845,Product,Mobile,Asia,87.34,0.22,0,8.55,2024-01-23,0,Tuesday,9.15,Not Converted
2024-01-23 00:45:00,user_226,Product,Tablet,South America,450.16,0.33,0,8.69,2024-01-23,0,Tuesday,46.46,Not Converted
2024-01-23 01:00:00,user_153,Search,Mobile,South America,284.44,0.63,1,6.35,2024-01-23,1,Tuesday,38.7,Converted
2024-01-23 01:15:00,user_711,Search,Tablet,Asia,470.85,0.17,0,9.32,2024-01-23,1,Tuesday,45.62,Not Converted
2024-01-23 01:30:00,user_564,Checkout,Unknown,Africa,449.02,0.26,0,5.25,2024-01-23,1,Tuesday,71.84,Not Converted
2024-01-23 01:45:00,user_772,Help,Desktop,South America,364.74,0.47,0,8.95,2024-01-23,1,Tuesday,36.66,Not Converted
2024-01-23 02:00:00,user_571,Help,Tablet,South America,413.39,0.23,0,4.81,2024-01-23,2,Tuesday,71.15,Not Converted
2024-01-23 02:15:00,user_584,Checkout,Tablet,South America,15.92,0.49,0,5.46,2024-01-23,2,Tuesday,2.46,Not Converted
2024-01-23 02:30:00,user_660,Product,Desktop,South America,190.51,0.92,0,9.21,2024-01-23,2,Tuesday,18.66,Not Converted
2024-01-23 02:45:00,user_861,Product,Tablet,Asia,384.5,0.75,0,4.19,2024-01-23,2,Tuesday,74.08,Not Converted
2024-01-23 03:00:00,user_575,Home,Mobile,Africa,10.56,0.67,0,5.28,2024-01-23,3,Tuesday,1.68,Not Converted
2024-01-23 03:15:00,user_310,Home,Mobile,Africa,24.62,0.58,0,3.62,2024-01-23,3,Tuesday,5.33,Not Converted
2024-01-23 03:30:00,user_885,Help,Mobile,North America,511.87,0.49,1,6.8,2024-01-23,3,Tuesday,65.62,Converted
2024-01-23 03:45:00,user_243,Checkout,Mobile,South America,411.99,0.19,0,9.95,2024-01-23,3,Tuesday,37.62,Not Converted
2024-01-23 04:00:00,user_493,Profile,Mobile,South America,162.89,0.89,0,0.74,2024-01-23,4,Tuesday,93.61,Not Converted
2024-01-23 04:15:00,user_366,Profile,Tablet,North America,414.34,0.25,0,9.05,2024-01-23,4,Tuesday,41.23,Not Converted
2024-01-23 04:30:00,user_330,Checkout,Tablet,Africa,476.51,0.09,0,0.54,2024-01-23,4,Tuesday,309.42,Not Converted
2024-01-23 04:45:00,user_107,Home,Mobile,Europe,187.54,0.75,0,3.96,2024-01-23,4,Tuesday,37.81,Not Converted
2024-01-23 05:00:00,user_226,Help,Tablet,Europe,26.44,0.18,0,2.1,2024-01-23,5,Tuesday,8.53,Not Converted
2024-01-23 05:15:00,user_825,Help,Tablet,Africa,560.0,0.37,0,7.69,2024-01-23,5,Tuesday,64.44,Not Converted
2024-01-23 05:30:00,user_218,Home,Mobile,South America,210.38,0.03,0,0.98,2024-01-23,5,Tuesday,106.25,Not Converted
2024-01-23 05:45:00,user_937,Profile,Tablet,Europe,294.4,0.49,0,5.76,2024-01-23,5,Tuesday,43.55,Not Converted
2024-01-23 06:00:00,user_753,Login,Tablet,Asia,297.65,0.17,0,3.3,2024-01-23,6,Tuesday,69.22,Not Converted
2024-01-23 06:15:00,user_506,Login,Tablet,Asia,462.24,0.05,0,1.77,2024-01-23,6,Tuesday,166.87,Not Converted
2024-01-23 06:30:00,user_259,Home,Mobile,North America,136.88,0.66,1,7.83,2024-01-23,6,Tuesday,15.5,Converted
2024-01-23 06:45:00,user_888,Login,Unknown,Africa,165.35,0.84,0,2.57,2024-01-23,6,Tuesday,46.32,Not Converted
2024-01-23 07:00:00,user_774,Search,Desktop,Africa,149.42,0.37,0,2.62,2024-01-23,7,Tuesday,41.28,Not Converted
2024-01-23 07:15:00,user_517,Checkout,Unknown,Europe,294.4,0.87,0,3.11,2024-01-23,7,Tuesday,71.63,Not Converted
2024-01-23 07:30:00,user_773,Checkout,Mobile,South America,122.46,0.21,0,6.07,2024-01-23,7,Tuesday,17.32,Not Converted
2024-01-23 07:45:00,user_54,Home,Desktop,Africa,347.43,0.33,0,5.46,2024-01-23,7,Tuesday,53.78,Not Converted
2024-01-23 08:00:00,user_47,Product,Mobile,Europe,555.53,0.15,0,0.67,2024-01-23,8,Tuesday,332.65,Not Converted
2024-01-23 08:15:00,user_727,Profile,Desktop,Europe,92.4,0.49,0,2.8,2024-01-23,8,Tuesday,24.32,Not Converted
2024-01-23 08:30:00,user_689,Home,Desktop,Africa,582.66,0.42,0,4.59,2024-01-23,8,Tuesday,104.23,Not Converted
2024-01-23 08:45:00,user_521,Login,Desktop,Europe,568.75,0.61,0,3.65,2024-01-23,8,Tuesday,122.31,Not Converted
2024-01-23 09:00:00,user_99,Profile,Mobile,North America,531.32,0.76,0,8.9,2024-01-23,9,Tuesday,53.67,Not Converted
2024-01-23 09:15:00,user_20,Product,Mobile,North America,294.4,0.55,0,7.98,2024-01-23,9,Tuesday,32.78,Not Converted
2024-01-23 09:30:00,user_890,Login,Tablet,Africa,382.26,0.63,0,6.45,2024-01-23,9,Tuesday,51.31,Not Converted
2024-01-23 09:45:00,user_753,Help,Mobile,South America,457.73,0.94,0,3.71,2024-01-23,9,Tuesday,97.18,Not Converted
2024-01-23 10:00:00,user_573,Search,Desktop,North America,591.69,0.3,0,7.16,2024-01-23,10,Tuesday,72.51,Not Converted
2024-01-23 10:15:00,user_891,Login,Desktop,North America,112.35,0.36,0,8.51,2024-01-23,10,Tuesday,11.81,Not Converted
2024-01-23 10:30:00,user_490,Search,Mobile,Africa,460.79,0.72,0,5.46,2024-01-23,10,Tuesday,71.33,Not Converted
2024-01-23 10:45:00,user_419,Profile,Mobile,Asia,206.59,0.61,0,5.46,2024-01-23,10,Tuesday,31.98,Not Converted
2024-01-23 11:00:00,user_690,Search,Mobile,Europe,109.5,0.18,0,7.62,2024-01-23,11,Tuesday,12.7,Not Converted
2024-01-23 11:15:00,user_850,Profile,Tablet,North America,255.72,0.38,0,5.93,2024-01-23,11,Tuesday,36.9,Not Converted
2024-01-23 11:30:00,user_62,Profile,Desktop,Asia,477.33,0.47,1,3.47,2024-01-23,11,Tuesday,106.79,Converted
2024-01-23 11:45:00,user_145,Profile,Tablet,South America,281.59,0.42,0,7.58,2024-01-23,11,Tuesday,32.82,Not Converted
2024-01-23 12:00:00,user_216,Profile,Unknown,Asia,324.83,0.18,1,2.46,2024-01-23,12,Tuesday,93.88,Converted
2024-01-23 12:15:00,user_3,Profile,Desktop,Africa,597.12,0.49,0,7.91,2024-01-23,12,Tuesday,67.02,Not Converted
2024-01-23 12:30:00,user_160,Login,Desktop,South America,294.4,0.76,0,8.14,2024-01-23,12,Tuesday,32.21,Not Converted
2024-01-23 12:45:00,user_739,Profile,Mobile,South America,371.16,0.48,1,8.31,2024-01-23,12,Tuesday,39.87,Converted
2024-01-23 13:00:00,user_998,Login,Mobile,Asia,222.32,0.68,0,4.99,2024-01-23,13,Tuesday,37.12,Not Converted
2024-01-23 13:15:00,user_781,Profile,Tablet,Africa,238.71,0.9,0,2.33,2024-01-23,13,Tuesday,71.68,Not Converted
2024-01-23 13:30:00,user_120,Search,Mobile,North America,418.91,0.14,0,1.45,2024-01-23,13,Tuesday,170.98,Not Converted
2024-01-23 13:45:00,user_893,Help,Mobile,Asia,563.04,0.25,0,7.56,2024-01-23,13,Tuesday,65.78,Not Converted
2024-01-23 14:00:00,user_89,Profile,Desktop,North America,327.7,0.54,0,8.92,2024-01-23,14,Tuesday,33.03,Not Converted
2024-01-23 14:15:00,user_329,Product,Desktop,Asia,462.2,0.8,0,6.68,2024-01-23,14,Tuesday,60.18,Not Converted
2024-01-23 14:30:00,user_580,Profile,Mobile,North America,58.08,0.04,0,1.87,2024-01-23,14,Tuesday,20.24,Not Converted
2024-01-23 14:45:00,user_910,Profile,Desktop,Asia,130.64,0.98,0,9.38,2024-01-23,14,Tuesday,12.59,Not Converted
2024-01-23 15:00:00,user_357,Search,Mobile,South America,303.77,0.45,0,9.9,2024-01-23,15,Tuesday,27.87,Not Converted
2024-01-23 15:15:00,user_610,Checkout,Desktop,Europe,16.91,0.36,1,4.62,2024-01-23,15,Tuesday,3.01,Converted
2024-01-23 15:30:00,user_267,Search,Desktop,South America,155.45,0.29,0,5.46,2024-01-23,15,Tuesday,24.06,Not Converted
2024-01-23 15:45:00,user_617,Product,Desktop,North America,312.85,0.17,0,7.88,2024-01-23,15,Tuesday,35.23,Not Converted
2024-01-23 16:00:00,user_952,Checkout,Desktop,Africa,13.9,0.79,0,7.5,2024-01-23,16,Tuesday,1.64,Not Converted
2024-01-23 16:15:00,user_323,Home,Mobile,South America,162.41,0.96,0,5.46,2024-01-23,16,Tuesday,25.14,Not Converted
2024-01-23 16:30:00,user_635,Home,Unknown,Europe,310.85,0.41,0,1.59,2024-01-23,16,Tuesday,120.02,Not Converted
2024-01-23 16:45:00,user_988,Product,Desktop,North America,346.02,0.95,0,6.02,2024-01-23,16,Tuesday,49.29,Not Converted
2024-01-23 17:00:00,user_541,Search,Mobile,South America,555.82,0.82,0,7.07,2024-01-23,17,Tuesday,68.87,Not Converted
2024-01-23 17:15:00,user_649,Login,Unknown,Asia,388.98,0.48,0,8.96,2024-01-23,17,Tuesday,39.05,Not Converted
2024-01-23 17:30:00,user_195,Product,Desktop,Africa,294.4,0.67,0,8.8,2024-01-23,17,Tuesday,30.04,Not Converted
2024-01-23 17:45:00,user_921,Help,Tablet,North America,558.56,0.43,0,9.79,2024-01-23,17,Tuesday,51.77,Not Converted
2024-01-23 18:00:00,user_738,Checkout,Desktop,South America,472.01,0.56,0,5.36,2024-01-23,18,Tuesday,74.22,Not Converted
2024-01-23 18:15:00,user_332,Checkout,Mobile,North America,124.01,0.06,0,8.39,2024-01-23,18,Tuesday,13.21,Not Converted
2024-01-23 18:30:00,user_170,Profile,Unknown,Asia,82.85,0.7,0,5.46,2024-01-23,18,Tuesday,12.83,Not Converted
2024-01-23 18:45:00,user_521,Home,Mobile,Europe,407.11,0.05,0,4.51,2024-01-23,18,Tuesday,73.89,Not Converted
2024-01-23 19:00:00,user_463,Checkout,Desktop,South America,338.13,0.82,0,2.91,2024-01-23,19,Tuesday,86.48,Not Converted
2024-01-23 19:15:00,user_40,Product,Tablet,North America,474.86,0.82,0,8.27,2024-01-23,19,Tuesday,51.23,Not Converted
2024-01-23 19:30:00,user_537,Checkout,Mobile,North America,444.59,0.24,0,9.87,2024-01-23,19,Tuesday,40.9,Not Converted
2024-01-23 19:45:00,user_261,Product,Mobile,North America,377.0,0.32,0,2.94,2024-01-23,19,Tuesday,95.69,Not Converted
2024-01-23 20:00:00,user_395,Login,Mobile,Europe,591.9,0.48,0,1.03,2024-01-23,20,Tuesday,291.58,Not Converted
2024-01-23 20:15:00,user_955,Profile,Desktop,North America,322.49,0.49,0,8.25,2024-01-23,20,Tuesday,34.86,Not Converted
2024-01-23 20:30:00,user_226,Home,Tablet,Africa,72.3,0.29,0,6.39,2024-01-23,20,Tuesday,9.78,Not Converted
2024-01-23 20:45:00,user_984,Checkout,Desktop,Africa,497.82,0.59,0,9.62,2024-01-23,20,Tuesday,46.88,Not Converted
2024-01-23 21:00:00,user_124,Product,Desktop,North America,154.85,0.3,0,2.9,2024-01-23,21,Tuesday,39.71,Not Converted
2024-01-23 21:15:00,user_975,Search,Desktop,Africa,467.49,0.06,0,1.17,2024-01-23,21,Tuesday,215.43,Not Converted
2024-01-23 21:30:00,user_38,Home,Tablet,South America,574.48,0.0,0,5.18,2024-01-23,21,Tuesday,92.96,Not Converted
2024-01-23 21:45:00,user_328,Login,Desktop,Africa,419.59,0.1,0,5.46,2024-01-23,21,Tuesday,64.95,Not Converted
2024-01-23 22:00:00,user_251,Product,Desktop,North America,359.64,0.79,0,2.99,2024-01-23,22,Tuesday,90.14,Not Converted
2024-01-23 22:15:00,user_901,Help,Desktop,Asia,294.4,0.96,1,1.7,2024-01-23,22,Tuesday,109.04,Converted
2024-01-23 22:30:00,user_176,Help,Desktop,South America,221.82,0.43,0,2.63,2024-01-23,22,Tuesday,61.11,Not Converted
2024-01-23 22:45:00,user_602,Profile,Mobile,Europe,215.04,0.51,0,1.51,2024-01-23,22,Tuesday,85.67,Not Converted
2024-01-23 23:00:00,user_914,Profile,Desktop,North America,383.64,0.15,0,9.56,2024-01-23,23,Tuesday,36.33,Not Converted
2024-01-23 23:15:00,user_454,Login,Unknown,Europe,452.01,0.55,0,3.15,2024-01-23,23,Tuesday,108.92,Not Converted
2024-01-23 23:30:00,user_37,Login,Desktop,Asia,408.72,0.14,0,4.72,2024-01-23,23,Tuesday,71.45,Not Converted
2024-01-23 23:45:00,user_316,Profile,Tablet,Europe,123.05,0.61,0,9.04,2024-01-23,23,Tuesday,12.26,Not Converted
2024-01-24 00:00:00,user_688,Checkout,Mobile,North America,298.92,0.93,0,6.93,2024-01-24,0,Wednesday,37.69,Not Converted
2024-01-24 00:15:00,user_973,Checkout,Mobile,North America,476.03,0.2,0,6.37,2024-01-24,0,Wednesday,64.59,Not Converted
2024-01-24 00:30:00,user_796,Product,Mobile,Asia,288.04,0.76,0,7.2,2024-01-24,0,Wednesday,35.13,Not Converted
2024-01-24 00:45:00,user_965,Search,Mobile,North America,324.29,0.02,0,8.37,2024-01-24,0,Wednesday,34.61,Not Converted
2024-01-24 01:00:00,user_973,Product,Tablet,Asia,463.83,0.38,0,8.84,2024-01-24,1,Wednesday,47.14,Not Converted
2024-01-24 01:15:00,user_593,Search,Desktop,Asia,398.45,0.11,0,6.61,2024-01-24,1,Wednesday,52.36,Not Converted
2024-01-24 01:30:00,user_114,Login,Mobile,North America,248.56,0.35,0,8.96,2024-01-24,1,Wednesday,24.96,Not Converted
2024-01-24 01:45:00,user_40,Home,Tablet,Africa,537.77,0.17,0,5.59,2024-01-24,1,Wednesday,81.6,Not Converted
2024-01-24 02:00:00,user_301,Product,Mobile,Asia,294.4,0.37,0,3.13,2024-01-24,2,Wednesday,71.28,Not Converted
2024-01-24 02:15:00,user_224,Product,Desktop,North America,597.33,0.42,0,8.86,2024-01-24,2,Wednesday,60.58,Not Converted
2024-01-24 02:30:00,user_318,Search,Mobile,Africa,75.72,0.3,0,5.64,2024-01-24,2,Wednesday,11.4,Not Converted
2024-01-24 02:45:00,user_349,Login,Tablet,Asia,13.9,0.66,0,9.11,2024-01-24,2,Wednesday,1.37,Not Converted
2024-01-24 03:00:00,user_115,Login,Desktop,Africa,534.56,0.92,1,0.88,2024-01-24,3,Wednesday,284.34,Converted
2024-01-24 03:15:00,user_698,Help,Tablet,South America,150.75,0.4,0,4.28,2024-01-24,3,Wednesday,28.55,Not Converted
2024-01-24 03:30:00,user_323,Search,Desktop,South America,439.17,0.49,1,9.5,2024-01-24,3,Wednesday,41.83,Converted
2024-01-24 03:45:00,user_568,Login,Desktop,Africa,487.55,0.27,0,2.87,2024-01-24,3,Wednesday,125.98,Not Converted
2024-01-24 04:00:00,user_40,Profile,Desktop,Asia,516.1,0.85,0,5.46,2024-01-24,4,Wednesday,79.89,Not Converted
2024-01-24 04:15:00,user_866,Checkout,Mobile,North America,595.0,0.57,1,9.56,2024-01-24,4,Wednesday,56.34,Converted
2024-01-24 04:30:00,user_40,Help,Tablet,Europe,179.95,0.46,0,8.88,2024-01-24,4,Wednesday,18.21,Not Converted
2024-01-24 04:45:00,user_859,Profile,Tablet,North America,427.59,0.15,0,5.85,2024-01-24,4,Wednesday,62.42,Not Converted
2024-01-24 05:00:00,user_973,Home,Tablet,Europe,73.66,0.45,0,6.65,2024-01-24,5,Wednesday,9.63,Not Converted
2024-01-24 05:15:00,user_749,Product,Desktop,Europe,247.05,0.28,0,8.76,2024-01-24,5,Wednesday,25.31,Not Converted
2024-01-24 05:30:00,user_289,Help,Mobile,Asia,509.54,0.94,0,7.87,2024-01-24,5,Wednesday,57.45,Not Converted
2024-01-24 05:45:00,user_262,Home,Desktop,Africa,223.76,1.0,0,6.49,2024-01-24,5,Wednesday,29.87,Not Converted
2024-01-24 06:00:00,user_216,Product,Tablet,North America,356.7,0.08,0,5.46,2024-01-24,6,Wednesday,55.22,Not Converted
2024-01-24 06:15:00,user_147,Checkout,Mobile,Africa,304.75,0.52,0,7.01,2024-01-24,6,Wednesday,38.05,Not Converted
2024-01-24 06:30:00,user_336,Login,Unknown,South America,389.34,0.23,0,9.77,2024-01-24,6,Wednesday,36.15,Not Converted
2024-01-24 06:45:00,user_168,Profile,Unknown,Asia,583.87,0.41,0,5.46,2024-01-24,6,Wednesday,90.38,Not Converted
2024-01-24 07:00:00,user_92,Search,Tablet,Asia,38.16,0.88,0,1.82,2024-01-24,7,Wednesday,13.53,Not Converted
2024-01-24 07:15:00,user_353,Profile,Mobile,South America,346.51,0.53,1,5.46,2024-01-24,7,Wednesday,53.64,Converted
2024-01-24 07:30:00,user_571,Checkout,Mobile,North America,518.5,0.33,0,4.16,2024-01-24,7,Wednesday,100.48,Not Converted
2024-01-24 07:45:00,user_571,Home,Desktop,South America,291.42,0.21,0,7.94,2024-01-24,7,Wednesday,32.6,Not Converted
2024-01-24 08:00:00,user_816,Search,Desktop,North America,51.72,0.8,0,2.03,2024-01-24,8,Wednesday,17.07,Not Converted
2024-01-24 08:15:00,user_681,Login,Mobile,Europe,338.52,0.62,0,5.46,2024-01-24,8,Wednesday,52.4,Not Converted
2024-01-24 08:30:00,user_781,Checkout,Mobile,Asia,202.58,0.49,0,3.49,2024-01-24,8,Wednesday,45.12,Not Converted
2024-01-24 08:45:00,user_363,Search,Desktop,North America,97.19,0.22,0,4.57,2024-01-24,8,Wednesday,17.45,Not Converted
2024-01-24 09:00:00,user_557,Checkout,Desktop,Africa,510.18,0.33,0,3.11,2024-01-24,9,Wednesday,124.13,Not Converted
2024-01-24 09:15:00,user_345,Checkout,Desktop,Africa,294.4,0.49,1,6.0,2024-01-24,9,Wednesday,42.06,Converted
2024-01-24 09:30:00,user_693,Login,Tablet,Asia,560.3,0.52,0,1.06,2024-01-24,9,Wednesday,271.99,Not Converted
2024-01-24 09:45:00,user_170,Help,Tablet,South America,484.58,0.4,0,1.92,2024-01-24,9,Wednesday,165.95,Not Converted
2024-01-24 10:00:00,user_356,Product,Desktop,South America,417.32,0.52,0,7.59,2024-01-24,10,Wednesday,48.58,Not Converted
2024-01-24 10:15:00,user_191,Search,Mobile,North America,7.99,0.78,0,2.27,2024-01-24,10,Wednesday,2.44,Not Converted
2024-01-24 10:30:00,user_667,Login,Desktop,South America,259.55,0.34,0,2.74,2024-01-24,10,Wednesday,69.4,Not Converted
2024-01-24 10:45:00,user_422,Checkout,Unknown,Asia,122.5,0.18,1,8.03,2024-01-24,10,Wednesday,13.57,Converted
2024-01-24 11:00:00,user_700,Login,Mobile,North America,546.92,0.58,0,1.39,2024-01-24,11,Wednesday,228.84,Not Converted
2024-01-24 11:15:00,user_7,Help,Tablet,Europe,108.88,0.67,0,4.66,2024-01-24,11,Wednesday,19.24,Not Converted
2024-01-24 11:30:00,user_133,Product,Mobile,South America,175.21,0.71,0,0.72,2024-01-24,11,Wednesday,101.87,Not Converted
2024-01-24 11:45:00,user_747,Profile,Tablet,South America,294.4,0.88,0,3.79,2024-01-24,11,Wednesday,61.46,Not Converted
2024-01-24 12:00:00,user_557,Search,Mobile,North America,294.4,0.37,0,7.14,2024-01-24,12,Wednesday,36.17,Not Converted
2024-01-24 12:15:00,user_826,Product,Mobile,Africa,294.4,0.08,0,1.36,2024-01-24,12,Wednesday,124.75,Not Converted
2024-01-24 12:30:00,user_761,Home,Mobile,South America,361.46,0.96,0,8.94,2024-01-24,12,Wednesday,36.36,Not Converted
2024-01-24 12:45:00,user_31,Search,Mobile,Asia,57.91,0.44,1,9.14,2024-01-24,12,Wednesday,5.71,Converted
2024-01-24 13:00:00,user_535,Product,Tablet,South America,39.61,0.62,0,1.5,2024-01-24,13,Wednesday,15.84,Not Converted
2024-01-24 13:15:00,user_426,Checkout,Unknown,Europe,226.49,0.67,0,9.91,2024-01-24,13,Wednesday,20.76,Not Converted
2024-01-24 13:30:00,user_394,Search,Mobile,South America,433.8,0.55,0,3.33,2024-01-24,13,Wednesday,100.18,Not Converted
2024-01-24 13:45:00,user_672,Search,Mobile,Africa,335.11,1.0,0,1.3,2024-01-24,13,Wednesday,145.7,Not Converted
2024-01-24 14:00:00,user_363,Login,Tablet,South America,256.61,0.76,0,0.55,2024-01-24,14,Wednesday,165.55,Not Converted
2024-01-24 14:15:00,user_437,Checkout,Mobile,North America,341.62,0.8,0,5.46,2024-01-24,14,Wednesday,52.88,Not Converted
2024-01-24 14:30:00,user_670,Home,Mobile,South America,222.44,0.55,0,6.48,2024-01-24,14,Wednesday,29.74,Not Converted
2024-01-24 14:45:00,user_551,Profile,Mobile,Africa,562.01,0.49,0,3.66,2024-01-24,14,Wednesday,120.6,Not Converted
2024-01-24 15:00:00,user_927,Help,Desktop,North America,37.67,0.11,0,8.45,2024-01-24,15,Wednesday,3.99,Not Converted
2024-01-24 15:15:00,user_82,Product,Mobile,Asia,405.67,0.08,0,7.31,2024-01-24,15,Wednesday,48.82,Not Converted
2024-01-24 15:30:00,user_356,Login,Desktop,North America,535.31,0.49,0,3.83,2024-01-24,15,Wednesday,110.83,Not Converted
2024-01-24 15:45:00,user_258,Product,Mobile,Europe,483.31,0.31,0,7.48,2024-01-24,15,Wednesday,56.99,Not Converted
2024-01-24 16:00:00,user_718,Home,Tablet,North America,114.5,0.95,0,9.43,2024-01-24,16,Wednesday,10.98,Not Converted
2024-01-24 16:15:00,user_589,Home,Desktop,Asia,294.4,0.78,1,1.38,2024-01-24,16,Wednesday,123.7,Converted
2024-01-24 16:30:00,user_989,Search,Desktop,South America,431.64,0.66,0,3.41,2024-01-24,16,Wednesday,97.88,Not Converted
2024-01-24 16:45:00,user_524,Help,Mobile,North America,55.14,0.49,0,4.9,2024-01-24,16,Wednesday,9.35,Not Converted
2024-01-24 17:00:00,user_295,Home,Mobile,North America,488.06,0.17,0,5.23,2024-01-24,17,Wednesday,78.34,Not Converted
2024-01-24 17:15:00,user_962,Product,Desktop,North America,432.75,0.98,0,5.65,2024-01-24,17,Wednesday,65.08,Not Converted
2024-01-24 17:30:00,user_224,Checkout,Tablet,North America,439.12,0.38,0,3.36,2024-01-24,17,Wednesday,100.72,Not Converted
2024-01-24 17:45:00,user_525,Checkout,Tablet,Asia,64.64,0.11,0,6.84,2024-01-24,17,Wednesday,8.24,Not Converted
2024-01-24 18:00:00,user_46,Search,Mobile,Africa,432.07,1.0,0,6.63,2024-01-24,18,Wednesday,56.63,Not Converted
2024-01-24 18:15:00,user_667,Profile,Tablet,Africa,409.49,0.87,0,5.99,2024-01-24,18,Wednesday,58.58,Not Converted
2024-01-24 18:30:00,user_113,Product,Unknown,North America,499.4,0.89,0,1.58,2024-01-24,18,Wednesday,193.57,Not Converted
2024-01-24 18:45:00,user_233,Product,Mobile,Asia,29.75,0.01,0,5.03,2024-01-24,18,Wednesday,4.93,Not Converted
2024-01-24 19:00:00,user_17,Home,Tablet,Asia,18.75,0.89,0,3.88,2024-01-24,19,Wednesday,3.84,Not Converted
2024-01-24 19:15:00,user_360,Help,Mobile,North America,226.94,0.27,0,5.16,2024-01-24,19,Wednesday,36.84,Not Converted
2024-01-24 19:30:00,user_223,Product,Desktop,Europe,93.53,0.04,0,9.26,2024-01-24,19,Wednesday,9.12,Not Converted
2024-01-24 19:45:00,user_866,Login,Mobile,North America,337.24,0.85,0,5.07,2024-01-24,19,Wednesday,55.56,Not Converted
2024-01-24 20:00:00,user_700,Profile,Desktop,Europe,550.82,0.86,0,0.63,2024-01-24,20,Wednesday,337.93,Not Converted
2024-01-24 20:15:00,user_448,Home,Desktop,North America,237.93,0.6,0,4.67,2024-01-24,20,Wednesday,41.96,Not Converted
2024-01-24 20:30:00,user_856,Login,Tablet,Europe,507.75,0.49,1,8.3,2024-01-24,20,Wednesday,54.6,Converted
2024-01-24 20:45:00,user_365,Search,Tablet,Europe,5.14,0.81,0,7.91,2024-01-24,20,Wednesday,0.58,Not Converted
2024-01-24 21:00:00,user_675,Checkout,Tablet,North America,294.4,0.79,0,5.38,2024-01-24,21,Wednesday,46.14,Not Converted
2024-01-24 21:15:00,user_326,Search,Mobile,Europe,23.1,0.89,0,2.87,2024-01-24,21,Wednesday,5.97,Not Converted
2024-01-24 21:30:00,user_467,Checkout,Tablet,South America,200.25,0.55,1,4.92,2024-01-24,21,Wednesday,33.83,Converted
2024-01-24 21:45:00,user_414,Search,Desktop,Africa,545.37,0.97,0,5.86,2024-01-24,21,Wednesday,79.5,Not Converted
2024-01-24 22:00:00,user_455,Product,Tablet,Asia,62.69,1.0,0,10.0,2024-01-24,22,Wednesday,5.7,Not Converted
2024-01-24 22:15:00,user_586,Login,Tablet,Europe,365.81,0.12,0,6.62,2024-01-24,22,Wednesday,48.01,Not Converted
2024-01-24 22:30:00,user_233,Checkout,Mobile,Europe,273.64,0.85,0,7.1,2024-01-24,22,Wednesday,33.78,Not Converted
2024-01-24 22:45:00,user_224,Home,Mobile,Asia,294.4,0.49,0,5.17,2024-01-24,22,Wednesday,47.71,Not Converted
2024-01-24 23:00:00,user_994,Login,Desktop,Europe,77.9,0.39,0,3.87,2024-01-24,23,Wednesday,16.0,Not Converted
2024-01-24 23:15:00,user_831,Home,Mobile,Asia,294.4,0.61,0,8.22,2024-01-24,23,Wednesday,31.93,Not Converted
2024-01-24 23:30:00,user_412,Login,Tablet,North America,22.58,0.06,0,5.2,2024-01-24,23,Wednesday,3.64,Not Converted
2024-01-24 23:45:00,user_572,Login,Mobile,South America,263.19,0.51,0,9.95,2024-01-24,23,Wednesday,24.04,Not Converted
2024-01-25 00:00:00,user_335,Search,Desktop,South America,170.31,0.87,0,4.84,2024-01-25,0,Thursday,29.16,Not Converted
2024-01-25 00:15:00,user_222,Checkout,Tablet,Africa,522.59,0.21,1,5.46,2024-01-25,0,Thursday,80.9,Converted
2024-01-25 00:30:00,user_37,Checkout,Desktop,Europe,364.94,0.43,0,6.98,2024-01-25,0,Thursday,45.73,Not Converted
2024-01-25 00:45:00,user_989,Help,Mobile,Africa,294.4,0.94,0,0.94,2024-01-25,0,Thursday,151.75,Not Converted
2024-01-25 01:00:00,user_278,Login,Mobile,North America,321.49,0.43,0,2.88,2024-01-25,1,Thursday,82.86,Not Converted
2024-01-25 01:15:00,user_196,Product,Desktop,South America,59.65,0.36,0,3.86,2024-01-25,1,Thursday,12.27,Not Converted
2024-01-25 01:30:00,user_916,Product,Tablet,North America,269.79,0.44,0,7.53,2024-01-25,1,Thursday,31.63,Not Converted
2024-01-25 01:45:00,user_864,Home,Mobile,North America,599.71,0.52,0,5.2,2024-01-25,1,Thursday,96.73,Not Converted
2024-01-25 02:00:00,user_484,Home,Mobile,Europe,294.4,0.63,0,0.77,2024-01-25,2,Thursday,166.33,Not Converted
2024-01-25 02:15:00,user_242,Search,Tablet,North America,536.61,0.8,0,6.36,2024-01-25,2,Thursday,72.91,Not Converted
2024-01-25 02:30:00,user_324,Login,Mobile,South America,494.82,0.45,0,4.41,2024-01-25,2,Thursday,91.46,Not Converted
2024-01-25 02:45:00,user_731,Home,Desktop,Africa,66.31,0.82,0,9.26,2024-01-25,2,Thursday,6.46,Not Converted
2024-01-25 03:00:00,user_192,Home,Mobile,South America,140.33,0.53,0,5.25,2024-01-25,3,Thursday,22.45,Not Converted
2024-01-25 03:15:00,user_17,Profile,Mobile,Europe,6.86,0.34,0,7.24,2024-01-25,3,Thursday,0.83,Not Converted
2024-01-25 03:30:00,user_524,Login,Tablet,South America,185.59,0.66,0,2.58,2024-01-25,3,Thursday,51.84,Not Converted
2024-01-25 03:45:00,user_918,Search,Desktop,Asia,69.62,0.72,0,7.73,2024-01-25,3,Thursday,7.97,Not Converted
2024-01-25 04:00:00,user_401,Home,Tablet,Africa,286.31,0.56,0,7.35,2024-01-25,4,Thursday,34.29,Not Converted
2024-01-25 04:15:00,user_906,Search,Mobile,Asia,407.89,0.06,0,9.09,2024-01-25,4,Thursday,40.43,Not Converted
2024-01-25 04:30:00,user_886,Checkout,Mobile,Asia,525.33,0.17,0,0.82,2024-01-25,4,Thursday,288.64,Not Converted
2024-01-25 04:45:00,user_705,Search,Tablet,Europe,450.78,0.29,0,4.75,2024-01-25,4,Thursday,78.4,Not Converted
2024-01-25 05:00:00,user_22,Product,Tablet,North America,563.46,0.28,0,6.95,2024-01-25,5,Thursday,70.88,Not Converted
2024-01-25 05:15:00,user_474,Product,Tablet,Asia,37.07,0.67,0,1.4,2024-01-25,5,Thursday,15.45,Not Converted
2024-01-25 05:30:00,user_120,Search,Desktop,South America,12.25,0.02,0,4.4,2024-01-25,5,Thursday,2.27,Not Converted
2024-01-25 05:45:00,user_210,Product,Mobile,North America,398.5,0.76,0,9.45,2024-01-25,5,Thursday,38.13,Not Converted
2024-01-25 06:00:00,user_306,Checkout,Tablet,South America,177.16,0.27,0,4.64,2024-01-25,6,Thursday,31.41,Not Converted
2024-01-25 06:15:00,user_270,Login,Mobile,South America,155.83,0.49,0,9.86,2024-01-25,6,Thursday,14.35,Not Converted
2024-01-25 06:30:00,user_704,Product,Desktop,North America,201.88,0.53,0,1.04,2024-01-25,6,Thursday,98.96,Not Converted
2024-01-25 06:45:00,user_687,Product,Desktop,North America,165.53,0.22,0,5.46,2024-01-25,6,Thursday,25.62,Not Converted
2024-01-25 07:00:00,user_285,Search,Desktop,South America,309.3,0.88,0,6.02,2024-01-25,7,Thursday,44.06,Not Converted
2024-01-25 07:15:00,user_716,Checkout,Desktop,Europe,266.89,0.09,0,5.26,2024-01-25,7,Thursday,42.63,Not Converted
2024-01-25 07:30:00,user_676,Help,Mobile,Africa,294.4,0.44,1,9.72,2024-01-25,7,Thursday,27.46,Converted
2024-01-25 07:45:00,user_763,Help,Desktop,Africa,405.26,0.85,0,1.73,2024-01-25,7,Thursday,148.45,Not Converted
2024-01-25 08:00:00,user_227,Help,Desktop,Europe,235.34,0.62,0,9.01,2024-01-25,8,Thursday,23.51,Not Converted
2024-01-25 08:15:00,user_948,Help,Tablet,North America,154.53,0.29,0,7.07,2024-01-25,8,Thursday,19.15,Not Converted
2024-01-25 08:30:00,user_381,Login,Desktop,South America,103.89,0.42,0,2.96,2024-01-25,8,Thursday,26.23,Not Converted
2024-01-25 08:45:00,user_460,Search,Tablet,Africa,294.4,0.71,0,9.07,2024-01-25,8,Thursday,29.24,Not Converted
2024-01-25 09:00:00,user_7,Search,Desktop,South America,446.37,0.97,0,4.58,2024-01-25,9,Thursday,79.99,Not Converted
2024-01-25 09:15:00,user_29,Profile,Desktop,Europe,455.24,0.89,0,5.46,2024-01-25,9,Thursday,70.47,Not Converted
2024-01-25 09:30:00,user_907,Checkout,Tablet,South America,401.81,0.34,0,4.19,2024-01-25,9,Thursday,77.42,Not Converted
2024-01-25 09:45:00,user_33,Help,Desktop,Europe,144.25,1.0,0,8.58,2024-01-25,9,Thursday,15.06,Not Converted
2024-01-25 10:00:00,user_646,Login,Mobile,North America,354.91,0.0,0,6.55,2024-01-25,10,Thursday,47.01,Not Converted
2024-01-25 10:15:00,user_879,Checkout,Mobile,Europe,344.56,0.03,0,1.84,2024-01-25,10,Thursday,121.32,Not Converted
2024-01-25 10:30:00,user_79,Help,Desktop,Europe,293.14,0.82,0,6.67,2024-01-25,10,Thursday,38.22,Not Converted
2024-01-25 10:45:00,user_928,Login,Mobile,Africa,332.24,0.2,0,2.32,2024-01-25,10,Thursday,100.07,Not Converted
2024-01-25 11:00:00,user_947,Checkout,Tablet,South America,297.62,0.06,0,4.41,2024-01-25,11,Thursday,55.01,Not Converted
2024-01-25 11:15:00,user_459,Search,Desktop,Africa,341.45,0.24,0,2.12,2024-01-25,11,Thursday,109.44,Not Converted
2024-01-25 11:30:00,user_570,Search,Desktop,Asia,430.73,0.43,0,0.71,2024-01-25,11,Thursday,251.89,Not Converted
2024-01-25 11:45:00,user_983,Home,Tablet,Europe,70.23,0.73,0,2.51,2024-01-25,11,Thursday,20.01,Not Converted
2024-01-25 12:00:00,user_538,Product,Tablet,Asia,451.03,0.62,0,5.6,2024-01-25,12,Thursday,68.34,Not Converted
2024-01-25 12:15:00,user_482,Help,Tablet,Africa,85.85,0.24,0,5.07,2024-01-25,12,Thursday,14.14,Not Converted
2024-01-25 12:30:00,user_430,Profile,Desktop,South America,44.64,0.5,0,5.26,2024-01-25,12,Thursday,7.13,Not Converted
2024-01-25 12:45:00,user_738,Checkout,Tablet,Africa,585.77,0.93,0,2.85,2024-01-25,12,Thursday,152.15,Not Converted
2024-01-25 13:00:00,user_285,Profile,Tablet,South America,574.41,0.49,1,7.01,2024-01-25,13,Thursday,71.71,Converted
2024-01-25 13:15:00,user_516,Home,Mobile,South America,40.96,0.32,0,7.19,2024-01-25,13,Thursday,5.0,Not Converted
2024-01-25 13:30:00,user_977,Product,Mobile,North America,268.74,0.98,0,3.9,2024-01-25,13,Thursday,54.84,Not Converted
2024-01-25 13:45:00,user_99,Checkout,Desktop,Europe,115.82,0.71,0,8.87,2024-01-25,13,Thursday,11.73,Not Converted
2024-01-25 14:00:00,user_397,Login,Mobile,Africa,293.78,0.06,0,6.62,2024-01-25,14,Thursday,38.55,Not Converted
2024-01-25 14:15:00,user_489,Help,Mobile,South America,498.96,0.04,0,7.27,2024-01-25,14,Thursday,60.33,Not Converted
2024-01-25 14:30:00,user_39,Product,Tablet,Africa,570.61,0.17,0,3.13,2024-01-25,14,Thursday,138.16,Not Converted
2024-01-25 14:45:00,user_271,Search,Tablet,Africa,382.38,0.73,0,0.51,2024-01-25,14,Thursday,253.23,Not Converted
2024-01-25 15:00:00,user_887,Home,Mobile,South America,215.57,0.18,0,8.72,2024-01-25,15,Thursday,22.18,Not Converted
2024-01-25 15:15:00,user_797,Product,Mobile,Asia,363.98,0.51,0,8.31,2024-01-25,15,Thursday,39.1,Not Converted
2024-01-25 15:30:00,user_157,Help,Mobile,Europe,190.64,0.09,0,5.46,2024-01-25,15,Thursday,29.51,Not Converted
2024-01-25 15:45:00,user_75,Product,Desktop,Europe,546.35,0.92,0,4.05,2024-01-25,15,Thursday,108.19,Not Converted
2024-01-25 16:00:00,user_884,Help,Desktop,North America,522.89,0.34,0,6.78,2024-01-25,16,Thursday,67.21,Not Converted
2024-01-25 16:15:00,user_800,Search,Desktop,North America,337.15,0.91,0,6.7,2024-01-25,16,Thursday,43.79,Not Converted
2024-01-25 16:30:00,user_130,Checkout,Mobile,North America,198.26,0.94,1,8.67,2024-01-25,16,Thursday,20.5,Converted
2024-01-25 16:45:00,user_687,Login,Mobile,Europe,179.57,0.01,0,1.83,2024-01-25,16,Thursday,63.45,Not Converted
2024-01-25 17:00:00,user_974,Search,Desktop,Asia,24.88,0.46,0,4.58,2024-01-25,17,Thursday,4.46,Not Converted
2024-01-25 17:15:00,user_84,Login,Desktop,Europe,490.41,0.02,0,1.42,2024-01-25,17,Thursday,202.65,Not Converted
2024-01-25 17:30:00,user_22,Checkout,Mobile,Europe,294.4,0.91,0,4.2,2024-01-25,17,Thursday,56.62,Not Converted
2024-01-25 17:45:00,user_459,Product,Tablet,Europe,198.45,0.49,0,0.64,2024-01-25,17,Thursday,121.01,Not Converted
2024-01-25 18:00:00,user_539,Login,Desktop,Europe,285.31,0.07,1,9.03,2024-01-25,18,Thursday,28.45,Converted
2024-01-25 18:15:00,user_707,Home,Mobile,Asia,492.15,0.11,0,5.51,2024-01-25,18,Thursday,75.6,Not Converted
2024-01-25 18:30:00,user_849,Home,Mobile,North America,79.15,0.38,1,8.57,2024-01-25,18,Thursday,8.27,Converted
2024-01-25 18:45:00,user_382,Help,Tablet,Africa,515.31,0.94,0,1.07,2024-01-25,18,Thursday,248.94,Not Converted
2024-01-25 19:00:00,user_748,Search,Mobile,North America,539.02,0.69,0,2.66,2024-01-25,19,Thursday,147.27,Not Converted
2024-01-25 19:15:00,user_440,Checkout,Mobile,North America,568.29,0.87,0,2.96,2024-01-25,19,Thursday,143.51,Not Converted
2024-01-25 19:30:00,user_604,Help,Desktop,Africa,241.51,0.37,0,4.17,2024-01-25,19,Thursday,46.71,Not Converted
2024-01-25 19:45:00,user_989,Search,Desktop,Europe,134.2,0.04,1,8.13,2024-01-25,19,Thursday,14.7,Converted
2024-01-25 20:00:00,user_21,Search,Tablet,Asia,227.32,0.97,0,4.17,2024-01-25,20,Thursday,43.97,Not Converted
2024-01-25 20:15:00,user_303,Help,Tablet,Asia,203.08,0.02,0,2.44,2024-01-25,20,Thursday,59.03,Not Converted
2024-01-25 20:30:00,user_976,Profile,Mobile,North America,109.81,0.95,0,1.12,2024-01-25,20,Thursday,51.8,Not Converted
2024-01-25 20:45:00,user_869,Search,Desktop,Africa,366.32,0.37,0,1.26,2024-01-25,20,Thursday,162.09,Not Converted
2024-01-25 21:00:00,user_955,Profile,Tablet,South America,288.59,0.01,1,7.72,2024-01-25,21,Thursday,33.1,Converted
2024-01-25 21:15:00,user_84,Home,Tablet,Europe,520.09,0.69,0,4.73,2024-01-25,21,Thursday,90.77,Not Converted
2024-01-25 21:30:00,user_774,Home,Tablet,North America,24.11,0.98,0,7.4,2024-01-25,21,Thursday,2.87,Not Converted
2024-01-25 21:45:00,user_659,Search,Mobile,Asia,388.1,0.97,0,6.98,2024-01-25,21,Thursday,48.63,Not Converted
2024-01-25 22:00:00,user_953,Home,Desktop,Africa,458.95,0.16,0,1.79,2024-01-25,22,Thursday,164.5,Not Converted
2024-01-25 22:15:00,user_453,Checkout,Tablet,Africa,456.89,0.18,0,1.86,2024-01-25,22,Thursday,159.75,Not Converted
2024-01-25 22:30:00,user_387,Profile,Desktop,North America,532.21,0.57,0,7.68,2024-01-25,22,Thursday,61.31,Not Converted
2024-01-25 22:45:00,user_507,Profile,Tablet,South America,438.78,0.64,0,7.35,2024-01-25,22,Thursday,52.55,Not Converted
2024-01-25 23:00:00,user_257,Search,Tablet,Asia,294.4,0.74,0,4.09,2024-01-25,23,Thursday,57.84,Not Converted
2024-01-25 23:15:00,user_570,Home,Desktop,North America,202.93,0.18,1,1.24,2024-01-25,23,Thursday,90.59,Converted
2024-01-25 23:30:00,user_892,Login,Desktop,South America,304.41,0.96,0,0.61,2024-01-25,23,Thursday,189.07,Not Converted
2024-01-25 23:45:00,user_934,Help,Desktop,Africa,13.38,0.64,0,3.24,2024-01-25,23,Thursday,3.16,Not Converted
2024-01-26 00:00:00,user_527,Help,Mobile,Europe,9.14,0.85,1,0.59,2024-01-26,0,Friday,5.75,Converted
2024-01-26 00:15:00,user_162,Profile,Tablet,Asia,147.88,0.54,0,2.69,2024-01-26,0,Friday,40.08,Not Converted
2024-01-26 00:30:00,user_957,Search,Mobile,Asia,64.98,0.41,1,4.49,2024-01-26,0,Friday,11.84,Converted
2024-01-26 00:45:00,user_163,Search,Unknown,South America,159.83,0.98,1,1.65,2024-01-26,0,Friday,60.31,Converted
2024-01-26 01:00:00,user_832,Checkout,Tablet,North America,110.34,0.58,0,1.49,2024-01-26,1,Friday,44.31,Not Converted
2024-01-26 01:15:00,user_793,Product,Mobile,Africa,21.97,0.87,0,9.02,2024-01-26,1,Friday,2.19,Not Converted
2024-01-26 01:30:00,user_792,Product,Tablet,South America,546.04,0.95,0,6.06,2024-01-26,1,Friday,77.34,Not Converted
2024-01-26 01:45:00,user_524,Profile,Unknown,Europe,9.89,0.68,0,9.38,2024-01-26,1,Friday,0.95,Not Converted
2024-01-26 02:00:00,user_786,Help,Desktop,Europe,442.97,0.55,0,3.79,2024-01-26,2,Friday,92.48,Not Converted
2024-01-26 02:15:00,user_271,Checkout,Unknown,Europe,95.53,0.0,0,6.93,2024-01-26,2,Friday,12.05,Not Converted
2024-01-26 02:30:00,user_492,Checkout,Tablet,South America,547.78,0.04,0,2.44,2024-01-26,2,Friday,159.24,Not Converted
2024-01-26 02:45:00,user_208,Checkout,Tablet,Africa,536.21,0.2,0,6.37,2024-01-26,2,Friday,72.76,Not Converted
2024-01-26 03:00:00,user_539,Profile,Tablet,Asia,394.07,0.19,0,1.73,2024-01-26,3,Friday,144.35,Not Converted
2024-01-26 03:15:00,user_584,Product,Tablet,North America,404.98,0.25,0,0.52,2024-01-26,3,Friday,266.43,Not Converted
2024-01-26 03:30:00,user_60,Help,Desktop,Asia,8.18,0.3,0,9.35,2024-01-26,3,Friday,0.79,Not Converted
2024-01-26 03:45:00,user_430,Checkout,Mobile,Africa,591.0,0.49,0,5.77,2024-01-26,3,Friday,87.3,Not Converted
2024-01-26 04:00:00,user_985,Help,Desktop,Asia,527.31,0.42,0,9.31,2024-01-26,4,Friday,51.15,Not Converted
2024-01-26 04:15:00,user_657,Home,Desktop,South America,537.59,0.1,0,3.67,2024-01-26,4,Friday,115.12,Not Converted
2024-01-26 04:30:00,user_605,Search,Desktop,Europe,397.25,0.04,0,3.61,2024-01-26,4,Friday,86.17,Not Converted
2024-01-26 04:45:00,user_309,Search,Unknown,Africa,210.15,0.67,0,4.31,2024-01-26,4,Friday,39.58,Not Converted
2024-01-26 05:00:00,user_520,Help,Tablet,Africa,536.72,0.54,0,7.21,2024-01-26,5,Friday,65.37,Not Converted
2024-01-26 05:15:00,user_591,Login,Tablet,Asia,178.45,0.44,0,5.88,2024-01-26,5,Friday,25.94,Not Converted
2024-01-26 05:30:00,user_27,Login,Mobile,South America,339.81,0.49,0,9.29,2024-01-26,5,Friday,33.02,Not Converted
2024-01-26 05:45:00,user_686,Profile,Tablet,Asia,64.34,0.83,0,5.46,2024-01-26,5,Friday,9.96,Not Converted
2024-01-26 06:00:00,user_562,Profile,Unknown,Asia,553.56,0.43,0,7.23,2024-01-26,6,Friday,67.26,Not Converted
2024-01-26 06:15:00,user_199,Search,Tablet,Africa,88.76,0.64,0,3.64,2024-01-26,6,Friday,19.13,Not Converted
2024-01-26 06:30:00,user_387,Home,Tablet,Asia,138.81,0.95,0,2.21,2024-01-26,6,Friday,43.24,Not Converted
2024-01-26 06:45:00,user_349,Product,Desktop,Europe,337.09,0.84,0,5.35,2024-01-26,6,Friday,53.09,Not Converted
2024-01-26 07:00:00,user_960,Product,Desktop,Asia,459.64,0.43,0,5.3,2024-01-26,7,Friday,72.96,Not Converted
2024-01-26 07:15:00,user_940,Profile,Desktop,Europe,373.51,0.64,0,1.8,2024-01-26,7,Friday,133.4,Not Converted
2024-01-26 07:30:00,user_693,Home,Mobile,Africa,143.12,0.18,1,2.42,2024-01-26,7,Friday,41.85,Converted
2024-01-26 07:45:00,user_536,Profile,Mobile,South America,294.4,0.56,0,4.38,2024-01-26,7,Friday,54.72,Not Converted
2024-01-26 08:00:00,user_828,Product,Tablet,Europe,455.5,0.98,0,4.38,2024-01-26,8,Friday,84.67,Not Converted
2024-01-26 08:15:00,user_378,Help,Mobile,South America,591.2,0.52,0,3.52,2024-01-26,8,Friday,130.8,Not Converted
2024-01-26 08:30:00,user_899,Profile,Unknown,South America,486.9,0.93,0,1.91,2024-01-26,8,Friday,167.32,Not Converted
2024-01-26 08:45:00,user_916,Checkout,Mobile,Europe,278.82,0.41,0,0.54,2024-01-26,8,Friday,181.05,Not Converted
2024-01-26 09:00:00,user_558,Help,Mobile,Africa,542.74,1.0,0,9.72,2024-01-26,9,Friday,50.63,Not Converted
2024-01-26 09:15:00,user_527,Profile,Mobile,North America,248.86,0.58,0,9.46,2024-01-26,9,Friday,23.79,Not Converted
2024-01-26 09:30:00,user_153,Search,Desktop,South America,317.34,0.04,0,5.09,2024-01-26,9,Friday,52.11,Not Converted
2024-01-26 09:45:00,user_734,Profile,Mobile,South America,288.89,0.59,0,9.95,2024-01-26,9,Friday,26.38,Not Converted
2024-01-26 10:00:00,user_206,Search,Desktop,Africa,294.4,0.27,0,6.9,2024-01-26,10,Friday,37.27,Not Converted
2024-01-26 10:15:00,user_455,Home,Desktop,Africa,466.24,0.03,1,1.15,2024-01-26,10,Friday,216.86,Converted
2024-01-26 10:30:00,user_273,Product,Mobile,Asia,318.43,0.82,0,1.62,2024-01-26,10,Friday,121.54,Not Converted
2024-01-26 10:45:00,user_894,Help,Tablet,Africa,193.45,0.28,0,9.2,2024-01-26,10,Friday,18.97,Not Converted
2024-01-26 11:00:00,user_236,Help,Tablet,South America,158.6,0.8,0,6.49,2024-01-26,11,Friday,21.17,Not Converted
2024-01-26 11:15:00,user_852,Login,Tablet,Europe,27.46,0.29,0,8.51,2024-01-26,11,Friday,2.89,Not Converted
2024-01-26 11:30:00,user_740,Login,Mobile,North America,352.0,0.49,0,9.03,2024-01-26,11,Friday,35.09,Not Converted
2024-01-26 11:45:00,user_521,Product,Tablet,Asia,294.4,0.97,0,4.76,2024-01-26,11,Friday,51.11,Not Converted
2024-01-26 12:00:00,user_678,Login,Desktop,Europe,93.14,0.36,0,0.96,2024-01-26,12,Friday,47.52,Not Converted
2024-01-26 12:15:00,user_944,Help,Tablet,North America,394.03,0.6,0,2.29,2024-01-26,12,Friday,119.77,Not Converted
2024-01-26 12:30:00,user_956,Profile,Mobile,North America,410.32,0.61,0,1.13,2024-01-26,12,Friday,192.64,Not Converted
2024-01-26 12:45:00,user_831,Home,Tablet,North America,452.53,0.56,0,2.29,2024-01-26,12,Friday,137.55,Not Converted
2024-01-26 13:00:00,user_726,Home,Desktop,Europe,304.63,0.91,0,4.4,2024-01-26,13,Friday,56.41,Not Converted
2024-01-26 13:15:00,user_501,Product,Mobile,Asia,536.96,0.67,0,1.62,2024-01-26,13,Friday,204.95,Not Converted
2024-01-26 13:30:00,user_117,Login,Tablet,Asia,562.12,0.4,0,2.08,2024-01-26,13,Friday,182.51,Not Converted
2024-01-26 13:45:00,user_386,Profile,Mobile,North America,294.4,0.86,0,4.74,2024-01-26,13,Friday,51.29,Not Converted
2024-01-26 14:00:00,user_344,Home,Mobile,Europe,383.18,0.18,1,3.73,2024-01-26,14,Friday,81.01,Converted
2024-01-26 14:15:00,user_584,Home,Mobile,North America,185.71,0.54,0,4.94,2024-01-26,14,Friday,31.26,Not Converted
2024-01-26 14:30:00,user_395,Checkout,Tablet,Africa,589.85,0.95,0,4.58,2024-01-26,14,Friday,105.71,Not Converted
2024-01-26 14:45:00,user_64,Checkout,Mobile,Asia,168.11,0.63,0,6.62,2024-01-26,14,Friday,22.06,Not Converted
2024-01-26 15:00:00,user_717,Help,Tablet,South America,125.58,0.82,0,9.4,2024-01-26,15,Friday,12.08,Not Converted
2024-01-26 15:15:00,user_721,Home,Desktop,North America,268.08,0.65,0,1.52,2024-01-26,15,Friday,106.38,Not Converted
2024-01-26 15:30:00,user_72,Product,Tablet,Africa,38.82,0.49,0,1.44,2024-01-26,15,Friday,15.91,Not Converted
2024-01-26 15:45:00,user_789,Search,Desktop,Asia,587.2,0.94,0,8.6,2024-01-26,15,Friday,61.17,Not Converted
2024-01-26 16:00:00,user_274,Search,Tablet,Europe,355.12,0.27,0,5.31,2024-01-26,16,Friday,56.28,Not Converted
2024-01-26 16:15:00,user_990,Profile,Mobile,Asia,336.39,0.17,0,7.78,2024-01-26,16,Friday,38.31,Not Converted
2024-01-26 16:30:00,user_320,Home,Tablet,Europe,395.2,0.48,0,2.55,2024-01-26,16,Friday,111.32,Not Converted
2024-01-26 16:45:00,user_338,Home,Mobile,Europe,300.73,0.7,1,8.37,2024-01-26,16,Friday,32.09,Converted
2024-01-26 17:00:00,user_366,Help,Desktop,North America,24.08,0.23,0,9.28,2024-01-26,17,Friday,2.34,Not Converted
2024-01-26 17:15:00,user_495,Home,Tablet,North America,369.33,0.0,0,5.46,2024-01-26,17,Friday,57.17,Not Converted
2024-01-26 17:30:00,user_607,Product,Mobile,Asia,431.12,0.34,0,1.51,2024-01-26,17,Friday,171.76,Not Converted
2024-01-26 17:45:00,user_166,Checkout,Desktop,Africa,252.97,0.97,0,9.01,2024-01-26,17,Friday,25.27,Not Converted
2024-01-26 18:00:00,user_544,Home,Desktop,Asia,455.59,0.69,0,8.03,2024-01-26,18,Friday,50.45,Not Converted
2024-01-26 18:15:00,user_11,Home,Tablet,South America,140.07,0.4,1,7.63,2024-01-26,18,Friday,16.23,Converted
2024-01-26 18:30:00,user_301,Help,Desktop,Europe,136.66,0.19,0,5.46,2024-01-26,18,Friday,21.15,Not Converted
2024-01-26 18:45:00,user_729,Login,Mobile,Europe,294.4,0.36,0,8.09,2024-01-26,18,Friday,32.39,Not Converted
2024-01-26 19:00:00,user_801,Help,Desktop,North America,226.34,0.17,0,1.81,2024-01-26,19,Friday,80.55,Not Converted
2024-01-26 19:15:00,user_102,Help,Desktop,Africa,508.97,0.11,0,2.61,2024-01-26,19,Friday,140.99,Not Converted
2024-01-26 19:30:00,user_425,Product,Mobile,North America,497.61,0.91,0,5.46,2024-01-26,19,Friday,77.03,Not Converted
2024-01-26 19:45:00,user_392,Profile,Desktop,South America,232.78,1.0,1,3.02,2024-01-26,19,Friday,57.91,Converted
2024-01-26 20:00:00,user_779,Home,Desktop,Asia,355.53,0.16,0,6.78,2024-01-26,20,Friday,45.7,Not Converted
2024-01-26 20:15:00,user_214,Help,Desktop,Asia,433.89,0.49,0,6.28,2024-01-26,20,Friday,59.6,Not Converted
2024-01-26 20:30:00,user_691,Help,Unknown,Africa,294.4,0.33,0,1.53,2024-01-26,20,Friday,116.36,Not Converted
2024-01-26 20:45:00,user_88,Login,Mobile,North America,105.04,0.46,0,6.73,2024-01-26,20,Friday,13.59,Not Converted
2024-01-26 21:00:00,user_553,Help,Desktop,North America,294.4,0.2,0,9.28,2024-01-26,21,Friday,28.64,Not Converted
2024-01-26 21:15:00,user_401,Search,Mobile,South America,372.45,0.3,0,2.03,2024-01-26,21,Friday,122.92,Not Converted
2024-01-26 21:30:00,user_588,Profile,Desktop,Asia,588.94,0.2,0,6.17,2024-01-26,21,Friday,82.14,Not Converted
2024-01-26 21:45:00,user_889,Home,Desktop,North America,205.96,0.49,0,3.75,2024-01-26,21,Friday,43.36,Not Converted
2024-01-26 22:00:00,user_46,Home,Desktop,Africa,423.3,0.71,0,4.87,2024-01-26,22,Friday,72.11,Not Converted
2024-01-26 22:15:00,user_672,Login,Desktop,Asia,137.45,0.63,0,3.23,2024-01-26,22,Friday,32.49,Not Converted
2024-01-26 22:30:00,user_463,Product,Mobile,South America,160.41,0.39,0,3.86,2024-01-26,22,Friday,33.01,Not Converted
2024-01-26 22:45:00,user_592,Home,Mobile,Africa,309.58,0.91,0,0.77,2024-01-26,22,Friday,174.9,Not Converted
2024-01-26 23:00:00,user_310,Search,Mobile,Europe,195.17,0.97,0,9.82,2024-01-26,23,Friday,18.04,Not Converted
2024-01-26 23:15:00,user_86,Home,Tablet,South America,104.73,0.17,0,6.44,2024-01-26,23,Friday,14.08,Not Converted
2024-01-26 23:30:00,user_92,Search,Desktop,Africa,161.41,0.22,0,5.26,2024-01-26,23,Friday,25.78,Not Converted
2024-01-26 23:45:00,user_660,Profile,Desktop,North America,26.27,0.53,0,4.15,2024-01-26,23,Friday,5.1,Not Converted
2024-01-27 00:00:00,user_673,Profile,Mobile,Europe,294.4,0.09,0,5.62,2024-01-27,0,Saturday,44.47,Not Converted
2024-01-27 00:15:00,user_714,Checkout,Tablet,South America,297.81,0.44,1,4.11,2024-01-27,0,Saturday,58.28,Converted
2024-01-27 00:30:00,user_936,Checkout,Desktop,North America,61.07,0.49,0,3.92,2024-01-27,0,Saturday,12.41,Not Converted
2024-01-27 00:45:00,user_928,Search,Mobile,Europe,107.16,0.52,0,4.91,2024-01-27,0,Saturday,18.13,Not Converted
2024-01-27 01:00:00,user_242,Product,Desktop,Asia,66.01,0.33,1,3.12,2024-01-27,1,Saturday,16.02,Converted
2024-01-27 01:15:00,user_865,Home,Desktop,North America,369.49,0.54,0,2.21,2024-01-27,1,Saturday,115.11,Not Converted
2024-01-27 01:30:00,user_2,Help,Mobile,Africa,61.06,0.96,0,5.79,2024-01-27,1,Saturday,8.99,Not Converted
2024-01-27 01:45:00,user_225,Home,Mobile,South America,453.8,0.21,0,8.51,2024-01-27,1,Saturday,47.72,Not Converted
2024-01-27 02:00:00,user_801,Checkout,Unknown,Europe,17.2,0.65,0,1.95,2024-01-27,2,Saturday,5.83,Not Converted
2024-01-27 02:15:00,user_745,Help,Desktop,North America,294.4,0.04,0,0.81,2024-01-27,2,Saturday,162.65,Not Converted
2024-01-27 02:30:00,user_973,Search,Mobile,Asia,534.95,0.07,0,2.84,2024-01-27,2,Saturday,139.31,Not Converted
2024-01-27 02:45:00,user_926,Help,Desktop,South America,432.53,0.55,0,9.81,2024-01-27,2,Saturday,40.01,Not Converted
2024-01-27 03:00:00,user_929,Home,Desktop,South America,48.42,0.1,0,8.37,2024-01-27,3,Saturday,5.17,Not Converted
2024-01-27 03:15:00,user_589,Home,Mobile,North America,493.57,0.02,0,6.16,2024-01-27,3,Saturday,68.93,Not Converted
2024-01-27 03:30:00,user_116,Product,Desktop,Asia,298.36,0.17,0,9.33,2024-01-27,3,Saturday,28.88,Not Converted
2024-01-27 03:45:00,user_666,Login,Desktop,Europe,508.84,0.56,0,4.73,2024-01-27,3,Saturday,88.8,Not Converted
2024-01-27 04:00:00,user_918,Help,Tablet,North America,362.44,0.7,1,9.84,2024-01-27,4,Saturday,33.44,Converted
2024-01-27 04:15:00,user_103,Checkout,Unknown,Europe,410.69,0.2,0,3.31,2024-01-27,4,Saturday,95.29,Not Converted
2024-01-27 04:30:00,user_194,Checkout,Tablet,South America,596.13,0.67,0,5.46,2024-01-27,4,Saturday,92.28,Not Converted
2024-01-27 04:45:00,user_166,Login,Tablet,Europe,143.24,0.18,1,6.56,2024-01-27,4,Saturday,18.95,Converted
2024-01-27 05:00:00,user_871,Home,Tablet,Asia,376.25,0.61,1,4.09,2024-01-27,5,Saturday,73.92,Converted
2024-01-27 05:15:00,user_90,Product,Desktop,Africa,278.89,0.41,0,6.45,2024-01-27,5,Saturday,37.43,Not Converted
2024-01-27 05:30:00,user_686,Product,Desktop,Asia,28.47,0.65,0,3.4,2024-01-27,5,Saturday,6.47,Not Converted
2024-01-27 05:45:00,user_122,Checkout,Tablet,Europe,13.61,1.0,0,6.37,2024-01-27,5,Saturday,1.85,Not Converted
2024-01-27 06:00:00,user_143,Product,Unknown,North America,75.94,0.94,0,3.12,2024-01-27,6,Saturday,18.43,Not Converted
2024-01-27 06:15:00,user_994,Profile,Tablet,South America,391.21,0.0,0,0.98,2024-01-27,6,Saturday,197.58,Not Converted
2024-01-27 06:30:00,user_106,Login,Desktop,Africa,342.46,0.89,1,9.17,2024-01-27,6,Saturday,33.67,Converted
2024-01-27 06:45:00,user_887,Home,Tablet,North America,334.29,0.07,0,8.89,2024-01-27,6,Saturday,33.8,Not Converted
2024-01-27 07:00:00,user_428,Profile,Tablet,North America,23.95,0.95,0,9.72,2024-01-27,7,Saturday,2.23,Not Converted
2024-01-27 07:15:00,user_305,Login,Mobile,Asia,284.24,0.28,0,7.31,2024-01-27,7,Saturday,34.2,Not Converted
2024-01-27 07:30:00,user_872,Search,Mobile,Europe,555.15,0.38,0,6.99,2024-01-27,7,Saturday,69.48,Not Converted
2024-01-27 07:45:00,user_971,Help,Desktop,Asia,241.57,0.09,1,5.81,2024-01-27,7,Saturday,35.47,Converted
2024-01-27 08:00:00,user_317,Checkout,Mobile,Europe,376.83,0.11,0,1.7,2024-01-27,8,Saturday,139.57,Not Converted
2024-01-27 08:15:00,user_963,Product,Mobile,Asia,468.99,0.73,0,2.3,2024-01-27,8,Saturday,142.12,Not Converted
2024-01-27 08:30:00,user_635,Search,Mobile,North America,471.44,0.94,0,3.25,2024-01-27,8,Saturday,110.93,Not Converted
2024-01-27 08:45:00,user_902,Product,Desktop,South America,313.97,0.61,0,8.96,2024-01-27,8,Saturday,31.52,Not Converted
2024-01-27 09:00:00,user_9,Profile,Mobile,Europe,515.48,0.72,0,2.14,2024-01-27,9,Saturday,164.17,Not Converted
2024-01-27 09:15:00,user_774,Home,Desktop,Africa,237.87,0.76,0,9.27,2024-01-27,9,Saturday,23.16,Not Converted
2024-01-27 09:30:00,user_73,Home,Tablet,Africa,533.77,0.26,1,5.47,2024-01-27,9,Saturday,82.5,Converted
2024-01-27 09:45:00,user_359,Home,Mobile,North America,147.94,0.05,0,7.3,2024-01-27,9,Saturday,17.82,Not Converted
2024-01-27 10:00:00,user_223,Product,Desktop,Asia,171.73,0.49,0,5.46,2024-01-27,10,Saturday,26.58,Not Converted
2024-01-27 10:15:00,user_416,Search,Mobile,Asia,36.61,0.35,0,3.06,2024-01-27,10,Saturday,9.02,Not Converted
2024-01-27 10:30:00,user_553,Home,Tablet,North America,478.37,0.24,0,9.61,2024-01-27,10,Saturday,45.09,Not Converted
2024-01-27 10:45:00,user_370,Search,Desktop,Africa,253.15,0.06,0,3.03,2024-01-27,10,Saturday,62.82,Not Converted
2024-01-27 11:00:00,user_716,Product,Desktop,Africa,141.32,0.18,0,5.46,2024-01-27,11,Saturday,21.88,Not Converted
2024-01-27 11:15:00,user_264,Profile,Desktop,Asia,142.92,0.12,0,2.38,2024-01-27,11,Saturday,42.28,Not Converted
2024-01-27 11:30:00,user_840,Search,Tablet,Europe,541.33,0.91,0,1.73,2024-01-27,11,Saturday,198.29,Not Converted
2024-01-27 11:45:00,user_690,Profile,Tablet,South America,501.18,0.14,0,2.72,2024-01-27,11,Saturday,134.73,Not Converted
2024-01-27 12:00:00,user_860,Product,Tablet,Europe,334.35,0.54,0,6.6,2024-01-27,12,Saturday,43.99,Not Converted
2024-01-27 12:15:00,user_318,Product,Desktop,Africa,371.59,0.59,0,4.83,2024-01-27,12,Saturday,63.74,Not Converted
2024-01-27 12:30:00,user_84,Checkout,Tablet,Europe,287.22,0.49,0,5.76,2024-01-27,12,Saturday,42.49,Not Converted
2024-01-27 12:45:00,user_318,Product,Unknown,South America,238.04,0.1,0,1.66,2024-01-27,12,Saturday,89.49,Not Converted
2024-01-27 13:00:00,user_111,Product,Tablet,Europe,294.4,0.32,0,8.12,2024-01-27,13,Saturday,32.28,Not Converted
2024-01-27 13:15:00,user_251,Login,Desktop,Europe,79.74,0.05,0,7.95,2024-01-27,13,Saturday,8.91,Not Converted
2024-01-27 13:30:00,user_383,Home,Mobile,Europe,253.98,0.4,0,0.71,2024-01-27,13,Saturday,148.53,Not Converted
2024-01-27 13:45:00,user_7,Checkout,Tablet,Europe,210.01,0.19,1,4.14,2024-01-27,13,Saturday,40.86,Converted
2024-01-27 14:00:00,user_459,Help,Mobile,North America,301.4,0.56,0,1.15,2024-01-27,14,Saturday,140.19,Not Converted
2024-01-27 14:15:00,user_84,Checkout,Mobile,Africa,277.29,0.69,0,8.03,2024-01-27,14,Saturday,30.71,Not Converted
2024-01-27 14:30:00,user_208,Checkout,Desktop,South America,313.74,0.53,0,7.5,2024-01-27,14,Saturday,36.91,Not Converted
2024-01-27 14:45:00,user_900,Help,Mobile,Africa,88.25,0.43,0,9.07,2024-01-27,14,Saturday,8.76,Not Converted
2024-01-27 15:00:00,user_390,Login,Mobile,North America,294.4,0.39,0,2.75,2024-01-27,15,Saturday,78.51,Not Converted
2024-01-27 15:15:00,user_314,Profile,Desktop,North America,149.24,0.84,1,4.83,2024-01-27,15,Saturday,25.6,Converted
2024-01-27 15:30:00,user_22,Product,Desktop,North America,114.68,0.22,1,2.25,2024-01-27,15,Saturday,35.29,Converted
2024-01-27 15:45:00,user_410,Home,Desktop,North America,43.58,0.73,0,4.03,2024-01-27,15,Saturday,8.66,Not Converted
2024-01-27 16:00:00,user_895,Search,Mobile,Europe,458.78,0.76,0,5.46,2024-01-27,16,Saturday,71.02,Not Converted
2024-01-27 16:15:00,user_515,Help,Mobile,Africa,259.33,0.42,0,1.01,2024-01-27,16,Saturday,129.02,Not Converted
2024-01-27 16:30:00,user_127,Profile,Unknown,Asia,377.85,0.49,0,7.29,2024-01-27,16,Saturday,45.58,Not Converted
2024-01-27 16:45:00,user_809,Help,Desktop,South America,437.92,0.47,0,5.66,2024-01-27,16,Saturday,65.75,Not Converted
2024-01-27 17:00:00,user_700,Product,Tablet,North America,409.19,0.09,0,8.38,2024-01-27,17,Saturday,43.62,Not Converted
2024-01-27 17:15:00,user_874,Login,Mobile,Africa,284.95,0.05,1,3.08,2024-01-27,17,Saturday,69.84,Converted
2024-01-27 17:30:00,user_14,Help,Tablet,North America,294.4,0.11,0,9.08,2024-01-27,17,Saturday,29.21,Not Converted
2024-01-27 17:45:00,user_971,Product,Desktop,North America,228.7,0.19,0,9.99,2024-01-27,17,Saturday,20.81,Not Converted
2024-01-27 18:00:00,user_978,Product,Mobile,North America,385.83,0.5,0,9.23,2024-01-27,18,Saturday,37.72,Not Converted
2024-01-27 18:15:00,user_12,Login,Tablet,North America,299.4,0.85,0,7.89,2024-01-27,18,Saturday,33.68,Not Converted
2024-01-27 18:30:00,user_87,Checkout,Mobile,North America,510.23,0.24,0,8.22,2024-01-27,18,Saturday,55.34,Not Converted
2024-01-27 18:45:00,user_524,Checkout,Mobile,South America,525.45,0.94,1,5.95,2024-01-27,18,Saturday,75.6,Converted
2024-01-27 19:00:00,user_909,Home,Mobile,Africa,106.48,0.95,0,2.31,2024-01-27,19,Saturday,32.17,Not Converted
2024-01-27 19:15:00,user_537,Home,Tablet,North America,86.06,0.96,0,6.93,2024-01-27,19,Saturday,10.85,Not Converted
2024-01-27 19:30:00,user_301,Checkout,Desktop,North America,294.4,0.84,0,7.27,2024-01-27,19,Saturday,35.6,Not Converted
2024-01-27 19:45:00,user_243,Profile,Mobile,North America,184.23,0.36,0,9.86,2024-01-27,19,Saturday,16.96,Not Converted
2024-01-27 20:00:00,user_122,Search,Desktop,North America,16.05,0.07,1,5.64,2024-01-27,20,Saturday,2.42,Converted
2024-01-27 20:15:00,user_147,Product,Desktop,Europe,533.74,0.57,0,3.08,2024-01-27,20,Saturday,130.82,Not Converted
2024-01-27 20:30:00,user_567,Search,Tablet,Europe,140.01,0.56,1,6.99,2024-01-27,20,Saturday,17.52,Converted
2024-01-27 20:45:00,user_750,Product,Tablet,Asia,557.92,0.85,0,9.8,2024-01-27,20,Saturday,51.66,Not Converted
2024-01-27 21:00:00,user_356,Checkout,Desktop,North America,431.87,1.0,0,2.18,2024-01-27,21,Saturday,135.81,Not Converted
2024-01-27 21:15:00,user_685,Home,Mobile,Asia,458.78,0.51,0,3.6,2024-01-27,21,Saturday,99.73,Not Converted
2024-01-27 21:30:00,user_904,Profile,Tablet,South America,124.87,0.35,0,5.65,2024-01-27,21,Saturday,18.78,Not Converted
2024-01-27 21:45:00,user_733,Home,Mobile,Asia,144.35,0.19,0,2.12,2024-01-27,21,Saturday,46.27,Not Converted
2024-01-27 22:00:00,user_631,Search,Mobile,Africa,315.15,0.0,0,0.71,2024-01-27,22,Saturday,184.3,Not Converted
2024-01-27 22:15:00,user_309,Home,Mobile,Europe,107.4,0.51,0,3.7,2024-01-27,22,Saturday,22.85,Not Converted
2024-01-27 22:30:00,user_695,Checkout,Desktop,Europe,186.73,0.56,0,8.72,2024-01-27,22,Saturday,19.21,Not Converted
2024-01-27 22:45:00,user_288,Profile,Mobile,North America,196.27,0.82,1,0.91,2024-01-27,22,Saturday,102.76,Converted
2024-01-27 23:00:00,user_307,Search,Desktop,North America,99.98,0.5,1,4.57,2024-01-27,23,Saturday,17.95,Converted
2024-01-27 23:15:00,user_812,Profile,Desktop,South America,127.08,0.92,0,7.74,2024-01-27,23,Saturday,14.54,Not Converted
2024-01-27 23:30:00,user_594,Product,Mobile,South America,474.19,0.63,1,9.56,2024-01-27,23,Saturday,44.9,Converted
2024-01-27 23:45:00,user_966,Home,Mobile,Africa,104.48,0.84,0,9.86,2024-01-27,23,Saturday,9.62,Not Converted
2024-01-28 00:00:00,user_914,Profile,Mobile,North America,21.93,0.15,0,4.51,2024-01-28,0,Sunday,3.98,Not Converted
2024-01-28 00:15:00,user_723,Login,Mobile,North America,379.47,0.86,0,9.53,2024-01-28,0,Sunday,36.04,Not Converted
2024-01-28 00:30:00,user_662,Home,Desktop,South America,294.4,0.68,1,0.84,2024-01-28,0,Sunday,160.0,Converted
2024-01-28 00:45:00,user_549,Product,Mobile,South America,202.07,0.17,0,7.59,2024-01-28,0,Sunday,23.52,Not Converted
2024-01-28 01:00:00,user_352,Profile,Mobile,South America,75.6,0.19,0,6.61,2024-01-28,1,Sunday,9.93,Not Converted
2024-01-28 01:15:00,user_312,Search,Desktop,Europe,344.38,0.93,0,2.87,2024-01-28,1,Sunday,88.99,Not Converted
2024-01-28 01:30:00,user_873,Product,Tablet,Asia,544.28,0.03,0,5.32,2024-01-28,1,Sunday,86.12,Not Converted
2024-01-28 01:45:00,user_59,Login,Tablet,Asia,471.52,0.46,0,1.73,2024-01-28,1,Sunday,172.72,Not Converted
2024-01-28 02:00:00,user_643,Profile,Desktop,North America,375.4,0.31,0,8.78,2024-01-28,2,Sunday,38.38,Not Converted
2024-01-28 02:15:00,user_924,Help,Tablet,Europe,192.46,0.67,0,3.9,2024-01-28,2,Sunday,39.28,Not Converted
2024-01-28 02:30:00,user_714,Help,Desktop,South America,327.42,0.84,1,6.45,2024-01-28,2,Sunday,43.95,Converted
2024-01-28 02:45:00,user_755,Checkout,Mobile,North America,59.29,0.36,0,2.01,2024-01-28,2,Sunday,19.7,Not Converted
2024-01-28 03:00:00,user_35,Home,Mobile,Europe,408.97,0.43,0,2.46,2024-01-28,3,Sunday,118.2,Not Converted
2024-01-28 03:15:00,user_445,Search,Tablet,Africa,436.43,0.98,0,9.92,2024-01-28,3,Sunday,39.97,Not Converted
2024-01-28 03:30:00,user_93,Checkout,Mobile,Europe,579.19,0.78,0,7.65,2024-01-28,3,Sunday,66.96,Not Converted
2024-01-28 03:45:00,user_950,Profile,Tablet,North America,159.94,0.9,0,9.64,2024-01-28,3,Sunday,15.03,Not Converted
2024-01-28 04:00:00,user_959,Help,Tablet,Asia,15.98,0.44,0,3.31,2024-01-28,4,Sunday,3.71,Not Converted
2024-01-28 04:15:00,user_207,Help,Mobile,South America,329.64,0.23,1,2.06,2024-01-28,4,Sunday,107.73,Converted
2024-01-28 04:30:00,user_353,Help,Mobile,Africa,425.54,0.41,0,5.28,2024-01-28,4,Sunday,67.76,Not Converted
2024-01-28 04:45:00,user_903,Profile,Tablet,Europe,475.29,0.49,1,5.2,2024-01-28,4,Sunday,76.66,Converted
2024-01-28 05:00:00,user_332,Help,Mobile,North America,120.27,0.11,0,2.16,2024-01-28,5,Sunday,38.06,Not Converted
2024-01-28 05:15:00,user_817,Product,Desktop,North America,160.74,0.27,0,7.47,2024-01-28,5,Sunday,18.98,Not Converted
2024-01-28 05:30:00,user_862,Profile,Mobile,South America,309.99,0.05,0,3.94,2024-01-28,5,Sunday,62.75,Not Converted
2024-01-28 05:45:00,user_725,Search,Mobile,North America,201.71,0.43,0,2.27,2024-01-28,5,Sunday,61.69,Not Converted
2024-01-28 06:00:00,user_159,Checkout,Desktop,North America,517.0,0.83,0,5.46,2024-01-28,6,Sunday,80.03,Not Converted
2024-01-28 06:15:00,user_954,Search,Mobile,South America,294.4,0.02,0,5.85,2024-01-28,6,Sunday,42.98,Not Converted
2024-01-28 06:30:00,user_957,Login,Mobile,Africa,480.75,0.68,0,7.4,2024-01-28,6,Sunday,57.23,Not Converted
2024-01-28 06:45:00,user_24,Help,Tablet,Asia,350.47,1.0,0,5.08,2024-01-28,6,Sunday,57.64,Not Converted
2024-01-28 07:00:00,user_404,Login,Mobile,Asia,464.99,0.24,0,5.49,2024-01-28,7,Sunday,71.65,Not Converted
2024-01-28 07:15:00,user_805,Home,Mobile,Europe,202.94,0.69,1,1.82,2024-01-28,7,Sunday,71.96,Converted
2024-01-28 07:30:00,user_516,Home,Desktop,Africa,499.69,0.98,0,5.46,2024-01-28,7,Sunday,77.35,Not Converted
2024-01-28 07:45:00,user_732,Login,Tablet,Europe,168.37,0.96,0,9.32,2024-01-28,7,Sunday,16.31,Not Converted
2024-01-28 08:00:00,user_364,Profile,Tablet,Asia,329.93,0.23,0,6.99,2024-01-28,8,Sunday,41.29,Not Converted
2024-01-28 08:15:00,user_382,Search,Tablet,South America,132.33,0.1,0,0.67,2024-01-28,8,Sunday,79.24,Not Converted
2024-01-28 08:30:00,user_532,Login,Mobile,North America,287.94,0.15,0,5.6,2024-01-28,8,Sunday,43.63,Not Converted
2024-01-28 08:45:00,user_956,Home,Tablet,Asia,194.31,0.7,0,6.48,2024-01-28,8,Sunday,25.98,Not Converted
2024-01-28 09:00:00,user_152,Login,Desktop,Africa,163.69,0.73,0,9.95,2024-01-28,9,Sunday,14.95,Not Converted
2024-01-28 09:15:00,user_562,Profile,Tablet,Asia,580.36,0.67,0,9.96,2024-01-28,9,Sunday,52.95,Not Converted
2024-01-28 09:30:00,user_689,Login,Desktop,Africa,100.24,0.34,0,8.65,2024-01-28,9,Sunday,10.39,Not Converted
2024-01-28 09:45:00,user_947,Search,Tablet,Africa,473.46,0.17,0,1.11,2024-01-28,9,Sunday,224.39,Not Converted
2024-01-28 10:00:00,user_608,Checkout,Tablet,Africa,590.58,0.58,0,9.56,2024-01-28,10,Sunday,55.93,Not Converted
2024-01-28 10:15:00,user_617,Profile,Desktop,Europe,16.84,0.48,0,6.32,2024-01-28,10,Sunday,2.3,Not Converted
2024-01-28 10:30:00,user_420,Home,Tablet,South America,420.92,0.73,0,8.11,2024-01-28,10,Sunday,46.2,Not Converted
2024-01-28 10:45:00,user_250,Search,Tablet,Asia,155.48,0.44,0,4.37,2024-01-28,10,Sunday,28.95,Not Converted
2024-01-28 11:00:00,user_117,Login,Tablet,South America,29.09,0.34,0,5.46,2024-01-28,11,Sunday,4.5,Not Converted
2024-01-28 11:15:00,user_866,Login,Mobile,North America,244.72,0.29,0,4.9,2024-01-28,11,Sunday,41.48,Not Converted
2024-01-28 11:30:00,user_512,Checkout,Desktop,Asia,561.45,0.21,0,1.9,2024-01-28,11,Sunday,193.6,Not Converted
2024-01-28 11:45:00,user_740,Home,Tablet,South America,12.0,0.27,1,3.89,2024-01-28,11,Sunday,2.45,Converted
2024-01-28 12:00:00,user_578,Home,Desktop,South America,354.79,0.09,0,8.65,2024-01-28,12,Sunday,36.77,Not Converted
2024-01-28 12:15:00,user_335,Product,Unknown,North America,303.33,0.35,0,5.46,2024-01-28,12,Sunday,46.96,Not Converted
2024-01-28 12:30:00,user_418,Home,Desktop,Africa,524.66,0.04,0,1.93,2024-01-28,12,Sunday,179.06,Not Converted
2024-01-28 12:45:00,user_932,Checkout,Tablet,Asia,54.98,0.19,0,1.69,2024-01-28,12,Sunday,20.44,Not Converted
2024-01-28 13:00:00,user_774,Help,Tablet,Asia,410.51,0.75,0,4.33,2024-01-28,13,Sunday,77.02,Not Converted
2024-01-28 13:15:00,user_295,Product,Desktop,North America,409.67,0.33,0,9.97,2024-01-28,13,Sunday,37.34,Not Converted
2024-01-28 13:30:00,user_938,Product,Mobile,Africa,403.1,0.67,1,2.15,2024-01-28,13,Sunday,127.97,Converted
2024-01-28 13:45:00,user_755,Login,Desktop,Asia,565.69,0.72,0,1.88,2024-01-28,13,Sunday,196.42,Not Converted
2024-01-28 14:00:00,user_371,Login,Mobile,Asia,494.74,0.58,0,9.19,2024-01-28,14,Sunday,48.55,Not Converted
2024-01-28 14:15:00,user_186,Home,Desktop,Asia,29.97,0.96,0,8.88,2024-01-28,14,Sunday,3.03,Not Converted
2024-01-28 14:30:00,user_246,Product,Desktop,Africa,285.29,0.02,1,0.81,2024-01-28,14,Sunday,157.62,Converted
2024-01-28 14:45:00,user_637,Login,Desktop,North America,241.78,0.74,0,7.64,2024-01-28,14,Sunday,27.98,Not Converted
2024-01-28 15:00:00,user_268,Checkout,Tablet,Asia,189.54,0.96,0,6.73,2024-01-28,15,Sunday,24.52,Not Converted
2024-01-28 15:15:00,user_643,Login,Mobile,South America,273.55,0.86,0,7.79,2024-01-28,15,Sunday,31.12,Not Converted
2024-01-28 15:30:00,user_237,Profile,Mobile,Africa,233.6,0.17,0,5.2,2024-01-28,15,Sunday,37.68,Not Converted
2024-01-28 15:45:00,user_530,Profile,Desktop,Europe,262.24,0.33,0,9.92,2024-01-28,15,Sunday,24.01,Not Converted
2024-01-28 16:00:00,user_552,Login,Tablet,North America,587.66,0.17,1,0.92,2024-01-28,16,Sunday,306.07,Converted
2024-01-28 16:15:00,user_21,Product,Tablet,South America,57.74,0.6,0,2.73,2024-01-28,16,Sunday,15.48,Not Converted
2024-01-28 16:30:00,user_911,Help,Mobile,Asia,553.73,0.71,0,4.27,2024-01-28,16,Sunday,105.07,Not Converted
2024-01-28 16:45:00,user_737,Help,Tablet,Europe,290.74,0.32,0,4.77,2024-01-28,16,Sunday,50.39,Not Converted
2024-01-28 17:00:00,user_867,Product,Mobile,North America,376.13,0.54,0,9.25,2024-01-28,17,Sunday,36.7,Not Converted
2024-01-28 17:15:00,user_794,Search,Mobile,Africa,498.96,0.69,0,5.82,2024-01-28,17,Sunday,73.16,Not Converted
2024-01-28 17:30:00,user_520,Help,Mobile,Europe,219.48,0.42,0,0.93,2024-01-28,17,Sunday,113.72,Not Converted
2024-01-28 17:45:00,user_100,Profile,Tablet,Europe,261.1,0.85,0,4.37,2024-01-28,17,Sunday,48.62,Not Converted
2024-01-28 18:00:00,user_752,Checkout,Mobile,South America,248.66,0.77,0,4.46,2024-01-28,18,Sunday,45.54,Not Converted
2024-01-28 18:15:00,user_478,Product,Mobile,North America,227.96,0.06,0,9.67,2024-01-28,18,Sunday,21.36,Not Converted
2024-01-28 18:30:00,user_599,Home,Desktop,South America,555.69,0.62,0,6.19,2024-01-28,18,Sunday,77.29,Not Converted
2024-01-28 18:45:00,user_298,Profile,Mobile,South America,294.4,0.24,0,6.54,2024-01-28,18,Sunday,39.05,Not Converted
2024-01-28 19:00:00,user_940,Checkout,Mobile,Asia,69.85,0.56,0,7.28,2024-01-28,19,Sunday,8.44,Not Converted
2024-01-28 19:15:00,user_526,Checkout,Desktop,Africa,69.33,0.96,0,7.82,2024-01-28,19,Sunday,7.86,Not Converted
2024-01-28 19:30:00,user_334,Product,Desktop,Europe,259.58,0.88,1,6.53,2024-01-28,19,Sunday,34.47,Converted
2024-01-28 19:45:00,user_2,Checkout,Tablet,North America,63.7,0.4,0,2.75,2024-01-28,19,Sunday,16.99,Not Converted
2024-01-28 20:00:00,user_375,Product,Mobile,Africa,294.4,0.29,0,8.8,2024-01-28,20,Sunday,30.04,Not Converted
2024-01-28 20:15:00,user_293,Help,Tablet,Africa,90.5,0.23,0,7.46,2024-01-28,20,Sunday,10.7,Not Converted
2024-01-28 20:30:00,user_837,Login,Tablet,North America,315.81,0.53,0,7.55,2024-01-28,20,Sunday,36.94,Not Converted
2024-01-28 20:45:00,user_934,Profile,Desktop,Africa,9.3,0.11,0,9.97,2024-01-28,20,Sunday,0.85,Not Converted
2024-01-28 21:00:00,user_553,Search,Tablet,Asia,193.37,0.55,0,8.12,2024-01-28,21,Sunday,21.2,Not Converted
2024-01-28 21:15:00,user_318,Login,Mobile,Africa,407.93,0.0,0,8.38,2024-01-28,21,Sunday,43.49,Not Converted
2024-01-28 21:30:00,user_502,Profile,Desktop,Asia,293.0,0.32,0,5.46,2024-01-28,21,Sunday,45.36,Not Converted
2024-01-28 21:45:00,user_828,Product,Mobile,Europe,587.07,0.22,0,1.94,2024-01-28,21,Sunday,199.68,Not Converted
2024-01-28 22:00:00,user_381,Profile,Mobile,Europe,525.09,0.97,0,5.23,2024-01-28,22,Sunday,84.28,Not Converted
2024-01-28 22:15:00,user_623,Help,Desktop,South America,218.65,0.73,1,6.02,2024-01-28,22,Sunday,31.15,Converted
2024-01-28 22:30:00,user_14,Product,Mobile,Asia,32.06,0.35,0,3.63,2024-01-28,22,Sunday,6.92,Not Converted
2024-01-28 22:45:00,user_504,Login,Desktop,Europe,508.15,0.49,0,8.47,2024-01-28,22,Sunday,53.66,Not Converted
2024-01-28 23:00:00,user_231,Home,Mobile,Africa,547.18,0.52,0,7.74,2024-01-28,23,Sunday,62.61,Not Converted
2024-01-28 23:15:00,user_985,Home,Desktop,North America,493.27,0.21,0,7.35,2024-01-28,23,Sunday,59.07,Not Converted
2024-01-28 23:30:00,user_84,Profile,Tablet,North America,81.13,0.54,0,9.97,2024-01-28,23,Sunday,7.4,Not Converted
2024-01-28 23:45:00,user_130,Home,Mobile,Asia,598.76,0.84,0,2.96,2024-01-28,23,Sunday,151.2,Not Converted
2024-01-29 00:00:00,user_743,Product,Desktop,South America,158.86,0.62,0,7.49,2024-01-29,0,Monday,18.71,Not Converted
2024-01-29 00:15:00,user_838,Checkout,Mobile,Africa,435.9,0.63,0,5.74,2024-01-29,0,Monday,64.67,Not Converted
2024-01-29 00:30:00,user_145,Product,Mobile,Asia,545.28,0.54,0,3.47,2024-01-29,0,Monday,121.99,Not Converted
2024-01-29 00:45:00,user_891,Checkout,Mobile,North America,145.23,0.93,0,2.03,2024-01-29,0,Monday,47.93,Not Converted
2024-01-29 01:00:00,user_857,Login,Desktop,Asia,294.4,0.93,0,9.01,2024-01-29,1,Monday,29.41,Not Converted
2024-01-29 01:15:00,user_28,Search,Tablet,Africa,294.4,0.51,0,6.16,2024-01-29,1,Monday,41.12,Not Converted
2024-01-29 01:30:00,user_66,Checkout,Tablet,Europe,585.97,0.31,0,8.34,2024-01-29,1,Monday,62.74,Not Converted
2024-01-29 01:45:00,user_163,Home,Tablet,Africa,172.35,0.46,1,5.68,2024-01-29,1,Monday,25.8,Converted
2024-01-29 02:00:00,user_229,Product,Desktop,Europe,572.29,1.0,0,5.46,2024-01-29,2,Monday,88.59,Not Converted
2024-01-29 02:15:00,user_261,Login,Tablet,Europe,36.86,0.64,0,3.71,2024-01-29,2,Monday,7.83,Not Converted
2024-01-29 02:30:00,user_449,Home,Desktop,Europe,427.02,0.5,0,4.12,2024-01-29,2,Monday,83.4,Not Converted
2024-01-29 02:45:00,user_424,Login,Mobile,Asia,321.61,0.1,0,9.74,2024-01-29,2,Monday,29.95,Not Converted
2024-01-29 03:00:00,user_460,Search,Mobile,North America,289.34,0.2,0,0.55,2024-01-29,3,Monday,186.67,Not Converted
2024-01-29 03:15:00,user_952,Help,Tablet,Asia,137.98,0.48,0,9.86,2024-01-29,3,Monday,12.71,Not Converted
2024-01-29 03:30:00,user_676,Product,Desktop,North America,424.83,0.89,0,5.46,2024-01-29,3,Monday,65.76,Not Converted
2024-01-29 03:45:00,user_301,Profile,Mobile,Africa,118.53,0.57,0,9.96,2024-01-29,3,Monday,10.81,Not Converted
2024-01-29 04:00:00,user_919,Product,Desktop,South America,333.94,0.49,0,5.46,2024-01-29,4,Monday,51.69,Not Converted
2024-01-29 04:15:00,user_303,Search,Desktop,Africa,155.68,0.34,1,9.66,2024-01-29,4,Monday,14.6,Converted
2024-01-29 04:30:00,user_287,Product,Mobile,Asia,573.59,0.57,1,4.26,2024-01-29,4,Monday,109.05,Converted
2024-01-29 04:45:00,user_395,Profile,Desktop,Asia,22.04,0.45,0,0.75,2024-01-29,4,Monday,12.59,Not Converted
2024-01-29 05:00:00,user_10,Checkout,Unknown,North America,123.84,0.66,1,2.63,2024-01-29,5,Monday,34.12,Converted
2024-01-29 05:15:00,user_707,Login,Mobile,Asia,149.17,0.05,0,9.48,2024-01-29,5,Monday,14.23,Not Converted
2024-01-29 05:30:00,user_630,Profile,Mobile,Europe,251.37,0.49,0,0.63,2024-01-29,5,Monday,154.21,Not Converted
2024-01-29 05:45:00,user_270,Home,Desktop,Asia,143.47,0.3,0,5.69,2024-01-29,5,Monday,21.45,Not Converted
2024-01-29 06:00:00,user_592,Search,Mobile,North America,297.35,0.33,0,1.22,2024-01-29,6,Monday,133.94,Not Converted
2024-01-29 06:15:00,user_970,Checkout,Desktop,North America,524.12,0.96,1,3.22,2024-01-29,6,Monday,124.2,Converted
2024-01-29 06:30:00,user_605,Home,Mobile,Europe,428.68,0.18,0,5.46,2024-01-29,6,Monday,66.36,Not Converted
2024-01-29 06:45:00,user_778,Home,Mobile,North America,350.08,0.49,0,8.67,2024-01-29,6,Monday,36.2,Not Converted
2024-01-29 07:00:00,user_844,Search,Tablet,South America,57.96,0.51,0,6.12,2024-01-29,7,Monday,8.14,Not Converted
2024-01-29 07:15:00,user_862,Checkout,Tablet,Africa,417.93,0.86,1,9.07,2024-01-29,7,Monday,41.5,Converted
2024-01-29 07:30:00,user_361,Help,Tablet,Asia,104.02,0.49,0,7.04,2024-01-29,7,Monday,12.94,Not Converted
2024-01-29 07:45:00,user_257,Home,Desktop,South America,472.89,0.74,1,9.72,2024-01-29,7,Monday,44.11,Converted
2024-01-29 08:00:00,user_133,Home,Desktop,Asia,153.78,0.86,0,5.46,2024-01-29,8,Monday,23.8,Not Converted
2024-01-29 08:15:00,user_276,Checkout,Mobile,South America,253.14,0.31,0,6.57,2024-01-29,8,Monday,33.44,Not Converted
2024-01-29 08:30:00,user_776,Product,Mobile,Asia,213.53,0.39,0,5.97,2024-01-29,8,Monday,30.64,Not Converted
2024-01-29 08:45:00,user_683,Home,Mobile,Europe,294.4,0.36,0,5.1,2024-01-29,8,Monday,48.26,Not Converted
2024-01-29 09:00:00,user_972,Login,Mobile,North America,80.29,0.83,0,8.54,2024-01-29,9,Monday,8.42,Not Converted
2024-01-29 09:15:00,user_513,Checkout,Desktop,North America,341.56,0.04,0,6.62,2024-01-29,9,Monday,44.82,Not Converted
2024-01-29 09:30:00,user_313,Home,Mobile,Europe,89.53,0.31,0,8.11,2024-01-29,9,Monday,9.83,Not Converted
2024-01-29 09:45:00,user_576,Search,Mobile,South America,424.35,0.68,0,7.97,2024-01-29,9,Monday,47.31,Not Converted
2024-01-29 10:00:00,user_886,Profile,Tablet,Africa,543.52,0.57,0,2.31,2024-01-29,10,Monday,164.21,Not Converted
2024-01-29 10:15:00,user_980,Login,Mobile,South America,263.59,0.44,0,6.68,2024-01-29,10,Monday,34.32,Not Converted
2024-01-29 10:30:00,user_284,Profile,Mobile,North America,295.41,0.54,0,2.4,2024-01-29,10,Monday,86.89,Not Converted
2024-01-29 10:45:00,user_121,Profile,Mobile,Africa,556.82,0.2,0,6.04,2024-01-29,10,Monday,79.09,Not Converted
2024-01-29 11:00:00,user_107,Home,Desktop,Asia,314.99,0.43,0,6.94,2024-01-29,11,Monday,39.67,Not Converted
2024-01-29 11:15:00,user_933,Login,Tablet,Africa,295.12,0.5,0,9.97,2024-01-29,11,Monday,26.9,Not Converted
2024-01-29 11:30:00,user_687,Login,Mobile,South America,349.11,0.9,0,0.79,2024-01-29,11,Monday,195.03,Not Converted
2024-01-29 11:45:00,user_997,Product,Mobile,Europe,415.09,0.26,0,1.37,2024-01-29,11,Monday,175.14,Not Converted
2024-01-29 12:00:00,user_204,Profile,Tablet,Asia,68.6,0.87,0,1.23,2024-01-29,12,Monday,30.76,Not Converted
2024-01-29 12:15:00,user_165,Login,Mobile,South America,493.56,0.64,1,4.28,2024-01-29,12,Monday,93.48,Converted
2024-01-29 12:30:00,user_305,Product,Desktop,Asia,264.13,0.02,0,8.31,2024-01-29,12,Monday,28.37,Not Converted
2024-01-29 12:45:00,user_497,Checkout,Mobile,Africa,48.05,0.72,1,8.52,2024-01-29,12,Monday,5.05,Converted
2024-01-29 13:00:00,user_632,Product,Desktop,North America,472.78,0.04,0,7.5,2024-01-29,13,Monday,55.62,Not Converted
2024-01-29 13:15:00,user_556,Search,Desktop,South America,229.29,1.0,0,9.02,2024-01-29,13,Monday,22.88,Not Converted
2024-01-29 13:30:00,user_824,Help,Mobile,Europe,64.72,0.49,0,3.57,2024-01-29,13,Monday,14.16,Not Converted
2024-01-29 13:45:00,user_156,Home,Tablet,Africa,382.1,0.3,0,1.34,2024-01-29,13,Monday,163.29,Not Converted
2024-01-29 14:00:00,user_367,Checkout,Desktop,South America,528.68,0.26,0,1.05,2024-01-29,14,Monday,257.89,Not Converted
2024-01-29 14:15:00,user_719,Help,Tablet,Europe,533.21,0.38,0,8.6,2024-01-29,14,Monday,55.54,Not Converted
2024-01-29 14:30:00,user_902,Help,Mobile,South America,574.81,0.36,0,7.44,2024-01-29,14,Monday,68.11,Not Converted
2024-01-29 14:45:00,user_620,Checkout,Desktop,Africa,521.28,0.37,0,7.14,2024-01-29,14,Monday,64.04,Not Converted
2024-01-29 15:00:00,user_251,Search,Mobile,South America,6.27,0.32,0,3.73,2024-01-29,15,Monday,1.33,Not Converted
2024-01-29 15:15:00,user_957,Product,Tablet,Asia,231.24,0.62,0,4.11,2024-01-29,15,Monday,45.25,Not Converted
2024-01-29 15:30:00,user_916,Home,Mobile,Africa,492.03,0.16,0,9.6,2024-01-29,15,Monday,46.42,Not Converted
2024-01-29 15:45:00,user_882,Product,Mobile,South America,222.92,0.85,0,1.11,2024-01-29,15,Monday,105.65,Not Converted
2024-01-29 16:00:00,user_334,Login,Desktop,North America,362.92,0.81,0,7.85,2024-01-29,16,Monday,41.01,Not Converted
2024-01-29 16:15:00,user_642,Product,Mobile,South America,365.76,0.48,0,3.44,2024-01-29,16,Monday,82.38,Not Converted
2024-01-29 16:30:00,user_969,Checkout,Mobile,Asia,222.19,0.85,0,0.87,2024-01-29,16,Monday,118.82,Not Converted
2024-01-29 16:45:00,user_511,Home,Mobile,Europe,543.16,0.25,0,7.55,2024-01-29,16,Monday,63.53,Not Converted
2024-01-29 17:00:00,user_293,Product,Desktop,Europe,304.42,0.02,0,3.64,2024-01-29,17,Monday,65.61,Not Converted
2024-01-29 17:15:00,user_20,Home,Tablet,Europe,281.55,0.62,0,7.36,2024-01-29,17,Monday,33.68,Not Converted
2024-01-29 17:30:00,user_282,Home,Tablet,North America,598.52,0.46,0,7.22,2024-01-29,17,Monday,72.81,Not Converted
2024-01-29 17:45:00,user_797,Login,Mobile,Asia,298.63,0.57,0,5.58,2024-01-29,17,Monday,45.38,Not Converted
2024-01-29 18:00:00,user_1,Login,Desktop,Africa,294.4,0.9,0,7.89,2024-01-29,18,Monday,33.12,Not Converted
2024-01-29 18:15:00,user_119,Checkout,Mobile,Europe,310.28,0.97,0,6.02,2024-01-29,18,Monday,44.2,Not Converted
2024-01-29 18:30:00,user_35,Search,Tablet,Asia,294.4,0.63,0,3.22,2024-01-29,18,Monday,69.76,Not Converted
2024-01-29 18:45:00,user_198,Help,Desktop,South America,467.23,0.76,1,7.47,2024-01-29,18,Monday,55.16,Converted
2024-01-29 19:00:00,user_485,Home,Tablet,North America,474.21,0.08,0,6.1,2024-01-29,19,Monday,66.79,Not Converted
2024-01-29 19:15:00,user_757,Search,Tablet,Asia,426.27,0.16,0,0.62,2024-01-29,19,Monday,263.13,Not Converted
2024-01-29 19:30:00,user_59,Help,Desktop,Asia,156.26,0.73,0,9.07,2024-01-29,19,Monday,15.52,Not Converted
2024-01-29 19:45:00,user_837,Help,Desktop,Africa,517.94,0.43,0,5.68,2024-01-29,19,Monday,77.54,Not Converted
2024-01-29 20:00:00,user_161,Checkout,Mobile,Asia,536.6,0.45,0,8.75,2024-01-29,20,Monday,55.04,Not Converted
2024-01-29 20:15:00,user_691,Help,Mobile,Africa,120.52,0.31,0,8.89,2024-01-29,20,Monday,12.19,Not Converted
2024-01-29 20:30:00,user_206,Help,Tablet,North America,82.62,0.61,0,4.73,2024-01-29,20,Monday,14.42,Not Converted
2024-01-29 20:45:00,user_12,Home,Desktop,North America,585.48,0.19,0,5.32,2024-01-29,20,Monday,92.64,Not Converted
2024-01-29 21:00:00,user_490,Home,Desktop,South America,521.65,0.63,0,4.45,2024-01-29,21,Monday,95.72,Not Converted
2024-01-29 21:15:00,user_276,Profile,Mobile,Africa,536.48,0.17,0,4.77,2024-01-29,21,Monday,92.98,Not Converted
2024-01-29 21:30:00,user_693,Search,Tablet,Africa,532.39,0.06,0,9.0,2024-01-29,21,Monday,53.24,Not Converted
2024-01-29 21:45:00,user_242,Product,Tablet,Europe,327.3,0.33,0,7.99,2024-01-29,21,Monday,36.41,Not Converted
2024-01-29 22:00:00,user_216,Login,Unknown,Europe,389.61,0.23,0,1.7,2024-01-29,22,Monday,144.3,Not Converted
2024-01-29 22:15:00,user_251,Product,Desktop,South America,329.49,0.89,0,6.3,2024-01-29,22,Monday,45.14,Not Converted
2024-01-29 22:30:00,user_811,Search,Mobile,North America,35.47,0.05,0,9.96,2024-01-29,22,Monday,3.24,Not Converted
2024-01-29 22:45:00,user_126,Login,Mobile,Europe,448.57,0.18,0,6.16,2024-01-29,22,Monday,62.65,Not Converted
2024-01-29 23:00:00,user_994,Product,Unknown,Asia,305.67,0.55,0,7.97,2024-01-29,23,Monday,34.08,Not Converted
2024-01-29 23:15:00,user_217,Profile,Mobile,North America,390.39,0.49,1,5.46,2024-01-29,23,Monday,60.43,Converted
2024-01-29 23:30:00,user_306,Login,Desktop,Asia,304.07,0.05,0,3.83,2024-01-29,23,Monday,62.95,Not Converted
2024-01-29 23:45:00,user_797,Home,Mobile,Africa,297.63,0.01,1,4.03,2024-01-29,23,Monday,59.17,Converted
2024-01-30 00:00:00,user_185,Product,Desktop,North America,107.21,0.99,0,7.38,2024-01-30,0,Tuesday,12.79,Not Converted
2024-01-30 00:15:00,user_39,Login,Mobile,South America,170.83,0.66,0,5.25,2024-01-30,0,Tuesday,27.33,Not Converted
2024-01-30 00:30:00,user_223,Profile,Tablet,Africa,99.52,0.37,0,5.92,2024-01-30,0,Tuesday,14.38,Not Converted
2024-01-30 00:45:00,user_184,Help,Desktop,Africa,121.42,0.47,0,7.27,2024-01-30,0,Tuesday,14.68,Not Converted
2024-01-30 01:00:00,user_495,Login,Tablet,Asia,583.92,0.27,0,7.89,2024-01-30,1,Tuesday,65.68,Not Converted
2024-01-30 01:15:00,user_427,Login,Mobile,Africa,96.1,0.34,0,3.08,2024-01-30,1,Tuesday,23.55,Not Converted
2024-01-30 01:30:00,user_178,Profile,Mobile,Europe,165.22,0.65,0,1.89,2024-01-30,1,Tuesday,57.17,Not Converted
2024-01-30 01:45:00,user_919,Help,Mobile,North America,356.4,0.88,0,3.27,2024-01-30,1,Tuesday,83.47,Not Converted
2024-01-30 02:00:00,user_428,Product,Desktop,Europe,368.06,0.18,0,5.32,2024-01-30,2,Tuesday,58.24,Not Converted
2024-01-30 02:15:00,user_294,Checkout,Tablet,Asia,96.61,0.84,1,3.75,2024-01-30,2,Tuesday,20.34,Converted
2024-01-30 02:30:00,user_852,Product,Desktop,Asia,294.4,0.12,0,5.9,2024-01-30,2,Tuesday,42.67,Not Converted
2024-01-30 02:45:00,user_151,Help,Desktop,North America,472.2,0.21,0,1.01,2024-01-30,2,Tuesday,234.93,Not Converted
2024-01-30 03:00:00,user_384,Search,Mobile,Africa,146.2,0.04,0,5.34,2024-01-30,3,Tuesday,23.06,Not Converted
2024-01-30 03:15:00,user_638,Profile,Tablet,South America,176.76,0.14,0,5.46,2024-01-30,3,Tuesday,27.36,Not Converted
2024-01-30 03:30:00,user_813,Product,Mobile,Asia,563.1,0.92,0,5.58,2024-01-30,3,Tuesday,85.58,Not Converted
2024-01-30 03:45:00,user_308,Login,Desktop,North America,496.27,0.46,0,4.51,2024-01-30,3,Tuesday,90.07,Not Converted
2024-01-30 04:00:00,user_336,Profile,Mobile,South America,420.19,0.08,1,3.2,2024-01-30,4,Tuesday,100.05,Converted
2024-01-30 04:15:00,user_946,Home,Tablet,Africa,53.93,0.96,0,9.09,2024-01-30,4,Tuesday,5.34,Not Converted
2024-01-30 04:30:00,user_746,Help,Mobile,Asia,253.87,0.88,0,2.26,2024-01-30,4,Tuesday,77.87,Not Converted
2024-01-30 04:45:00,user_892,Product,Tablet,North America,337.78,0.75,0,6.97,2024-01-30,4,Tuesday,42.38,Not Converted
2024-01-30 05:00:00,user_375,Profile,Tablet,North America,116.51,0.93,0,9.28,2024-01-30,5,Tuesday,11.33,Not Converted
2024-01-30 05:15:00,user_8,Product,Mobile,North America,271.69,0.22,0,5.62,2024-01-30,5,Tuesday,41.04,Not Converted
2024-01-30 05:30:00,user_341,Profile,Desktop,Asia,362.61,0.84,0,8.83,2024-01-30,5,Tuesday,36.89,Not Converted
2024-01-30 05:45:00,user_129,Login,Mobile,South America,294.4,0.69,0,1.69,2024-01-30,5,Tuesday,109.44,Not Converted
2024-01-30 06:00:00,user_776,Home,Desktop,North America,469.66,0.87,0,5.19,2024-01-30,6,Tuesday,75.87,Not Converted
2024-01-30 06:15:00,user_669,Home,Desktop,Africa,505.07,0.8,0,5.46,2024-01-30,6,Tuesday,78.18,Not Converted
2024-01-30 06:30:00,user_352,Search,Mobile,North America,197.55,0.35,0,0.58,2024-01-30,6,Tuesday,125.03,Not Converted
2024-01-30 06:45:00,user_358,Profile,Desktop,South America,504.0,0.77,0,4.71,2024-01-30,6,Tuesday,88.27,Not Converted
2024-01-30 07:00:00,user_517,Product,Desktop,Asia,66.63,0.26,0,4.01,2024-01-30,7,Tuesday,13.3,Not Converted
2024-01-30 07:15:00,user_495,Home,Unknown,North America,503.45,0.33,0,6.86,2024-01-30,7,Tuesday,64.05,Not Converted
2024-01-30 07:30:00,user_86,Help,Mobile,North America,95.89,0.11,0,9.41,2024-01-30,7,Tuesday,9.21,Not Converted
2024-01-30 07:45:00,user_175,Home,Mobile,Africa,54.34,0.94,0,1.32,2024-01-30,7,Tuesday,23.42,Not Converted
2024-01-30 08:00:00,user_802,Checkout,Desktop,Africa,386.86,0.29,0,3.61,2024-01-30,8,Tuesday,83.92,Not Converted
2024-01-30 08:15:00,user_193,Checkout,Tablet,North America,285.8,0.52,0,4.72,2024-01-30,8,Tuesday,49.97,Not Converted
2024-01-30 08:30:00,user_311,Home,Desktop,North America,545.19,0.49,0,4.82,2024-01-30,8,Tuesday,93.68,Not Converted
2024-01-30 08:45:00,user_119,Profile,Tablet,Africa,221.1,0.96,0,7.86,2024-01-30,8,Tuesday,24.95,Not Converted
2024-01-30 09:00:00,user_218,Search,Mobile,South America,175.86,0.34,0,4.71,2024-01-30,9,Tuesday,30.8,Not Converted
2024-01-30 09:15:00,user_427,Home,Tablet,Europe,302.94,0.49,0,0.76,2024-01-30,9,Tuesday,172.12,Not Converted
2024-01-30 09:30:00,user_970,Login,Mobile,Europe,276.29,0.86,0,7.25,2024-01-30,9,Tuesday,33.49,Not Converted
2024-01-30 09:45:00,user_414,Product,Mobile,North America,209.93,0.44,0,8.91,2024-01-30,9,Tuesday,21.18,Not Converted
2024-01-30 10:00:00,user_114,Search,Tablet,Africa,417.78,0.38,0,5.38,2024-01-30,10,Tuesday,65.48,Not Converted
2024-01-30 10:15:00,user_978,Login,Mobile,Asia,456.94,0.75,0,6.02,2024-01-30,10,Tuesday,65.09,Not Converted
2024-01-30 10:30:00,user_145,Search,Tablet,Asia,512.53,0.91,0,2.05,2024-01-30,10,Tuesday,168.04,Not Converted
2024-01-30 10:45:00,user_538,Login,Mobile,Europe,583.85,0.75,0,2.6,2024-01-30,10,Tuesday,162.18,Not Converted
2024-01-30 11:00:00,user_648,Product,Desktop,South America,163.66,0.23,0,2.73,2024-01-30,11,Tuesday,43.88,Not Converted
2024-01-30 11:15:00,user_303,Product,Desktop,Europe,431.08,0.89,1,4.59,2024-01-30,11,Tuesday,77.12,Converted
2024-01-30 11:30:00,user_744,Checkout,Mobile,North America,239.58,0.39,0,9.32,2024-01-30,11,Tuesday,23.22,Not Converted
2024-01-30 11:45:00,user_881,Profile,Mobile,South America,407.86,0.58,0,5.46,2024-01-30,11,Tuesday,63.14,Not Converted
2024-01-30 12:00:00,user_588,Login,Tablet,Asia,294.4,0.83,1,2.32,2024-01-30,12,Tuesday,88.67,Converted
2024-01-30 12:15:00,user_987,Checkout,Desktop,Africa,596.29,0.19,0,3.03,2024-01-30,12,Tuesday,147.96,Not Converted
2024-01-30 12:30:00,user_840,Login,Tablet,Africa,438.7,0.78,0,4.15,2024-01-30,12,Tuesday,85.18,Not Converted
2024-01-30 12:45:00,user_345,Checkout,Mobile,North America,571.73,0.6,0,6.42,2024-01-30,12,Tuesday,77.05,Not Converted
2024-01-30 13:00:00,user_814,Product,Mobile,Europe,501.81,0.89,0,4.68,2024-01-30,13,Tuesday,88.35,Not Converted
2024-01-30 13:15:00,user_964,Search,Unknown,North America,542.23,0.17,0,4.23,2024-01-30,13,Tuesday,103.68,Not Converted
2024-01-30 13:30:00,user_801,Help,Mobile,Africa,489.58,0.42,0,5.86,2024-01-30,13,Tuesday,71.37,Not Converted
2024-01-30 13:45:00,user_1,Checkout,Desktop,Asia,278.2,0.83,1,2.8,2024-01-30,13,Tuesday,73.21,Converted
2024-01-30 14:00:00,user_147,Login,Tablet,Africa,154.81,0.02,0,1.25,2024-01-30,14,Tuesday,68.8,Not Converted
2024-01-30 14:15:00,user_287,Login,Desktop,South America,225.34,0.11,0,0.73,2024-01-30,14,Tuesday,130.25,Not Converted
2024-01-30 14:30:00,user_976,Help,Desktop,Africa,17.04,0.99,0,2.89,2024-01-30,14,Tuesday,4.38,Not Converted
2024-01-30 14:45:00,user_654,Profile,Desktop,Africa,316.78,0.28,0,1.37,2024-01-30,14,Tuesday,133.66,Not Converted
2024-01-30 15:00:00,user_53,Product,Tablet,South America,305.51,0.98,0,3.7,2024-01-30,15,Tuesday,65.0,Not Converted
2024-01-30 15:15:00,user_304,Login,Mobile,Europe,317.52,0.18,0,7.84,2024-01-30,15,Tuesday,35.92,Not Converted
2024-01-30 15:30:00,user_69,Home,Desktop,Africa,584.55,0.36,0,7.3,2024-01-30,15,Tuesday,70.43,Not Converted
2024-01-30 15:45:00,user_361,Search,Desktop,North America,547.32,0.75,0,6.3,2024-01-30,15,Tuesday,74.98,Not Converted
2024-01-30 16:00:00,user_602,Checkout,Desktop,Africa,101.22,0.66,0,8.6,2024-01-30,16,Tuesday,10.54,Not Converted
2024-01-30 16:15:00,user_958,Profile,Mobile,North America,224.49,0.58,0,3.18,2024-01-30,16,Tuesday,53.71,Not Converted
2024-01-30 16:30:00,user_220,Help,Mobile,South America,257.25,0.53,0,8.91,2024-01-30,16,Tuesday,25.96,Not Converted
2024-01-30 16:45:00,user_962,Search,Tablet,Africa,219.52,0.84,0,4.29,2024-01-30,16,Tuesday,41.5,Not Converted
2024-01-30 17:00:00,user_704,Product,Mobile,South America,480.11,0.23,0,5.46,2024-01-30,17,Tuesday,74.32,Not Converted
2024-01-30 17:15:00,user_966,Profile,Tablet,South America,316.8,0.44,0,4.35,2024-01-30,17,Tuesday,59.21,Not Converted
2024-01-30 17:30:00,user_575,Checkout,Unknown,Europe,345.4,0.49,0,1.43,2024-01-30,17,Tuesday,142.14,Not Converted
2024-01-30 17:45:00,user_585,Checkout,Tablet,Africa,512.54,0.49,0,9.77,2024-01-30,17,Tuesday,47.59,Not Converted
2024-01-30 18:00:00,user_161,Help,Tablet,North America,484.53,0.25,0,1.82,2024-01-30,18,Tuesday,171.82,Not Converted
2024-01-30 18:15:00,user_681,Home,Tablet,North America,83.67,0.33,0,3.74,2024-01-30,18,Tuesday,17.65,Not Converted
2024-01-30 18:30:00,user_89,Help,Desktop,Africa,294.4,0.49,0,3.53,2024-01-30,18,Tuesday,64.99,Not Converted
2024-01-30 18:45:00,user_688,Product,Mobile,Europe,264.08,0.03,0,1.21,2024-01-30,18,Tuesday,119.49,Not Converted
2024-01-30 19:00:00,user_781,Profile,Desktop,Europe,180.32,0.09,0,1.95,2024-01-30,19,Tuesday,61.13,Not Converted
2024-01-30 19:15:00,user_585,Profile,Tablet,Europe,34.76,0.69,0,0.93,2024-01-30,19,Tuesday,18.01,Not Converted
2024-01-30 19:30:00,user_757,Login,Mobile,North America,294.91,0.43,0,3.28,2024-01-30,19,Tuesday,68.9,Not Converted
2024-01-30 19:45:00,user_589,Home,Desktop,South America,216.48,0.86,0,8.73,2024-01-30,19,Tuesday,22.25,Not Converted
2024-01-30 20:00:00,user_159,Home,Desktop,Europe,154.65,0.69,0,3.72,2024-01-30,20,Tuesday,32.76,Not Converted
2024-01-30 20:15:00,user_489,Profile,Tablet,North America,418.33,0.01,0,1.68,2024-01-30,20,Tuesday,156.09,Not Converted
2024-01-30 20:30:00,user_971,Profile,Desktop,North America,294.4,0.62,0,6.63,2024-01-30,20,Tuesday,38.58,Not Converted
2024-01-30 20:45:00,user_324,Search,Desktop,South America,150.65,0.09,0,9.97,2024-01-30,20,Tuesday,13.73,Not Converted
2024-01-30 21:00:00,user_610,Search,Desktop,Africa,34.42,0.78,0,2.71,2024-01-30,21,Tuesday,9.28,Not Converted
2024-01-30 21:15:00,user_381,Search,Desktop,Africa,510.01,0.99,0,3.16,2024-01-30,21,Tuesday,122.6,Not Converted
2024-01-30 21:30:00,user_102,Home,Desktop,Europe,10.93,0.53,1,9.73,2024-01-30,21,Tuesday,1.02,Converted
2024-01-30 21:45:00,user_494,Login,Tablet,Europe,562.58,0.68,0,2.2,2024-01-30,21,Tuesday,175.81,Not Converted
2024-01-30 22:00:00,user_644,Checkout,Tablet,South America,378.43,0.24,1,5.36,2024-01-30,22,Tuesday,59.5,Converted
2024-01-30 22:15:00,user_614,Search,Desktop,Europe,196.5,0.44,0,5.46,2024-01-30,22,Tuesday,30.42,Not Converted
2024-01-30 22:30:00,user_19,Login,Tablet,South America,151.65,0.86,0,5.46,2024-01-30,22,Tuesday,23.48,Not Converted
2024-01-30 22:45:00,user_454,Help,Tablet,North America,10.36,0.17,0,9.82,2024-01-30,22,Tuesday,0.96,Not Converted
2024-01-30 23:00:00,user_482,Product,Mobile,Europe,145.11,0.27,0,8.24,2024-01-30,23,Tuesday,15.7,Not Converted
2024-01-30 23:15:00,user_594,Search,Unknown,North America,86.95,0.45,0,3.49,2024-01-30,23,Tuesday,19.37,Not Converted
2024-01-30 23:30:00,user_397,Help,Tablet,Asia,369.24,0.49,0,4.33,2024-01-30,23,Tuesday,69.28,Not Converted
2024-01-30 23:45:00,user_279,Checkout,Tablet,South America,104.09,0.38,0,2.8,2024-01-30,23,Tuesday,27.39,Not Converted
2024-01-31 00:00:00,user_851,Product,Desktop,Asia,319.53,0.93,0,8.96,2024-01-31,0,Wednesday,32.08,Not Converted
2024-01-31 00:15:00,user_365,Product,Mobile,Europe,356.12,0.09,0,9.19,2024-01-31,0,Wednesday,34.95,Not Converted
2024-01-31 00:30:00,user_331,Checkout,Desktop,North America,182.33,0.37,0,4.48,2024-01-31,0,Wednesday,33.27,Not Converted
2024-01-31 00:45:00,user_641,Search,Mobile,Europe,25.86,0.71,0,6.74,2024-01-31,0,Wednesday,3.34,Not Converted
2024-01-31 01:00:00,user_344,Home,Desktop,Asia,27.17,0.23,0,2.07,2024-01-31,1,Wednesday,8.85,Not Converted
2024-01-31 01:15:00,user_822,Checkout,Unknown,Europe,20.68,0.49,0,4.63,2024-01-31,1,Wednesday,3.67,Not Converted
2024-01-31 01:30:00,user_455,Checkout,Unknown,Africa,444.78,0.16,0,6.5,2024-01-31,1,Wednesday,59.3,Not Converted
2024-01-31 01:45:00,user_601,Checkout,Unknown,Asia,194.22,0.06,0,5.46,2024-01-31,1,Wednesday,30.07,Not Converted
2024-01-31 02:00:00,user_725,Product,Mobile,Europe,478.8,0.12,0,3.9,2024-01-31,2,Wednesday,97.71,Not Converted
2024-01-31 02:15:00,user_655,Login,Mobile,North America,261.88,0.93,0,0.51,2024-01-31,2,Wednesday,173.43,Not Converted
2024-01-31 02:30:00,user_65,Help,Tablet,Europe,274.53,0.55,0,8.14,2024-01-31,2,Wednesday,30.04,Not Converted
2024-01-31 02:45:00,user_76,Home,Desktop,North America,310.17,0.8,0,8.95,2024-01-31,2,Wednesday,31.17,Not Converted
2024-01-31 03:00:00,user_711,Search,Mobile,Africa,429.25,0.33,0,9.71,2024-01-31,3,Wednesday,40.08,Not Converted
2024-01-31 03:15:00,user_143,Search,Mobile,Europe,167.73,0.59,0,7.33,2024-01-31,3,Wednesday,20.14,Not Converted
2024-01-31 03:30:00,user_917,Help,Mobile,Africa,294.4,0.49,0,5.46,2024-01-31,3,Wednesday,45.57,Not Converted
2024-01-31 03:45:00,user_915,Login,Desktop,Asia,335.85,0.95,0,3.06,2024-01-31,3,Wednesday,82.72,Not Converted
2024-01-31 04:00:00,user_828,Checkout,Tablet,North America,199.55,0.75,0,9.99,2024-01-31,4,Wednesday,18.16,Not Converted
2024-01-31 04:15:00,user_605,Home,Mobile,Asia,268.28,0.49,0,6.1,2024-01-31,4,Wednesday,37.79,Not Converted
2024-01-31 04:30:00,user_473,Search,Desktop,North America,389.93,0.05,0,6.97,2024-01-31,4,Wednesday,48.92,Not Converted
2024-01-31 04:45:00,user_417,Help,Mobile,Africa,299.0,0.55,0,6.98,2024-01-31,4,Wednesday,37.47,Not Converted
2024-01-31 05:00:00,user_305,Profile,Mobile,South America,374.07,0.47,0,8.53,2024-01-31,5,Wednesday,39.25,Not Converted
2024-01-31 05:15:00,user_736,Help,Tablet,Europe,328.8,0.93,1,0.59,2024-01-31,5,Wednesday,206.79,Converted
2024-01-31 05:30:00,user_497,Search,Mobile,Africa,445.18,0.26,0,2.59,2024-01-31,5,Wednesday,124.01,Not Converted
2024-01-31 05:45:00,user_291,Checkout,Mobile,North America,425.03,0.27,0,5.46,2024-01-31,5,Wednesday,65.79,Not Converted
2024-01-31 06:00:00,user_940,Profile,Desktop,North America,322.84,0.41,0,9.0,2024-01-31,6,Wednesday,32.28,Not Converted
2024-01-31 06:15:00,user_102,Login,Desktop,North America,408.95,0.24,0,7.01,2024-01-31,6,Wednesday,51.05,Not Converted
2024-01-31 06:30:00,user_986,Home,Tablet,North America,524.77,0.13,0,4.43,2024-01-31,6,Wednesday,96.64,Not Converted
2024-01-31 06:45:00,user_267,Login,Desktop,Europe,262.2,0.86,0,3.93,2024-01-31,6,Wednesday,53.18,Not Converted
2024-01-31 07:00:00,user_867,Login,Desktop,Asia,250.59,0.56,0,7.51,2024-01-31,7,Wednesday,29.45,Not Converted
2024-01-31 07:15:00,user_968,Help,Tablet,South America,459.73,0.86,0,7.54,2024-01-31,7,Wednesday,53.83,Not Converted
2024-01-31 07:30:00,user_622,Home,Mobile,Europe,351.62,0.83,0,6.27,2024-01-31,7,Wednesday,48.37,Not Converted
2024-01-31 07:45:00,user_974,Home,Tablet,North America,47.25,0.28,0,3.27,2024-01-31,7,Wednesday,11.07,Not Converted
2024-01-31 08:00:00,user_842,Search,Desktop,Europe,535.81,0.55,0,9.29,2024-01-31,8,Wednesday,52.07,Not Converted
2024-01-31 08:15:00,user_962,Search,Tablet,Africa,23.32,0.08,1,5.74,2024-01-31,8,Wednesday,3.46,Converted
2024-01-31 08:30:00,user_942,Home,Mobile,North America,450.3,0.92,0,5.46,2024-01-31,8,Wednesday,69.71,Not Converted
2024-01-31 08:45:00,user_777,Profile,Tablet,South America,456.48,0.4,0,2.54,2024-01-31,8,Wednesday,128.95,Not Converted
2024-01-31 09:00:00,user_3,Product,Desktop,North America,572.1,0.39,0,3.77,2024-01-31,9,Wednesday,119.94,Not Converted
2024-01-31 09:15:00,user_85,Search,Desktop,South America,37.21,0.3,0,8.81,2024-01-31,9,Wednesday,3.79,Not Converted
2024-01-31 09:30:00,user_794,Product,Tablet,South America,360.13,0.46,0,0.98,2024-01-31,9,Wednesday,181.88,Not Converted
2024-01-31 09:45:00,user_328,Help,Mobile,Asia,259.57,0.25,0,5.37,2024-01-31,9,Wednesday,40.75,Not Converted
2024-01-31 10:00:00,user_816,Profile,Tablet,Asia,201.73,0.37,0,5.08,2024-01-31,10,Wednesday,33.18,Not Converted
2024-01-31 10:15:00,user_450,Home,Mobile,Europe,58.74,0.8,0,7.64,2024-01-31,10,Wednesday,6.8,Not Converted
2024-01-31 10:30:00,user_454,Profile,Mobile,Europe,339.78,0.83,0,3.18,2024-01-31,10,Wednesday,81.29,Not Converted
2024-01-31 10:45:00,user_924,Search,Tablet,South America,290.03,0.3,0,2.58,2024-01-31,10,Wednesday,81.01,Not Converted
2024-01-31 11:00:00,user_629,Login,Mobile,North America,67.21,0.47,0,9.3,2024-01-31,11,Wednesday,6.53,Not Converted
2024-01-31 11:15:00,user_221,Help,Desktop,Africa,294.4,0.87,0,5.93,2024-01-31,11,Wednesday,42.48,Not Converted
2024-01-31 11:30:00,user_154,Home,Tablet,Africa,444.08,0.05,0,1.49,2024-01-31,11,Wednesday,178.35,Not Converted
2024-01-31 11:45:00,user_665,Checkout,Mobile,North America,461.53,0.89,0,2.33,2024-01-31,11,Wednesday,138.6,Not Converted
2024-01-31 12:00:00,user_12,Help,Unknown,North America,543.7,0.22,0,9.99,2024-01-31,12,Wednesday,49.47,Not Converted
2024-01-31 12:15:00,user_133,Product,Tablet,Asia,294.4,0.68,0,2.36,2024-01-31,12,Wednesday,87.62,Not Converted
2024-01-31 12:30:00,user_994,Profile,Desktop,Africa,572.08,0.58,1,5.46,2024-01-31,12,Wednesday,88.56,Converted
2024-01-31 12:45:00,user_304,Home,Desktop,South America,519.93,0.55,0,4.49,2024-01-31,12,Wednesday,94.7,Not Converted
2024-01-31 13:00:00,user_293,Help,Desktop,Europe,181.42,0.86,0,8.91,2024-01-31,13,Wednesday,18.31,Not Converted
2024-01-31 13:15:00,user_975,Profile,Mobile,Asia,99.77,0.1,0,7.67,2024-01-31,13,Wednesday,11.51,Not Converted
2024-01-31 13:30:00,user_300,Home,Tablet,Africa,264.06,0.35,0,6.17,2024-01-31,13,Wednesday,36.83,Not Converted
2024-01-31 13:45:00,user_740,Search,Tablet,North America,244.13,0.54,0,0.6,2024-01-31,13,Wednesday,152.58,Not Converted
2024-01-31 14:00:00,user_783,Help,Mobile,Africa,347.55,0.81,0,8.86,2024-01-31,14,Wednesday,35.25,Not Converted
2024-01-31 14:15:00,user_43,Search,Tablet,South America,352.11,0.22,1,4.72,2024-01-31,14,Wednesday,61.56,Converted
2024-01-31 14:30:00,user_944,Help,Desktop,Asia,451.24,0.8,1,9.35,2024-01-31,14,Wednesday,43.6,Converted
2024-01-31 14:45:00,user_343,Search,Tablet,North America,308.38,0.4,0,5.21,2024-01-31,14,Wednesday,49.66,Not Converted
2024-01-31 15:00:00,user_326,Profile,Mobile,South America,67.37,0.19,0,7.1,2024-01-31,15,Wednesday,8.32,Not Converted
2024-01-31 15:15:00,user_814,Checkout,Desktop,Europe,515.68,0.76,0,1.16,2024-01-31,15,Wednesday,238.74,Not Converted
2024-01-31 15:30:00,user_498,Help,Mobile,Asia,189.31,0.09,0,7.58,2024-01-31,15,Wednesday,22.06,Not Converted
2024-01-31 15:45:00,user_364,Help,Desktop,South America,582.92,0.51,0,3.71,2024-01-31,15,Wednesday,123.76,Not Converted
2024-01-31 16:00:00,user_891,Search,Desktop,South America,75.13,0.06,0,3.84,2024-01-31,16,Wednesday,15.52,Not Converted
2024-01-31 16:15:00,user_427,Home,Tablet,North America,575.16,0.36,0,1.63,2024-01-31,16,Wednesday,218.69,Not Converted
2024-01-31 16:30:00,user_21,Help,Desktop,Europe,59.15,0.6,0,1.9,2024-01-31,16,Wednesday,20.4,Not Converted
2024-01-31 16:45:00,user_407,Search,Mobile,South America,142.47,0.56,0,2.26,2024-01-31,16,Wednesday,43.7,Not Converted
2024-01-31 17:00:00,user_619,Login,Tablet,Asia,32.72,0.4,1,3.62,2024-01-31,17,Wednesday,7.08,Converted
2024-01-31 17:15:00,user_336,Search,Mobile,South America,424.54,0.43,1,8.97,2024-01-31,17,Wednesday,42.58,Converted
2024-01-31 17:30:00,user_815,Profile,Desktop,Africa,510.93,0.23,0,5.46,2024-01-31,17,Wednesday,79.09,Not Converted
2024-01-31 17:45:00,user_117,Checkout,Mobile,Asia,263.27,0.46,0,7.38,2024-01-31,17,Wednesday,31.42,Not Converted
2024-01-31 18:00:00,user_124,Login,Mobile,Asia,557.47,0.95,1,1.29,2024-01-31,18,Wednesday,243.44,Converted
2024-01-31 18:15:00,user_399,Profile,Desktop,South America,356.23,0.85,0,6.12,2024-01-31,18,Wednesday,50.03,Not Converted
2024-01-31 18:30:00,user_793,Profile,Tablet,North America,379.85,0.15,0,5.08,2024-01-31,18,Wednesday,62.48,Not Converted
2024-01-31 18:45:00,user_804,Profile,Mobile,Asia,508.02,0.03,0,9.79,2024-01-31,18,Wednesday,47.08,Not Converted
2024-01-31 19:00:00,user_715,Home,Desktop,Africa,181.6,0.93,0,8.54,2024-01-31,19,Wednesday,19.04,Not Converted
2024-01-31 19:15:00,user_51,Profile,Tablet,North America,215.79,0.53,0,4.82,2024-01-31,19,Wednesday,37.08,Not Converted
2024-01-31 19:30:00,user_783,Home,Tablet,North America,544.04,0.54,0,7.86,2024-01-31,19,Wednesday,61.4,Not Converted
2024-01-31 19:45:00,user_324,Profile,Tablet,North America,541.07,0.78,1,2.33,2024-01-31,19,Wednesday,162.48,Converted
2024-01-31 20:00:00,user_789,Product,Mobile,Asia,294.4,0.31,0,5.84,2024-01-31,20,Wednesday,43.04,Not Converted
2024-01-31 20:15:00,user_141,Login,Mobile,North America,541.59,0.48,0,1.21,2024-01-31,20,Wednesday,245.06,Not Converted
2024-01-31 20:30:00,user_470,Product,Mobile,South America,80.79,0.97,0,3.81,2024-01-31,20,Wednesday,16.8,Not Converted
2024-01-31 20:45:00,user_787,Profile,Tablet,North America,495.12,0.67,0,2.65,2024-01-31,20,Wednesday,135.65,Not Converted
2024-01-31 21:00:00,user_802,Login,Mobile,Africa,248.85,0.15,0,7.33,2024-01-31,21,Wednesday,29.87,Not Converted
2024-01-31 21:15:00,user_334,Login,Desktop,Europe,594.53,0.13,0,5.16,2024-01-31,21,Wednesday,96.51,Not Converted
2024-01-31 21:30:00,user_893,Help,Mobile,Africa,286.01,0.2,0,7.64,2024-01-31,21,Wednesday,33.1,Not Converted
2024-01-31 21:45:00,user_964,Checkout,Mobile,Asia,334.53,0.77,0,5.4,2024-01-31,21,Wednesday,52.27,Not Converted
2024-01-31 22:00:00,user_373,Product,Tablet,North America,320.22,0.3,0,1.32,2024-01-31,22,Wednesday,138.03,Not Converted
2024-01-31 22:15:00,user_564,Checkout,Mobile,North America,294.4,0.02,0,7.49,2024-01-31,22,Wednesday,34.68,Not Converted
2024-01-31 22:30:00,user_494,Login,Desktop,South America,49.64,0.94,0,8.42,2024-01-31,22,Wednesday,5.27,Not Converted
2024-01-31 22:45:00,user_539,Home,Unknown,North America,537.91,0.17,0,9.08,2024-01-31,22,Wednesday,53.36,Not Converted
2024-01-31 23:00:00,user_669,Login,Desktop,Africa,482.59,0.01,0,5.93,2024-01-31,23,Wednesday,69.64,Not Converted
2024-01-31 23:15:00,user_751,Checkout,Tablet,Asia,88.02,0.24,0,7.66,2024-01-31,23,Wednesday,10.16,Not Converted
2024-01-31 23:30:00,user_156,Product,Tablet,Europe,467.18,0.24,0,7.64,2024-01-31,23,Wednesday,54.07,Not Converted
2024-01-31 23:45:00,user_291,Profile,Mobile,North America,294.4,0.42,0,1.98,2024-01-31,23,Wednesday,98.79,Not Converted
2024-02-01 00:00:00,user_648,Help,Desktop,Europe,248.44,0.92,0,2.06,2024-02-01,0,Thursday,81.19,Not Converted
2024-02-01 00:15:00,user_144,Help,Unknown,North America,156.14,0.88,0,1.17,2024-02-01,0,Thursday,71.95,Not Converted
2024-02-01 00:30:00,user_106,Help,Mobile,Asia,516.54,0.46,0,3.54,2024-02-01,0,Thursday,113.78,Not Converted
2024-02-01 00:45:00,user_420,Profile,Tablet,Africa,421.61,0.41,0,5.0,2024-02-01,0,Thursday,70.27,Not Converted
2024-02-01 01:00:00,user_670,Help,Tablet,Asia,330.91,0.56,0,9.98,2024-02-01,1,Thursday,30.14,Not Converted
2024-02-01 01:15:00,user_658,Product,Tablet,Europe,367.69,0.24,0,4.59,2024-02-01,1,Thursday,65.78,Not Converted
2024-02-01 01:30:00,user_2,Profile,Tablet,North America,59.18,0.05,0,7.4,2024-02-01,1,Thursday,7.05,Not Converted
2024-02-01 01:45:00,user_945,Help,Tablet,Europe,286.98,0.94,0,7.09,2024-02-01,1,Thursday,35.47,Not Converted
2024-02-01 02:00:00,user_589,Profile,Tablet,Africa,120.25,0.19,0,2.44,2024-02-01,2,Thursday,34.96,Not Converted
2024-02-01 02:15:00,user_644,Checkout,Mobile,Asia,128.99,0.2,0,1.06,2024-02-01,2,Thursday,62.62,Not Converted
2024-02-01 02:30:00,user_90,Product,Unknown,Europe,398.48,0.47,0,5.69,2024-02-01,2,Thursday,59.56,Not Converted
2024-02-01 02:45:00,user_345,Search,Desktop,Europe,547.2,0.49,1,7.15,2024-02-01,2,Thursday,67.14,Converted
2024-02-01 03:00:00,user_350,Home,Mobile,Africa,245.24,0.02,0,9.98,2024-02-01,3,Thursday,22.34,Not Converted
2024-02-01 03:15:00,user_459,Help,Desktop,North America,128.61,0.15,0,3.91,2024-02-01,3,Thursday,26.19,Not Converted
2024-02-01 03:30:00,user_263,Home,Tablet,Europe,391.0,0.38,0,9.02,2024-02-01,3,Thursday,39.02,Not Converted
2024-02-01 03:45:00,user_351,Profile,Unknown,Africa,294.4,1.0,1,4.13,2024-02-01,3,Thursday,57.39,Converted
2024-02-01 04:00:00,user_108,Home,Tablet,North America,450.25,0.23,0,7.05,2024-02-01,4,Thursday,55.93,Not Converted
2024-02-01 04:15:00,user_586,Product,Tablet,North America,521.91,0.42,0,6.18,2024-02-01,4,Thursday,72.69,Not Converted
2024-02-01 04:30:00,user_39,Product,Mobile,Asia,324.25,0.56,0,1.0,2024-02-01,4,Thursday,162.12,Not Converted
2024-02-01 04:45:00,user_909,Login,Mobile,Africa,452.37,0.89,0,1.24,2024-02-01,4,Thursday,201.95,Not Converted
2024-02-01 05:00:00,user_159,Help,Tablet,North America,88.34,0.33,0,5.46,2024-02-01,5,Thursday,13.67,Not Converted
2024-02-01 05:15:00,user_583,Login,Mobile,Asia,212.22,0.13,0,4.02,2024-02-01,5,Thursday,42.27,Not Converted
2024-02-01 05:30:00,user_959,Home,Desktop,South America,236.78,0.49,0,7.59,2024-02-01,5,Thursday,27.56,Not Converted
2024-02-01 05:45:00,user_312,Search,Mobile,Africa,309.22,0.75,0,2.14,2024-02-01,5,Thursday,98.48,Not Converted
