Date,Region,Product_Category,Units_Sold,Revenue,Marketing_Spend,Customer_Satisfaction
2022-01-01 00:00:00.000000000,Asia,Home,715,19220.72,8960.82,7.9
2022-01-01 05:15:25.385077015,South America,Beauty,25,29032.07,7023.85,9.5
2022-01-01 10:30:50.770154030,North America,Sports,432,39704.15,7377.65,5.0
2022-01-01 15:46:16.155231046,Asia,Home,598,16553.53,2975.07,7.6
2022-01-01 21:01:41.540308061,Asia,Electronics,814,35950.14,3104.44,6.1
2022-01-02 02:17:06.925385077,South America,Beauty,602,7203.23,7851.55,6.8
2022-01-02 07:32:32.310462092,North America,Sports,414,14919.04,3037.39,5.7
2022-01-02 12:47:57.695539107,North America,Electronics,949,7663.18,5671.42,6.1
2022-01-02 18:03:23.080616123,Asia,Electronics,645,40655.91,2568.59,4.2
2022-01-02 23:18:48.465693138,Europe,Electronics,540,11521.14,8188.14,9.9
2022-01-03 04:34:13.850770154,Asia,Electronics,976,36011.48,1193.96,7.7
2022-01-03 09:49:39.235847169,Asia,Home,623,47193.27,8311.52,7.0
2022-01-03 15:05:04.620924184,Asia,Home,913,26624.72,6067.03,6.3
2022-01-03 20:20:30.006001200,Asia,Home,86,27231.45,1950.4,7.2
2022-01-04 01:35:55.391078215,South America,Sports,238,23321.16,5466.15,6.3
2022-01-04 06:51:20.776155231,North America,Sports,971,16631.56,2896.74,6.2
2022-01-04 12:06:46.161232246,South America,Sports,306,24044.92,3302.33,6.8
2022-01-04 17:22:11.546309261,South America,Clothing,519,30338.97,3580.13,5.7
2022-01-04 22:37:36.931386277,South America,Sports,724,49306.58,726.86,5.1
2022-01-05 03:53:02.316463292,Asia,Home,993,46919.35,9861.02,7.3
2022-01-05 09:08:27.701540308,Europe,Home,975,43176.57,412.19,9.1
2022-01-05 14:23:53.086617323,North America,Clothing,582,44511.96,6658.72,4.9
2022-01-05 19:39:18.471694338,Europe,Clothing,547,23658.53,3775.15,4.2
2022-01-06 00:54:43.856771354,South America,Sports,592,33043.49,6495.5,5.5
2022-01-06 06:10:09.241848369,South America,Beauty,624,44805.8,3626.86,9.9
2022-01-06 11:25:34.626925385,Europe,Clothing,988,19951.06,6770.13,9.0
2022-01-06 16:41:00.012002400,Europe,Electronics,335,48107.24,7319.43,7.6
2022-01-06 21:56:25.397079415,Europe,Home,372,21081.41,6936.47,9.6
2022-01-07 03:11:50.782156431,South America,Electronics,678,30253.59,1228.22,6.7
2022-01-07 08:27:16.167233446,South America,Home,884,35635.33,6603.24,9.9
2022-01-07 13:42:41.552310462,North America,Home,368,47554.3,2871.88,5.8
2022-01-07 18:58:06.937387477,North America,Clothing,715,12608.51,385.13,5.4
2022-01-08 00:13:32.322464492,South America,Clothing,796,37433.48,4206.82,7.8
2022-01-08 05:28:57.707541508,Europe,Electronics,333,26280.37,4392.08,6.3
2022-01-08 10:44:23.092618523,Europe,Home,707,13793.58,4725.02,7.8
2022-01-08 15:59:48.477695539,North America,Electronics,335,38942.04,7077.76,5.8
2022-01-08 21:15:13.862772554,South America,Beauty,634,27835.0,3157.55,7.7
2022-01-09 02:30:39.247849569,North America,Electronics,834,33218.2,3221.28,5.7
2022-01-09 07:46:04.632926585,North America,Sports,174,16483.6,699.47,4.3
2022-01-09 13:01:30.018003600,Asia,Electronics,582,24323.06,6899.53,9.5
2022-01-09 18:16:55.403080616,Asia,Sports,613,31059.04,5721.48,9.3
2022-01-09 23:32:20.788157631,Asia,Sports,807,20543.09,3559.31,9.8
2022-01-10 04:47:46.173234646,Europe,Sports,464,10319.44,7081.37,8.3
2022-01-10 10:03:11.558311662,South America,Beauty,978,48101.2,5419.84,8.1
2022-01-10 15:18:36.943388677,South America,Electronics,162,25817.64,4745.52,7.4
2022-01-10 20:34:02.328465693,South America,Electronics,746,36829.06,5162.11,4.8
2022-01-11 01:49:27.713542708,South America,Beauty,136,20846.84,6399.85,5.1
2022-01-11 07:04:53.098619723,Asia,Home,202,18079.02,6634.03,5.7
2022-01-11 12:20:18.483696739,Europe,Clothing,636,20654.63,2960.68,9.3
2022-01-11 17:35:43.868773754,Europe,Electronics,783,20755.23,1493.36,5.0
2022-01-11 22:51:09.253850770,Asia,Clothing,539,27436.92,1650.68,9.5
2022-01-12 04:06:34.638927785,Europe,Beauty,19,27401.76,6429.97,7.1
2022-01-12 09:22:00.024004800,Asia,Home,101,25109.11,8741.45,8.3
2022-01-12 14:37:25.409081816,South America,Home,148,7171.9,4154.01,4.7
2022-01-12 19:52:50.794158831,Asia,Home,490,25055.74,1778.25,5.6
2022-01-13 01:08:16.179235847,South America,Beauty,458,8870.64,7590.36,9.8
2022-01-13 06:23:41.564312862,South America,Sports,342,6743.72,8341.65,5.6
2022-01-13 11:39:06.949389877,North America,Sports,878,46665.96,8817.77,5.8
2022-01-13 16:54:32.334466893,Asia,Clothing,349,30445.03,6107.63,5.2
2022-01-13 22:09:57.719543908,North America,Sports,970,33144.76,8621.21,4.8
2022-01-14 03:25:23.104620924,Asia,Sports,61,20388.79,252.61,5.4
2022-01-14 08:40:48.489697939,Asia,Home,716,45494.55,1161.63,7.9
2022-01-14 13:56:13.874774955,North America,Home,475,32077.56,1016.5,6.7
2022-01-14 19:11:39.259851970,North America,Clothing,727,38573.91,7154.79,7.3
2022-01-15 00:27:04.644928985,Asia,Electronics,808,18743.84,788.86,4.7
2022-01-15 05:42:30.030006001,Europe,Clothing,484,48020.59,5014.01,8.8
2022-01-15 10:57:55.415083016,South America,Clothing,410,41112.83,4779.8,8.7
2022-01-15 16:13:20.800160032,North America,Beauty,448,42770.45,3175.96,4.1
2022-01-15 21:28:46.185237047,South America,Beauty,887,9023.62,8717.01,6.3
2022-01-16 02:44:11.570314062,Europe,Clothing,614,13912.68,1787.29,4.4
2022-01-16 07:59:36.955391078,Europe,Clothing,941,14638.52,3589.38,8.8
2022-01-16 13:15:02.340468093,Europe,Clothing,931,13910.01,7764.3,8.4
2022-01-16 18:30:27.725545109,North America,Sports,830,42842.7,401.18,9.4
2022-01-16 23:45:53.110622124,Europe,Beauty,666,2078.3,6762.21,5.4
2022-01-17 05:01:18.495699139,North America,Clothing,607,4266.95,8182.34,6.7
2022-01-17 10:16:43.880776155,Europe,Home,518,14058.79,9329.45,5.1
2022-01-17 15:32:09.265853170,South America,Home,162,10393.71,8775.34,6.2
2022-01-17 20:47:34.650930186,South America,Sports,523,11977.05,3261.9,7.1
2022-01-18 02:03:00.036007201,Asia,Sports,512,39998.19,5905.0,4.3
2022-01-18 07:18:25.421084216,South America,Electronics,863,28374.77,865.21,8.3
2022-01-18 12:33:50.806161232,Asia,Electronics,910,785.65,2652.91,7.3
2022-01-18 17:49:16.191238247,South America,Electronics,781,21751.48,1032.8,9.0
2022-01-18 23:04:41.576315263,North America,Sports,685,20690.3,3220.35,5.6
2022-01-19 04:20:06.961392278,South America,Sports,15,6140.29,8764.35,9.4
2022-01-19 09:35:32.346469293,Asia,Sports,509,33969.02,3536.95,10.0
2022-01-19 14:50:57.731546309,Asia,Home,670,35253.81,5662.79,9.5
2022-01-19 20:06:23.116623324,Europe,Sports,726,36184.21,4390.47,8.7
2022-01-20 01:21:48.501700340,North America,Home,127,36559.31,4643.27,8.9
2022-01-20 06:37:13.886777355,South America,Electronics,494,502.61,9698.76,7.4
2022-01-20 11:52:39.271854370,Europe,Electronics,610,47719.08,3031.93,5.1
2022-01-20 17:08:04.656931386,South America,Electronics,675,40803.33,6310.51,8.1
2022-01-20 22:23:30.042008401,South America,Clothing,960,45247.09,4258.62,8.3
2022-01-21 03:38:55.427085417,Europe,Clothing,688,1274.34,705.35,9.9
2022-01-21 08:54:20.812162432,Europe,Beauty,477,46726.01,4944.38,7.2
2022-01-21 14:09:46.197239447,Europe,Beauty,170,40584.53,8152.1,5.6
2022-01-21 19:25:11.582316463,Europe,Beauty,279,41942.35,1077.65,8.1
2022-01-22 00:40:36.967393478,Europe,Clothing,65,5117.73,788.96,9.9
2022-01-22 05:56:02.352470494,South America,Clothing,237,37069.51,1620.95,5.1
2022-01-22 11:11:27.737547509,Europe,Beauty,858,48015.88,7667.56,6.0
2022-01-22 16:26:53.122624524,North America,Beauty,158,34088.09,7267.55,7.3
2022-01-22 21:42:18.507701540,Asia,Sports,55,28742.79,5693.68,5.0
2022-01-23 02:57:43.892778555,Europe,Beauty,153,47308.67,4735.44,4.1
2022-01-23 08:13:09.277855571,Europe,Sports,759,22425.39,8894.43,6.0
2022-01-23 13:28:34.662932586,South America,Home,793,30165.03,7690.31,9.2
2022-01-23 18:44:00.048009601,Europe,Clothing,641,24078.75,8138.23,4.3
2022-01-23 23:59:25.433086617,Europe,Beauty,349,46675.89,8151.3,6.6
2022-01-24 05:14:50.818163632,Europe,Clothing,422,4266.19,6462.9,8.6
2022-01-24 10:30:16.203240648,South America,Clothing,741,25305.43,4634.34,9.7
2022-01-24 15:45:41.588317663,Europe,Clothing,529,34504.15,8660.31,9.9
2022-01-24 21:01:06.973394678,Asia,Home,353,39699.37,9267.47,6.5
2022-01-25 02:16:32.358471694,South America,Electronics,396,29359.42,335.68,9.7
2022-01-25 07:31:57.743548709,Asia,Beauty,482,45491.43,610.39,4.2
2022-01-25 12:47:23.128625725,South America,Electronics,284,47128.58,9591.56,8.5
2022-01-25 18:02:48.513702740,Europe,Electronics,362,3683.8,2843.89,7.9
2022-01-25 23:18:13.898779755,Asia,Electronics,75,20417.34,8746.36,5.5
2022-01-26 04:33:39.283856771,South America,Clothing,88,1661.22,3949.07,7.0
2022-01-26 09:49:04.668933786,North America,Sports,607,16806.12,1279.09,4.8
2022-01-26 15:04:30.054010802,Europe,Clothing,645,27074.98,896.39,9.2
2022-01-26 20:19:55.439087817,South America,Clothing,211,45584.35,1649.43,6.1
2022-01-27 01:35:20.824164833,North America,Electronics,987,42404.44,2573.94,7.8
2022-01-27 06:50:46.209241848,South America,Clothing,671,6811.24,4936.33,5.0
2022-01-27 12:06:11.594318863,North America,Electronics,567,5105.0,7044.83,5.2
2022-01-27 17:21:36.979395879,Europe,Sports,122,29668.73,9865.35,10.0
2022-01-27 22:37:02.364472894,Asia,Beauty,100,26839.84,4470.92,8.5
2022-01-28 03:52:27.749549910,North America,Electronics,150,13685.69,5230.03,9.8
2022-01-28 09:07:53.134626925,South America,Sports,298,45022.93,5265.98,5.8
2022-01-28 14:23:18.519703940,Europe,Beauty,910,46404.64,5440.4,5.0
2022-01-28 19:38:43.904780956,North America,Home,739,20429.27,5225.63,7.0
2022-01-29 00:54:09.289857971,South America,Electronics,598,44569.98,186.87,7.0
2022-01-29 06:09:34.674934987,South America,Electronics,420,19505.47,117.08,5.0
2022-01-29 11:25:00.060012002,South America,Home,386,36972.43,1066.9,8.4
2022-01-29 16:40:25.445089017,North America,Home,393,24059.14,1105.41,6.2
2022-01-29 21:55:50.830166033,North America,Electronics,855,6567.87,7078.48,5.1
2022-01-30 03:11:16.215243048,North America,Home,161,46432.74,2128.67,6.0
2022-01-30 08:26:41.600320064,Asia,Clothing,844,22977.78,8957.67,7.4
2022-01-30 13:42:06.985397079,North America,Beauty,760,36857.11,9293.2,8.4
2022-01-30 18:57:32.370474094,North America,Beauty,636,18675.1,9761.34,6.9
2022-01-31 00:12:57.755551110,North America,Beauty,328,1434.6,9396.9,7.2
2022-01-31 05:28:23.140628125,Asia,Clothing,378,5476.25,2791.69,4.8
2022-01-31 10:43:48.525705141,North America,Home,615,25062.86,5146.79,9.5
2022-01-31 15:59:13.910782156,South America,Sports,569,34653.24,1837.0,9.6
2022-01-31 21:14:39.295859171,North America,Home,712,17069.4,8081.48,8.1
2022-02-01 02:30:04.680936187,South America,Electronics,471,34926.68,8895.47,4.1
2022-02-01 07:45:30.066013202,South America,Beauty,21,35082.46,8527.76,7.2
2022-02-01 13:00:55.451090218,South America,Home,165,35344.83,4390.33,7.8
2022-02-01 18:16:20.836167233,Asia,Sports,693,24879.83,7610.87,10.0
2022-02-01 23:31:46.221244248,Asia,Electronics,486,45786.86,1066.03,10.0
2022-02-02 04:47:11.606321264,Asia,Clothing,948,24715.23,498.42,9.1
2022-02-02 10:02:36.991398279,North America,Clothing,410,22788.13,7557.04,4.4
2022-02-02 15:18:02.376475295,South America,Sports,817,10369.35,4311.02,9.7
2022-02-02 20:33:27.761552310,Asia,Electronics,186,15728.93,9955.94,7.7
2022-02-03 01:48:53.146629326,Asia,Beauty,350,2595.56,1062.82,8.8
2022-02-03 07:04:18.531706341,North America,Home,66,31860.0,8570.71,6.4
2022-02-03 12:19:43.916783356,Asia,Electronics,864,12802.52,4851.83,5.9
2022-02-03 17:35:09.301860372,North America,Clothing,861,15555.69,8288.79,6.8
2022-02-03 22:50:34.686937387,Europe,Sports,457,38655.32,8189.56,4.9
2022-02-04 04:06:00.072014403,Asia,Sports,212,16697.45,9168.32,6.1
2022-02-04 09:21:25.457091418,Europe,Home,706,12488.7,3048.72,9.1
2022-02-04 14:36:50.842168433,North America,Sports,642,8868.36,9503.01,4.2
2022-02-04 19:52:16.227245449,South America,Sports,747,38855.49,1601.5,4.9
2022-02-05 01:07:41.612322464,Asia,Electronics,211,6920.46,911.49,4.8
2022-02-05 06:23:06.997399480,North America,Beauty,339,22960.81,4372.99,6.4
2022-02-05 11:38:32.382476495,South America,Home,372,25593.04,8300.4,10.0
2022-02-05 16:53:57.767553510,South America,Electronics,901,34525.8,4786.87,5.0
2022-02-05 22:09:23.152630526,Europe,Beauty,463,31847.53,8309.94,4.9
2022-02-06 03:24:48.537707541,North America,Electronics,365,40630.67,7323.9,9.5
2022-02-06 08:40:13.922784557,South America,Electronics,225,2715.2,2173.34,9.3
2022-02-06 13:55:39.307861572,Asia,Sports,981,15173.82,9493.93,4.2
2022-02-06 19:11:04.692938587,Asia,Beauty,564,14366.64,701.73,8.5
2022-02-07 00:26:30.078015603,Europe,Home,896,7727.84,8992.97,7.9
2022-02-07 05:41:55.463092618,South America,Home,32,14814.32,3113.99,8.6
2022-02-07 10:57:20.848169634,North America,Beauty,164,15833.38,5051.47,7.0
2022-02-07 16:12:46.233246649,Asia,Sports,195,26333.28,4281.28,9.9
2022-02-07 21:28:11.618323664,South America,Clothing,258,33353.37,1801.16,4.3
2022-02-08 02:43:37.003400680,South America,Electronics,758,19364.48,3645.65,5.4
2022-02-08 07:59:02.388477695,Europe,Sports,814,36113.78,2010.05,6.4
2022-02-08 13:14:27.773554711,Asia,Beauty,143,17140.18,2118.48,6.7
2022-02-08 18:29:53.158631726,Asia,Electronics,330,14869.04,1951.86,9.5
2022-02-08 23:45:18.543708741,North America,Home,399,27288.81,4941.27,7.4
2022-02-09 05:00:43.928785757,Asia,Clothing,443,1673.96,7999.52,4.3
2022-02-09 10:16:09.313862772,North America,Home,31,4449.56,5732.8,6.4
2022-02-09 15:31:34.698939788,Asia,Beauty,882,21189.49,8942.75,6.5
2022-02-09 20:47:00.084016803,Europe,Electronics,609,47174.18,6401.79,9.8
2022-02-10 02:02:25.469093818,Asia,Beauty,674,36214.83,6924.47,7.6
2022-02-10 07:17:50.854170834,North America,Electronics,134,4862.27,6709.31,7.8
2022-02-10 12:33:16.239247849,North America,Sports,88,42392.74,4549.65,8.3
2022-02-10 17:48:41.624324865,Europe,Clothing,867,36748.89,6924.45,8.6
2022-02-10 23:04:07.009401880,Asia,Sports,977,30741.85,790.11,7.8
2022-02-11 04:19:32.394478895,Asia,Sports,60,41104.5,8612.53,5.4
2022-02-11 09:34:57.779555911,Europe,Beauty,737,20503.44,7800.34,9.2
2022-02-11 14:50:23.164632926,Asia,Clothing,185,11464.3,2527.78,8.4
2022-02-11 20:05:48.549709942,Asia,Electronics,879,25845.16,7703.52,8.5
2022-02-12 01:21:13.934786957,North America,Electronics,262,27667.67,225.16,10.0
2022-02-12 06:36:39.319863972,Asia,Home,975,27147.16,2250.74,8.8
2022-02-12 11:52:04.704940988,Asia,Electronics,255,28471.15,744.86,9.0
2022-02-12 17:07:30.090018003,Europe,Beauty,748,47460.89,7824.25,9.7
2022-02-12 22:22:55.475095019,Europe,Sports,115,45161.16,7583.15,4.9
2022-02-13 03:38:20.860172034,South America,Sports,202,43847.99,8155.0,7.0
2022-02-13 08:53:46.245249049,North America,Sports,325,40170.13,144.37,7.5
2022-02-13 14:09:11.630326065,Asia,Clothing,311,47199.69,5062.2,6.0
2022-02-13 19:24:37.015403080,Asia,Electronics,557,5375.48,7077.88,9.0
2022-02-14 00:40:02.400480096,South America,Beauty,963,13623.6,1638.47,8.6
2022-02-14 05:55:27.785557111,Asia,Clothing,725,25005.27,6532.93,8.3
2022-02-14 11:10:53.170634126,North America,Home,943,42403.46,932.69,10.0
2022-02-14 16:26:18.555711142,South America,Beauty,788,25505.7,1895.13,5.6
2022-02-14 21:41:43.940788157,North America,Beauty,277,37527.72,4810.39,8.4
2022-02-15 02:57:09.325865173,South America,Beauty,179,7378.52,6570.3,7.3
2022-02-15 08:12:34.710942188,South America,Sports,560,12994.48,1544.1,5.9
2022-02-15 13:28:00.096019203,Europe,Beauty,464,36722.92,1933.71,5.0
2022-02-15 18:43:25.481096219,North America,Electronics,660,8654.33,2124.02,9.4
2022-02-15 23:58:50.866173234,Asia,Beauty,301,17892.12,2463.14,7.6
2022-02-16 05:14:16.251250250,Asia,Sports,573,13610.88,2342.88,8.9
2022-02-16 10:29:41.636327265,North America,Beauty,808,17818.15,4011.98,7.3
2022-02-16 15:45:07.021404280,Asia,Home,810,35562.04,6572.52,5.3
2022-02-16 21:00:32.406481296,Asia,Home,150,18708.44,4436.51,6.0
2022-02-17 02:15:57.791558311,North America,Sports,155,27985.53,7782.14,6.3
2022-02-17 07:31:23.176635327,South America,Electronics,434,5446.63,7220.76,9.8
2022-02-17 12:46:48.561712342,North America,Electronics,323,40348.38,1352.62,4.0
2022-02-17 18:02:13.946789357,South America,Clothing,193,18809.49,583.53,9.9
2022-02-17 23:17:39.331866373,Asia,Sports,673,32602.44,8791.62,9.9
2022-02-18 04:33:04.716943388,Asia,Beauty,722,36406.79,890.33,10.0
2022-02-18 09:48:30.102020404,Asia,Sports,137,10878.22,1568.56,6.9
2022-02-18 15:03:55.487097419,Europe,Clothing,296,44291.41,319.12,9.8
2022-02-18 20:19:20.872174434,South America,Sports,832,31003.1,6320.53,6.4
2022-02-19 01:34:46.257251450,Europe,Sports,262,21721.89,5865.47,4.2
2022-02-19 06:50:11.642328465,Europe,Clothing,787,9525.59,9870.35,5.3
2022-02-19 12:05:37.027405481,North America,Electronics,709,47143.9,8880.63,9.7
2022-02-19 17:21:02.412482496,Europe,Beauty,395,37875.88,4167.35,4.1
2022-02-19 22:36:27.797559511,North America,Clothing,239,10797.22,3778.7,7.3
2022-02-20 03:51:53.182636527,North America,Home,280,17216.68,3038.84,4.5
2022-02-20 09:07:18.567713542,Europe,Electronics,780,40578.88,1608.83,5.7
2022-02-20 14:22:43.952790558,South America,Home,820,34936.04,1467.03,4.5
2022-02-20 19:38:09.337867573,South America,Electronics,424,38406.32,1409.61,9.2
2022-02-21 00:53:34.722944588,South America,Beauty,207,22339.45,1229.74,7.5
2022-02-21 06:09:00.108021604,South America,Beauty,332,35965.58,2481.07,9.4
2022-02-21 11:24:25.493098619,South America,Sports,65,19631.44,3136.02,8.1
2022-02-21 16:39:50.878175635,Europe,Home,840,10957.51,9619.63,9.8
2022-02-21 21:55:16.263252650,Europe,Electronics,212,31817.51,5826.89,7.1
2022-02-22 03:10:41.648329666,Asia,Beauty,792,48812.69,9877.2,7.8
2022-02-22 08:26:07.033406681,South America,Clothing,630,15874.75,3787.42,7.5
2022-02-22 13:41:32.418483697,Europe,Beauty,637,23317.99,4630.5,6.9
2022-02-22 18:56:57.803560712,Asia,Clothing,613,33863.07,3313.33,9.1
2022-02-23 00:12:23.188637727,South America,Electronics,147,27304.56,1910.59,7.9
2022-02-23 05:27:48.573714743,North America,Beauty,431,42249.68,1517.33,8.8
2022-02-23 10:43:13.958791758,Asia,Beauty,824,38206.26,9456.28,8.7
2022-02-23 15:58:39.343868774,Europe,Electronics,66,3385.71,9869.43,5.1
2022-02-23 21:14:04.728945789,North America,Beauty,571,49921.85,544.6,7.9
2022-02-24 02:29:30.114022804,North America,Clothing,80,37743.92,1588.42,5.2
2022-02-24 07:44:55.499099820,North America,Beauty,920,43263.21,4292.89,7.5
2022-02-24 13:00:20.884176835,Asia,Home,923,32734.29,1944.7,8.1
2022-02-24 18:15:46.269253851,Europe,Sports,603,42886.11,3702.42,10.0
2022-02-24 23:31:11.654330866,North America,Clothing,381,6062.96,1378.05,4.2
2022-02-25 04:46:37.039407881,South America,Home,626,17713.02,4619.47,4.5
2022-02-25 10:02:02.424484897,North America,Electronics,609,43882.84,2789.78,4.5
2022-02-25 15:17:27.809561912,North America,Clothing,523,10481.93,3583.86,6.4
2022-02-25 20:32:53.194638928,Asia,Sports,881,4372.98,1033.7,8.9
2022-02-26 01:48:18.579715943,Asia,Sports,93,39511.89,4338.47,9.1
2022-02-26 07:03:43.964792958,Europe,Electronics,52,41856.56,9834.25,8.4
2022-02-26 12:19:09.349869974,South America,Electronics,675,8551.28,3355.45,9.4
2022-02-26 17:34:34.734946989,Asia,Clothing,848,42790.13,8776.65,5.9
2022-02-26 22:50:00.120024005,North America,Beauty,943,34495.01,8447.67,4.5
2022-02-27 04:05:25.505101020,Europe,Electronics,615,26244.09,9525.38,4.3
2022-02-27 09:20:50.890178035,North America,Beauty,819,41597.38,7922.08,9.1
2022-02-27 14:36:16.275255051,North America,Home,142,21252.84,6630.01,8.4
2022-02-27 19:51:41.660332066,Asia,Sports,404,10102.7,8580.19,8.2
2022-02-28 01:07:07.045409082,Europe,Beauty,74,14600.21,848.88,6.0
2022-02-28 06:22:32.430486097,South America,Sports,299,25505.62,4682.02,6.3
2022-02-28 11:37:57.815563112,South America,Beauty,385,26800.87,9893.64,9.7
2022-02-28 16:53:23.200640128,Asia,Home,778,40376.25,7719.04,4.4
2022-02-28 22:08:48.585717143,Asia,Electronics,476,39671.96,9624.55,8.6
2022-03-01 03:24:13.970794159,Europe,Home,907,29277.64,7818.38,5.9
2022-03-01 08:39:39.355871174,South America,Electronics,222,39148.88,8761.33,4.2
2022-03-01 13:55:04.740948189,South America,Electronics,157,9992.79,7094.64,8.5
2022-03-01 19:10:30.126025205,South America,Sports,582,2978.19,7628.97,6.0
2022-03-02 00:25:55.511102220,North America,Home,480,43744.87,5279.46,8.3
2022-03-02 05:41:20.896179236,South America,Beauty,158,4239.95,9249.95,8.2
2022-03-02 10:56:46.281256251,North America,Home,97,12711.08,8267.89,7.2
2022-03-02 16:12:11.666333266,Europe,Sports,333,34918.29,8454.46,8.7
2022-03-02 21:27:37.051410282,North America,Electronics,904,20767.67,6762.79,7.5
2022-03-03 02:43:02.436487297,Europe,Sports,405,43877.54,3115.34,5.7
2022-03-03 07:58:27.821564313,South America,Clothing,799,15250.0,452.73,8.4
2022-03-03 13:13:53.206641328,South America,Clothing,413,1087.63,9362.99,7.5
2022-03-03 18:29:18.591718343,Europe,Beauty,91,15382.45,5902.59,4.1
2022-03-03 23:44:43.976795359,Asia,Sports,650,29114.71,3051.62,9.4
2022-03-04 05:00:09.361872374,Europe,Beauty,295,19108.95,1576.44,7.3
2022-03-04 10:15:34.746949390,Asia,Beauty,391,26976.2,8312.28,9.2
2022-03-04 15:31:00.132026405,North America,Clothing,874,43891.61,8381.55,9.3
2022-03-04 20:46:25.517103420,North America,Beauty,801,45668.01,8163.63,6.7
2022-03-05 02:01:50.902180436,North America,Clothing,279,13665.72,6486.32,7.0
2022-03-05 07:17:16.287257451,South America,Electronics,301,23375.95,3723.55,6.5
2022-03-05 12:32:41.672334467,North America,Sports,462,27682.63,3110.3,6.7
2022-03-05 17:48:07.057411482,Asia,Beauty,724,47481.07,184.69,9.4
2022-03-05 23:03:32.442488497,North America,Clothing,33,49931.56,8352.71,8.7
2022-03-06 04:18:57.827565513,Europe,Home,965,12152.66,965.58,4.8
2022-03-06 09:34:23.212642528,Europe,Beauty,872,36485.5,6344.47,7.7
2022-03-06 14:49:48.597719544,South America,Electronics,320,19212.54,5090.34,10.0
2022-03-06 20:05:13.982796559,Europe,Electronics,470,901.36,5314.22,7.6
2022-03-07 01:20:39.367873574,Asia,Home,217,958.0,9274.46,8.7
2022-03-07 06:36:04.752950590,North America,Clothing,801,23298.02,412.99,8.6
2022-03-07 11:51:30.138027605,South America,Beauty,726,24672.58,7756.58,6.1
2022-03-07 17:06:55.523104621,North America,Clothing,673,1617.2,615.32,6.2
2022-03-07 22:22:20.908181636,North America,Electronics,447,34502.91,477.72,8.3
2022-03-08 03:37:46.293258652,Asia,Clothing,547,15053.17,4355.2,7.0
2022-03-08 08:53:11.678335667,Europe,Electronics,715,28214.71,724.44,7.4
2022-03-08 14:08:37.063412682,Europe,Clothing,345,15395.49,7912.53,8.3
2022-03-08 19:24:02.448489698,North America,Home,431,8773.15,5342.67,8.7
2022-03-09 00:39:27.833566713,South America,Sports,759,20655.1,387.48,5.6
2022-03-09 05:54:53.218643729,Europe,Home,330,11997.53,500.96,4.9
2022-03-09 11:10:18.603720744,South America,Home,506,26972.65,6165.42,5.8
2022-03-09 16:25:43.988797759,Europe,Sports,596,10342.01,8080.51,7.0
2022-03-09 21:41:09.373874775,South America,Sports,956,25666.1,4434.22,6.1
2022-03-10 02:56:34.758951790,Asia,Beauty,172,8290.24,5590.35,7.4
2022-03-10 08:12:00.144028806,South America,Beauty,820,33713.25,8018.31,4.3
2022-03-10 13:27:25.529105821,Asia,Home,550,37819.92,6144.01,7.1
2022-03-10 18:42:50.914182836,Asia,Home,174,5964.51,2325.13,6.2
2022-03-10 23:58:16.299259852,South America,Electronics,858,23656.22,6169.22,7.2
2022-03-11 05:13:41.684336867,Asia,Electronics,707,4008.15,6319.97,6.5
2022-03-11 10:29:07.069413883,North America,Beauty,575,30110.03,7367.66,5.7
2022-03-11 15:44:32.454490898,Asia,Beauty,304,13588.01,6246.65,9.4
2022-03-11 20:59:57.839567913,Europe,Electronics,51,26617.41,9695.5,5.1
2022-03-12 02:15:23.224644929,South America,Electronics,933,26114.32,2053.15,8.1
2022-03-12 07:30:48.609721944,North America,Clothing,294,46255.54,9515.8,9.5
2022-03-12 12:46:13.994798960,South America,Clothing,948,27679.62,5429.56,7.2
2022-03-12 18:01:39.379875975,Europe,Electronics,396,29358.42,6752.37,9.3
2022-03-12 23:17:04.764952990,Europe,Clothing,147,20381.83,1084.67,4.7
2022-03-13 04:32:30.150030006,Europe,Sports,196,47479.44,3867.7,7.0
2022-03-13 09:47:55.535107021,Asia,Beauty,919,38970.7,7716.85,6.7
2022-03-13 15:03:20.920184037,Asia,Beauty,725,14627.56,7098.42,4.0
2022-03-13 20:18:46.305261052,South America,Electronics,440,42288.37,497.38,6.7
2022-03-14 01:34:11.690338067,South America,Home,563,21903.62,5511.28,6.2
2022-03-14 06:49:37.075415083,North America,Electronics,871,41519.02,973.95,8.0
2022-03-14 12:05:02.460492098,North America,Clothing,425,41232.96,9958.98,9.6
2022-03-14 17:20:27.845569114,South America,Home,809,9849.07,8983.24,4.5
2022-03-14 22:35:53.230646129,Asia,Clothing,435,35206.49,308.7,6.0
2022-03-15 03:51:18.615723144,Europe,Sports,425,14886.83,8600.63,6.7
2022-03-15 09:06:44.000800160,South America,Clothing,35,15225.89,9202.35,6.7
2022-03-15 14:22:09.385877175,North America,Sports,380,15169.23,3600.13,8.6
2022-03-15 19:37:34.770954191,Asia,Sports,394,36415.63,7223.07,6.7
2022-03-16 00:53:00.156031206,South America,Clothing,65,11876.39,4476.83,4.2
2022-03-16 06:08:25.541108221,South America,Clothing,262,544.84,6586.8,8.3
2022-03-16 11:23:50.926185237,Asia,Sports,643,35904.22,3469.14,9.3
2022-03-16 16:39:16.311262252,South America,Home,115,8973.64,3293.34,7.1
2022-03-16 21:54:41.696339268,Asia,Sports,139,5671.88,4301.9,7.5
2022-03-17 03:10:07.081416283,Europe,Beauty,858,12257.05,1541.12,5.0
2022-03-17 08:25:32.466493298,Asia,Sports,679,19305.08,8328.28,5.3
2022-03-17 13:40:57.851570314,Asia,Home,385,24057.36,3552.11,5.4
2022-03-17 18:56:23.236647329,Asia,Beauty,752,2706.22,4061.48,6.6
2022-03-18 00:11:48.621724345,South America,Electronics,976,48543.38,8951.14,9.6
2022-03-18 05:27:14.006801360,South America,Electronics,317,35945.12,5016.58,7.1
2022-03-18 10:42:39.391878375,Asia,Home,100,16498.11,5488.11,5.2
2022-03-18 15:58:04.776955391,South America,Sports,402,16275.51,9569.33,5.6
2022-03-18 21:13:30.162032406,North America,Clothing,543,22702.86,8878.59,6.3
2022-03-19 02:28:55.547109422,North America,Home,811,31499.12,1777.72,7.7
2022-03-19 07:44:20.932186437,South America,Beauty,119,7745.47,4784.83,6.6
2022-03-19 12:59:46.317263452,South America,Beauty,570,9852.03,9715.83,6.4
2022-03-19 18:15:11.702340468,Asia,Electronics,650,43042.01,3786.43,7.4
2022-03-19 23:30:37.087417483,Europe,Beauty,594,13184.62,3778.57,5.5
2022-03-20 04:46:02.472494499,South America,Home,349,19319.65,2030.8,4.5
2022-03-20 10:01:27.857571514,North America,Beauty,574,43627.96,1231.8,4.1
2022-03-20 15:16:53.242648529,Asia,Home,988,33325.82,7429.02,5.5
2022-03-20 20:32:18.627725545,South America,Clothing,365,17414.74,7723.3,4.5
2022-03-21 01:47:44.012802560,North America,Electronics,901,34343.13,9693.23,6.0
2022-03-21 07:03:09.397879576,North America,Beauty,177,1474.32,7756.84,8.6
2022-03-21 12:18:34.782956591,Europe,Home,566,36914.31,2509.19,8.3
2022-03-21 17:34:00.168033606,Asia,Sports,461,24607.29,497.15,7.7
2022-03-21 22:49:25.553110622,Asia,Electronics,914,40752.52,9855.83,9.1
2022-03-22 04:04:50.938187637,Europe,Clothing,114,47754.56,3470.46,5.7
2022-03-22 09:20:16.323264653,Europe,Home,159,46326.53,3188.52,9.3
2022-03-22 14:35:41.708341668,Asia,Clothing,155,45508.62,9068.96,6.4
2022-03-22 19:51:07.093418683,Asia,Clothing,725,25852.41,5892.49,6.4
2022-03-23 01:06:32.478495699,South America,Beauty,883,18327.03,2227.22,6.4
2022-03-23 06:21:57.863572714,South America,Beauty,308,23519.25,8902.05,4.6
2022-03-23 11:37:23.248649730,Europe,Home,176,34649.85,9934.27,9.9
2022-03-23 16:52:48.633726745,South America,Sports,722,44257.89,958.12,4.8
2022-03-23 22:08:14.018803760,North America,Home,655,10745.82,8636.29,6.0
2022-03-24 03:23:39.403880776,South America,Sports,732,45950.56,3966.11,5.9
2022-03-24 08:39:04.788957791,South America,Clothing,57,40851.42,5288.32,4.4
2022-03-24 13:54:30.174034807,North America,Electronics,647,48953.37,9156.68,4.9
2022-03-24 19:09:55.559111822,Europe,Home,248,44072.46,9736.45,4.3
2022-03-25 00:25:20.944188837,North America,Home,16,14356.9,2695.42,5.8
2022-03-25 05:40:46.329265853,South America,Sports,473,5744.82,2207.22,9.2
2022-03-25 10:56:11.714342868,Europe,Clothing,462,6055.93,897.11,6.0
2022-03-25 16:11:37.099419884,South America,Clothing,793,14915.55,5661.8,4.7
2022-03-25 21:27:02.484496899,North America,Sports,906,30902.09,234.68,7.9
2022-03-26 02:42:27.869573914,North America,Clothing,380,40313.86,4177.79,10.0
2022-03-26 07:57:53.254650930,South America,Beauty,558,45012.89,826.5,5.4
2022-03-26 13:13:18.639727945,Asia,Electronics,496,31375.79,4111.74,5.7
2022-03-26 18:28:44.024804961,Asia,Home,220,778.75,495.33,9.8
2022-03-26 23:44:09.409881976,North America,Electronics,174,9722.68,8368.65,5.1
2022-03-27 04:59:34.794958992,North America,Home,134,5436.45,2176.42,7.1
2022-03-27 10:15:00.180036007,Asia,Beauty,346,18484.56,3350.26,5.4
2022-03-27 15:30:25.565113022,Asia,Clothing,201,25316.87,8713.48,9.6
2022-03-27 20:45:50.950190038,South America,Sports,739,2648.16,7488.03,9.9
2022-03-28 02:01:16.335267053,South America,Beauty,223,17749.66,2268.48,8.9
2022-03-28 07:16:41.720344069,Asia,Electronics,583,9369.39,811.8,5.9
2022-03-28 12:32:07.105421084,South America,Sports,337,32529.97,7185.17,6.4
2022-03-28 17:47:32.490498099,South America,Clothing,966,23481.48,3967.96,5.5
2022-03-28 23:02:57.875575115,Europe,Beauty,390,25018.22,7684.19,9.3
2022-03-29 04:18:23.260652130,South America,Sports,682,21670.74,4508.42,9.5
2022-03-29 09:33:48.645729146,North America,Beauty,587,47822.98,3525.42,6.5
2022-03-29 14:49:14.030806161,South America,Beauty,807,11129.39,4566.93,7.9
2022-03-29 20:04:39.415883176,South America,Clothing,248,26074.88,7510.73,5.0
2022-03-30 01:20:04.800960192,Asia,Home,541,36932.86,9031.98,6.6
2022-03-30 06:35:30.186037207,North America,Sports,709,28063.8,592.7,7.8
2022-03-30 11:50:55.571114223,South America,Clothing,91,46486.53,5288.7,6.3
2022-03-30 17:06:20.956191238,South America,Beauty,372,19209.43,425.07,6.1
2022-03-30 22:21:46.341268253,Europe,Clothing,514,23451.95,4737.25,4.0
2022-03-31 03:37:11.726345269,South America,Home,211,4881.85,8864.3,8.8
2022-03-31 08:52:37.111422284,South America,Sports,929,30645.46,3679.74,9.3
2022-03-31 14:08:02.496499300,Europe,Home,513,14766.49,9331.26,9.8
2022-03-31 19:23:27.881576315,Asia,Electronics,653,8435.3,6343.02,8.3
2022-04-01 00:38:53.266653330,South America,Sports,46,27454.3,9348.14,7.3
2022-04-01 05:54:18.651730346,Europe,Home,653,26849.36,7595.95,5.6
2022-04-01 11:09:44.036807361,North America,Beauty,598,4255.65,1124.01,10.0
2022-04-01 16:25:09.421884377,Asia,Sports,610,35061.66,2388.4,7.5
2022-04-01 21:40:34.806961392,North America,Sports,982,31376.72,4002.29,8.1
2022-04-02 02:56:00.192038407,North America,Clothing,411,9856.36,1784.06,8.1
2022-04-02 08:11:25.577115423,Europe,Beauty,774,23737.03,4999.62,9.1
2022-04-02 13:26:50.962192438,South America,Electronics,865,36155.98,4766.54,4.1
2022-04-02 18:42:16.347269454,Europe,Home,715,26707.07,9566.97,5.3
2022-04-02 23:57:41.732346469,Europe,Clothing,185,20076.71,4393.91,8.0
2022-04-03 05:13:07.117423484,Europe,Home,554,16455.75,7877.71,9.4
2022-04-03 10:28:32.502500500,Europe,Electronics,579,30714.5,9424.91,8.1
2022-04-03 15:43:57.887577515,Asia,Electronics,476,46985.88,8782.19,6.5
2022-04-03 20:59:23.272654531,South America,Sports,210,33751.37,2165.81,6.2
2022-04-04 02:14:48.657731546,North America,Electronics,549,4199.92,5010.7,8.4
2022-04-04 07:30:14.042808561,North America,Home,556,23303.91,3542.62,8.4
2022-04-04 12:45:39.427885577,South America,Beauty,646,44595.79,4058.6,7.6
2022-04-04 18:01:04.812962592,North America,Beauty,403,5175.89,3671.99,5.7
2022-04-04 23:16:30.198039608,South America,Sports,842,49449.35,8280.96,9.6
2022-04-05 04:31:55.583116623,North America,Home,51,47478.93,4576.18,7.3
2022-04-05 09:47:20.968193638,Europe,Home,606,4374.59,5284.57,8.7
2022-04-05 15:02:46.353270654,North America,Electronics,402,46703.96,9826.23,5.3
2022-04-05 20:18:11.738347669,South America,Home,709,18475.06,693.79,6.1
2022-04-06 01:33:37.123424685,South America,Clothing,632,42313.1,4930.78,9.2
2022-04-06 06:49:02.508501700,South America,Electronics,792,21209.98,7763.21,4.3
2022-04-06 12:04:27.893578715,South America,Clothing,450,22322.33,1596.5,7.1
2022-04-06 17:19:53.278655731,South America,Sports,846,31895.03,6154.16,6.9
2022-04-06 22:35:18.663732746,Asia,Beauty,626,38836.63,2470.7,8.5
2022-04-07 03:50:44.048809762,Asia,Sports,515,2172.56,8687.3,5.7
2022-04-07 09:06:09.433886777,North America,Beauty,927,29861.22,3338.29,5.3
2022-04-07 14:21:34.818963792,South America,Sports,329,9743.28,3357.72,9.6
2022-04-07 19:37:00.204040808,North America,Home,562,17624.5,6022.12,7.4
2022-04-08 00:52:25.589117823,South America,Clothing,224,17724.45,1917.27,4.6
2022-04-08 06:07:50.974194839,South America,Beauty,80,23718.49,2920.4,5.2
2022-04-08 11:23:16.359271854,Asia,Electronics,577,17039.75,4224.66,10.0
2022-04-08 16:38:41.744348869,Asia,Clothing,928,5814.38,3601.01,5.2
2022-04-08 21:54:07.129425885,Europe,Electronics,245,7708.62,5296.28,7.7
2022-04-09 03:09:32.514502900,Asia,Clothing,290,2155.18,6036.44,6.5
2022-04-09 08:24:57.899579916,Europe,Clothing,996,23777.33,5710.01,9.3
2022-04-09 13:40:23.284656931,Europe,Sports,626,47745.16,6576.27,8.5
2022-04-09 18:55:48.669733946,Europe,Beauty,911,6225.92,3146.72,7.6
2022-04-10 00:11:14.054810962,Europe,Beauty,896,47340.09,1351.62,4.1
2022-04-10 05:26:39.439887977,Europe,Clothing,171,36801.39,7631.99,9.3
2022-04-10 10:42:04.824964993,North America,Home,200,32056.19,8522.73,6.7
2022-04-10 15:57:30.210042008,Asia,Home,18,32441.25,2644.36,9.6
2022-04-10 21:12:55.595119023,Europe,Electronics,69,41423.02,4130.21,7.0
2022-04-11 02:28:20.980196039,South America,Electronics,902,5792.53,5035.84,8.2
2022-04-11 07:43:46.365273054,Asia,Sports,826,25485.34,5379.94,4.4
2022-04-11 12:59:11.750350070,Asia,Clothing,234,35006.01,6628.95,8.5
2022-04-11 18:14:37.135427085,Europe,Electronics,828,29547.61,511.87,6.0
2022-04-11 23:30:02.520504100,North America,Electronics,709,41722.56,7242.62,6.1
2022-04-12 04:45:27.905581116,Europe,Clothing,591,4077.45,713.51,4.7
2022-04-12 10:00:53.290658131,North America,Sports,814,34689.7,4736.06,4.9
2022-04-12 15:16:18.675735147,South America,Electronics,296,26934.37,8293.94,5.1
2022-04-12 20:31:44.060812162,Asia,Sports,178,19268.46,4567.03,6.0
2022-04-13 01:47:09.445889177,South America,Beauty,71,17343.61,1575.99,9.4
2022-04-13 07:02:34.830966193,North America,Sports,358,31231.22,9851.84,6.2
2022-04-13 12:18:00.216043208,North America,Home,451,44604.27,8903.93,8.3
2022-04-13 17:33:25.601120224,South America,Home,23,25060.71,7736.0,4.5
2022-04-13 22:48:50.986197239,North America,Sports,173,41323.8,4173.96,7.5
2022-04-14 04:04:16.371274255,South America,Home,429,20406.74,1920.07,6.9
2022-04-14 09:19:41.756351270,Asia,Beauty,766,5568.53,9419.97,9.9
2022-04-14 14:35:07.141428285,South America,Clothing,856,3544.53,5370.28,9.1
2022-04-14 19:50:32.526505301,Asia,Home,529,3041.05,8538.32,6.7
2022-04-15 01:05:57.911582316,South America,Home,675,19317.43,3486.74,8.7
2022-04-15 06:21:23.296659332,North America,Sports,557,17193.27,3419.35,5.2
2022-04-15 11:36:48.681736346,South America,Beauty,569,36037.88,9856.85,7.4
2022-04-15 16:52:14.066813362,North America,Clothing,606,37269.66,5266.15,4.4
2022-04-15 22:07:39.451890378,South America,Sports,37,3017.27,1492.88,6.1
2022-04-16 03:23:04.836967394,South America,Sports,717,11445.6,2274.78,5.4
2022-04-16 08:38:30.222044408,Europe,Beauty,455,14075.96,4871.25,8.3
2022-04-16 13:53:55.607121424,North America,Clothing,217,27606.79,520.46,6.9
2022-04-16 19:09:20.992198440,Europe,Beauty,479,7653.5,4679.09,8.5
2022-04-17 00:24:46.377275454,North America,Clothing,725,7130.09,4247.51,7.1
2022-04-17 05:40:11.762352470,Europe,Beauty,985,47217.55,7815.43,4.5
2022-04-17 10:55:37.147429486,Asia,Sports,828,40308.04,3613.93,8.4
2022-04-17 16:11:02.532506500,South America,Sports,113,9442.42,9827.23,9.0
2022-04-17 21:26:27.917583516,North America,Electronics,751,20625.11,1889.62,9.4
2022-04-18 02:41:53.302660532,North America,Home,435,18103.29,5950.77,7.4
2022-04-18 07:57:18.687737548,South America,Beauty,110,39654.7,988.02,8.5
2022-04-18 13:12:44.072814562,North America,Electronics,550,25755.54,7365.25,8.5
2022-04-18 18:28:09.457891578,North America,Home,648,6828.56,9948.06,4.9
2022-04-18 23:43:34.842968594,Europe,Beauty,859,37080.11,8209.47,5.0
2022-04-19 04:59:00.228045608,North America,Clothing,531,20145.95,5601.47,4.4
2022-04-19 10:14:25.613122624,Asia,Home,115,13514.75,4898.94,5.9
2022-04-19 15:29:50.998199640,Asia,Sports,688,19087.18,8366.8,6.8
2022-04-19 20:45:16.383276654,South America,Electronics,987,25138.95,9366.14,10.0
2022-04-20 02:00:41.768353670,North America,Home,778,17484.22,9893.14,6.6
2022-04-20 07:16:07.153430686,South America,Home,816,12474.34,4025.74,8.4
2022-04-20 12:31:32.538507702,Asia,Sports,286,20225.85,9910.08,8.2
2022-04-20 17:46:57.923584716,North America,Beauty,74,1449.06,1643.67,5.2
2022-04-20 23:02:23.308661732,North America,Clothing,792,38738.64,2610.14,4.4
2022-04-21 04:17:48.693738748,South America,Sports,909,8961.77,981.26,7.3
2022-04-21 09:33:14.078815762,Asia,Clothing,197,2673.28,2790.21,8.2
2022-04-21 14:48:39.463892778,North America,Beauty,326,32858.09,7702.58,10.0
2022-04-21 20:04:04.848969794,South America,Home,925,38809.84,8543.95,6.2
2022-04-22 01:19:30.234046808,Asia,Clothing,147,40784.54,7811.04,9.4
2022-04-22 06:34:55.619123824,South America,Electronics,352,24928.7,6347.55,6.3
2022-04-22 11:50:21.004200840,Europe,Electronics,114,10665.73,5188.27,8.1
2022-04-22 17:05:46.389277856,North America,Sports,555,36992.77,7116.17,7.6
2022-04-22 22:21:11.774354870,Europe,Beauty,389,35135.8,3969.25,4.3
2022-04-23 03:36:37.159431886,Asia,Sports,119,12690.4,8428.95,4.5
2022-04-23 08:52:02.544508902,Europe,Sports,953,45218.68,6804.18,4.1
2022-04-23 14:07:27.929585916,Europe,Sports,554,5666.39,7008.27,6.2
2022-04-23 19:22:53.314662932,Asia,Electronics,363,49143.07,5405.77,8.5
2022-04-24 00:38:18.699739948,South America,Electronics,752,43082.27,8863.77,5.0
2022-04-24 05:53:44.084816964,Europe,Sports,326,34550.98,2594.95,7.6
2022-04-24 11:09:09.469893978,South America,Electronics,275,46968.12,3873.36,5.7
2022-04-24 16:24:34.854970994,Europe,Beauty,703,36254.4,7798.66,8.8
2022-04-24 21:40:00.240048010,South America,Sports,861,9927.62,4978.21,8.8
2022-04-25 02:55:25.625125024,Asia,Electronics,74,22386.73,8903.22,8.7
2022-04-25 08:10:51.010202040,Europe,Clothing,342,4039.4,3529.35,7.1
2022-04-25 13:26:16.395279056,Asia,Sports,522,19788.04,3756.37,5.7
2022-04-25 18:41:41.780356070,Europe,Sports,142,37209.35,8898.48,8.9
2022-04-25 23:57:07.165433086,Asia,Beauty,601,19628.95,4697.27,5.1
2022-04-26 05:12:32.550510102,Asia,Home,792,16849.56,5209.63,5.7
2022-04-26 10:27:57.935587118,Europe,Home,762,29970.11,3394.36,5.1
2022-04-26 15:43:23.320664132,Europe,Beauty,549,43674.12,2839.03,8.0
2022-04-26 20:58:48.705741148,Europe,Beauty,744,2855.37,6593.89,8.1
2022-04-27 02:14:14.090818164,North America,Beauty,544,19580.79,1286.42,7.9
2022-04-27 07:29:39.475895178,South America,Home,505,8332.92,8804.8,6.5
2022-04-27 12:45:04.860972194,North America,Beauty,630,34920.04,7814.11,4.6
2022-04-27 18:00:30.246049210,North America,Electronics,628,5733.37,1988.41,9.5
2022-04-27 23:15:55.631126224,Asia,Sports,666,33407.98,6970.8,7.0
2022-04-28 04:31:21.016203240,Europe,Sports,378,14665.95,6066.07,6.4
2022-04-28 09:46:46.401280256,South America,Clothing,875,10346.38,1926.9,7.5
2022-04-28 15:02:11.786357272,Asia,Clothing,918,46849.45,2804.71,5.2
2022-04-28 20:17:37.171434286,North America,Sports,919,1416.97,4148.97,4.8
2022-04-29 01:33:02.556511302,Europe,Electronics,660,22169.97,7022.5,6.4
2022-04-29 06:48:27.941588318,Asia,Home,805,1570.54,6423.36,5.4
2022-04-29 12:03:53.326665332,Europe,Home,819,24437.86,5369.12,5.5
2022-04-29 17:19:18.711742348,Asia,Electronics,108,25301.85,7707.26,9.4
2022-04-29 22:34:44.096819364,Europe,Home,326,16422.29,7603.58,7.2
2022-04-30 03:50:09.481896378,North America,Beauty,132,7042.01,6216.81,6.9
2022-04-30 09:05:34.866973394,South America,Sports,329,19131.18,7891.2,8.1
2022-04-30 14:21:00.252050410,North America,Sports,808,33777.02,3409.21,9.7
2022-04-30 19:36:25.637127426,South America,Electronics,602,39228.59,8824.37,4.7
2022-05-01 00:51:51.022204440,Europe,Home,504,26772.15,6187.61,9.0
2022-05-01 06:07:16.407281456,Asia,Clothing,466,29696.8,8241.4,7.5
2022-05-01 11:22:41.792358472,North America,Clothing,531,10430.51,5508.16,4.9
2022-05-01 16:38:07.177435486,South America,Home,529,14722.85,2262.54,5.8
2022-05-01 21:53:32.562512502,North America,Clothing,926,8513.83,5469.86,6.9
2022-05-02 03:08:57.947589518,South America,Electronics,726,12840.12,3774.01,8.1
2022-05-02 08:24:23.332666532,North America,Electronics,324,11631.9,7005.24,5.5
2022-05-02 13:39:48.717743548,South America,Home,955,26212.71,4810.36,7.2
2022-05-02 18:55:14.102820564,South America,Clothing,718,28353.09,8377.52,8.1
2022-05-03 00:10:39.487897580,Europe,Electronics,719,47274.9,6812.92,6.7
2022-05-03 05:26:04.872974594,South America,Electronics,551,10180.75,6876.99,9.2
2022-05-03 10:41:30.258051610,Europe,Beauty,488,32262.95,2249.84,9.2
2022-05-03 15:56:55.643128626,South America,Beauty,922,40954.33,9844.07,6.8
2022-05-03 21:12:21.028205640,Asia,Electronics,980,28231.95,8432.58,9.8
2022-05-04 02:27:46.413282656,Asia,Home,29,13122.68,7911.15,4.5
2022-05-04 07:43:11.798359672,Asia,Sports,569,13496.24,3369.13,4.0
2022-05-04 12:58:37.183436686,South America,Sports,978,2443.03,5402.75,6.3
2022-05-04 18:14:02.568513702,Europe,Electronics,139,15619.49,1457.32,7.6
2022-05-04 23:29:27.953590718,Europe,Electronics,302,37357.88,5430.91,7.8
2022-05-05 04:44:53.338667734,South America,Electronics,906,2852.13,1544.3,6.9
2022-05-05 10:00:18.723744748,Asia,Home,141,11355.12,5575.07,4.7
2022-05-05 15:15:44.108821764,Asia,Beauty,365,35458.51,6522.35,5.0
2022-05-05 20:31:09.493898780,Europe,Electronics,63,39241.25,3962.94,9.1
2022-05-06 01:46:34.878975794,Asia,Electronics,899,23038.26,5035.59,9.2
2022-05-06 07:02:00.264052810,North America,Clothing,802,35054.68,8768.97,8.0
2022-05-06 12:17:25.649129826,Europe,Home,396,19703.63,1174.78,8.0
2022-05-06 17:32:51.034206840,Asia,Electronics,274,8415.71,7938.16,7.6
2022-05-06 22:48:16.419283856,Europe,Clothing,991,20208.4,1790.47,5.2
2022-05-07 04:03:41.804360872,North America,Sports,224,29208.41,463.41,6.6
2022-05-07 09:19:07.189437888,Europe,Electronics,469,47428.64,1937.19,8.2
2022-05-07 14:34:32.574514902,Europe,Electronics,467,3903.17,7673.93,7.2
2022-05-07 19:49:57.959591918,Europe,Clothing,811,25616.01,4110.75,4.1
2022-05-08 01:05:23.344668934,Europe,Home,52,16781.53,8737.95,9.7
2022-05-08 06:20:48.729745948,North America,Electronics,595,25661.43,5294.6,9.1
2022-05-08 11:36:14.114822964,South America,Sports,871,1686.78,320.28,5.6
2022-05-08 16:51:39.499899980,Europe,Electronics,287,15994.76,7195.46,7.7
2022-05-08 22:07:04.884976994,Europe,Sports,847,41083.47,1191.31,9.5
2022-05-09 03:22:30.270054010,Asia,Beauty,763,27920.12,7914.86,4.6
2022-05-09 08:37:55.655131026,Europe,Beauty,139,22803.83,1764.22,7.0
2022-05-09 13:53:21.040208042,Asia,Sports,359,14633.49,3519.92,6.7
2022-05-09 19:08:46.425285056,South America,Home,715,15253.1,7636.59,6.5
2022-05-10 00:24:11.810362072,North America,Electronics,553,19463.52,9546.89,9.0
2022-05-10 05:39:37.195439088,North America,Electronics,115,41860.75,3777.2,6.3
2022-05-10 10:55:02.580516102,South America,Beauty,921,48377.05,8311.06,4.4
2022-05-10 16:10:27.965593118,North America,Sports,725,22213.44,1988.84,4.4
2022-05-10 21:25:53.350670134,South America,Electronics,10,19970.97,8091.08,4.3
2022-05-11 02:41:18.735747148,South America,Electronics,766,42404.26,6609.19,6.5
2022-05-11 07:56:44.120824164,South America,Home,593,21631.81,2008.16,8.3
2022-05-11 13:12:09.505901180,North America,Clothing,441,27824.9,3094.79,5.2
2022-05-11 18:27:34.890978196,Asia,Beauty,315,11931.61,1404.53,7.9
2022-05-11 23:43:00.276055210,South America,Beauty,918,37303.38,3891.37,8.1
2022-05-12 04:58:25.661132226,Europe,Clothing,536,26833.42,2116.12,5.5
2022-05-12 10:13:51.046209242,North America,Electronics,62,40547.21,6475.58,7.6
2022-05-12 15:29:16.431286256,South America,Home,949,39146.27,9945.6,8.1
2022-05-12 20:44:41.816363272,South America,Home,529,11142.74,218.89,6.8
2022-05-13 02:00:07.201440288,Europe,Beauty,339,35923.96,5455.11,6.0
2022-05-13 07:15:32.586517304,Asia,Home,567,40102.69,5779.3,7.7
2022-05-13 12:30:57.971594318,Asia,Clothing,334,17632.31,9150.67,9.9
2022-05-13 17:46:23.356671334,Asia,Electronics,123,9044.15,5109.45,6.6
2022-05-13 23:01:48.741748350,South America,Clothing,156,630.29,5482.64,6.4
2022-05-14 04:17:14.126825364,South America,Sports,175,22819.73,4769.36,6.8
2022-05-14 09:32:39.511902380,South America,Beauty,388,17945.42,2762.15,4.5
2022-05-14 14:48:04.896979396,North America,Home,148,27968.04,654.69,7.3
2022-05-14 20:03:30.282056410,Europe,Sports,638,9808.03,4145.71,6.0
2022-05-15 01:18:55.667133426,South America,Home,308,43053.44,620.66,4.7
2022-05-15 06:34:21.052210442,Europe,Electronics,285,13258.88,5549.88,6.8
2022-05-15 11:49:46.437287458,Europe,Electronics,925,11708.27,3142.21,4.0
2022-05-15 17:05:11.822364472,Asia,Electronics,798,24295.35,5382.66,6.4
2022-05-15 22:20:37.207441488,North America,Home,859,25193.13,1429.54,4.6
2022-05-16 03:36:02.592518504,South America,Sports,834,11146.72,9333.04,4.1
2022-05-16 08:51:27.977595518,Asia,Electronics,187,13957.11,8955.76,8.9
2022-05-16 14:06:53.362672534,Asia,Sports,851,8900.41,1980.97,9.5
2022-05-16 19:22:18.747749550,South America,Home,363,36063.78,3500.1,5.2
2022-05-17 00:37:44.132826564,Europe,Sports,163,38619.41,6173.58,7.2
2022-05-17 05:53:09.517903580,Asia,Home,935,23385.26,1047.29,5.7
2022-05-17 11:08:34.902980596,Europe,Home,210,35847.31,3610.22,7.0
2022-05-17 16:24:00.288057612,North America,Beauty,887,36928.8,2586.01,6.6
2022-05-17 21:39:25.673134626,Europe,Home,124,7344.64,9163.62,5.6
2022-05-18 02:54:51.058211642,North America,Home,680,48325.81,8539.86,8.2
2022-05-18 08:10:16.443288658,Europe,Clothing,563,41141.08,5840.34,4.8
2022-05-18 13:25:41.828365672,Asia,Electronics,768,10621.93,5251.43,4.3
2022-05-18 18:41:07.213442688,Asia,Beauty,77,9715.17,9314.19,8.6
2022-05-18 23:56:32.598519704,North America,Beauty,454,6720.23,9331.04,8.0
2022-05-19 05:11:57.983596718,South America,Beauty,454,7349.74,9696.37,7.0
2022-05-19 10:27:23.368673734,North America,Clothing,335,37534.01,1341.25,6.8
2022-05-19 15:42:48.753750750,North America,Home,855,23747.89,1689.52,7.0
2022-05-19 20:58:14.138827766,Europe,Electronics,717,39255.24,6799.69,6.6
2022-05-20 02:13:39.523904780,Europe,Sports,611,37439.62,5460.2,6.4
2022-05-20 07:29:04.908981796,North America,Home,632,30428.33,282.81,7.0
2022-05-20 12:44:30.294058812,Asia,Clothing,889,34475.15,713.55,7.2
2022-05-20 17:59:55.679135826,Europe,Home,368,1408.61,8892.0,8.2
2022-05-20 23:15:21.064212842,South America,Home,154,15932.99,8701.82,8.3
2022-05-21 04:30:46.449289858,Europe,Clothing,284,32072.2,3636.98,6.3
2022-05-21 09:46:11.834366872,Europe,Beauty,518,962.58,8921.4,6.5
2022-05-21 15:01:37.219443888,South America,Beauty,188,2132.36,5977.38,6.2
2022-05-21 20:17:02.604520904,North America,Electronics,762,42668.46,8078.47,7.2
2022-05-22 01:32:27.989597920,South America,Electronics,847,34359.23,4331.57,6.7
2022-05-22 06:47:53.374674934,North America,Beauty,840,13635.8,1222.64,9.3
2022-05-22 12:03:18.759751950,North America,Sports,486,34554.16,4393.9,8.2
2022-05-22 17:18:44.144828966,North America,Home,852,39726.61,4627.27,9.4
2022-05-22 22:34:09.529905980,South America,Sports,985,15686.32,5554.35,8.3
2022-05-23 03:49:34.914982996,North America,Home,423,2283.85,1145.27,9.8
2022-05-23 09:05:00.300060012,Asia,Beauty,162,46672.57,9914.88,7.8
2022-05-23 14:20:25.685137026,South America,Electronics,113,17586.4,2516.95,9.8
2022-05-23 19:35:51.070214042,Asia,Electronics,84,5770.85,2065.67,4.9
2022-05-24 00:51:16.455291058,North America,Sports,137,24846.92,5315.35,4.3
2022-05-24 06:06:41.840368074,Europe,Electronics,720,38539.16,5418.36,7.5
2022-05-24 11:22:07.225445088,North America,Beauty,675,11471.54,4454.23,9.9
2022-05-24 16:37:32.610522104,Asia,Sports,577,13839.76,7741.73,6.5
2022-05-24 21:52:57.995599120,Asia,Home,799,12514.39,5214.88,5.3
2022-05-25 03:08:23.380676134,South America,Electronics,354,49587.82,6135.99,7.1
2022-05-25 08:23:48.765753150,Europe,Clothing,540,10271.48,7265.09,7.9
2022-05-25 13:39:14.150830166,South America,Electronics,168,28988.25,347.75,5.9
2022-05-25 18:54:39.535907180,Asia,Home,547,46300.6,5749.38,8.3
2022-05-26 00:10:04.920984196,North America,Sports,435,7771.38,8853.53,9.9
2022-05-26 05:25:30.306061212,Europe,Home,690,48557.28,272.15,9.4
2022-05-26 10:40:55.691138228,North America,Clothing,32,47400.12,4111.3,5.7
2022-05-26 15:56:21.076215242,North America,Beauty,56,44286.31,9269.65,6.0
2022-05-26 21:11:46.461292258,Europe,Electronics,534,11120.55,3596.23,6.2
2022-05-27 02:27:11.846369274,South America,Sports,738,31885.73,4641.42,6.4
2022-05-27 07:42:37.231446288,North America,Beauty,843,38164.13,9817.26,4.6
2022-05-27 12:58:02.616523304,Asia,Home,715,49308.38,2073.31,8.6
2022-05-27 18:13:28.001600320,North America,Sports,153,9430.98,746.03,6.2
2022-05-27 23:28:53.386677334,Europe,Beauty,594,38418.28,8608.28,9.3
2022-05-28 04:44:18.771754350,Europe,Sports,677,17270.66,8697.81,9.6
2022-05-28 09:59:44.156831366,Europe,Clothing,598,9193.51,4773.57,4.1
2022-05-28 15:15:09.541908382,South America,Clothing,428,21358.16,5190.65,9.9
2022-05-28 20:30:34.926985396,North America,Electronics,690,39794.88,8374.48,8.3
2022-05-29 01:46:00.312062412,South America,Electronics,982,23510.07,7411.74,7.1
2022-05-29 07:01:25.697139428,South America,Clothing,808,27107.39,2724.98,6.3
2022-05-29 12:16:51.082216442,Europe,Sports,94,49760.39,267.24,7.1
2022-05-29 17:32:16.467293458,Europe,Clothing,425,20255.91,4849.03,5.9
2022-05-29 22:47:41.852370474,South America,Electronics,703,30962.34,8603.23,7.7
2022-05-30 04:03:07.237447488,North America,Clothing,491,18579.59,8968.76,4.6
2022-05-30 09:18:32.622524504,Asia,Clothing,465,19942.89,9566.64,7.7
2022-05-30 14:33:58.007601520,South America,Sports,836,34934.22,8807.68,5.7
2022-05-30 19:49:23.392678536,North America,Beauty,306,46925.41,5842.43,4.1
2022-05-31 01:04:48.777755550,Europe,Electronics,121,27346.77,4501.6,7.3
2022-05-31 06:20:14.162832566,Europe,Sports,971,38535.8,7771.01,7.5
2022-05-31 11:35:39.547909582,North America,Clothing,239,4915.72,7424.23,6.6
2022-05-31 16:51:04.932986596,Asia,Clothing,105,10952.32,5427.62,4.4
2022-05-31 22:06:30.318063612,Europe,Beauty,959,25355.52,964.54,9.4
2022-06-01 03:21:55.703140628,Europe,Electronics,689,1490.58,9268.21,7.7
2022-06-01 08:37:21.088217644,Europe,Electronics,387,13016.32,4610.47,4.7
2022-06-01 13:52:46.473294658,North America,Home,165,26111.36,3697.0,7.1
2022-06-01 19:08:11.858371674,South America,Electronics,430,1240.58,6332.72,7.0
2022-06-02 00:23:37.243448690,Europe,Beauty,114,13595.04,6771.0,4.4
2022-06-02 05:39:02.628525704,South America,Home,714,25944.53,2185.81,7.6
2022-06-02 10:54:28.013602720,Asia,Home,339,28870.89,8385.69,8.8
2022-06-02 16:09:53.398679736,Europe,Clothing,448,46324.71,2970.38,8.5
2022-06-02 21:25:18.783756750,Europe,Clothing,141,32444.61,1948.17,5.2
2022-06-03 02:40:44.168833766,Asia,Electronics,876,21029.42,4123.36,9.2
2022-06-03 07:56:09.553910782,Europe,Home,391,46552.38,7332.54,6.1
2022-06-03 13:11:34.938987798,South America,Clothing,147,39351.71,9658.04,9.7
2022-06-03 18:27:00.324064812,North America,Beauty,952,10400.44,8111.88,4.4
2022-06-03 23:42:25.709141828,South America,Clothing,852,6976.7,9409.45,6.9
2022-06-04 04:57:51.094218844,North America,Clothing,279,33952.68,1492.0,7.6
2022-06-04 10:13:16.479295858,North America,Home,559,28214.22,804.65,5.5
2022-06-04 15:28:41.864372874,South America,Home,405,39588.84,5621.28,8.6
2022-06-04 20:44:07.249449890,South America,Sports,566,37070.85,2973.95,7.8
2022-06-05 01:59:32.634526904,South America,Beauty,922,31447.97,8297.74,4.1
2022-06-05 07:14:58.019603920,South America,Home,473,49325.92,6752.68,7.7
2022-06-05 12:30:23.404680936,Asia,Electronics,684,26912.69,9710.21,6.9
2022-06-05 17:45:48.789757952,Europe,Beauty,459,6098.73,2622.44,5.2
2022-06-05 23:01:14.174834966,North America,Beauty,340,41499.54,4909.26,10.0
2022-06-06 04:16:39.559911982,South America,Home,262,12966.74,5062.28,9.4
2022-06-06 09:32:04.944988998,South America,Beauty,690,38976.46,2467.85,5.8
2022-06-06 14:47:30.330066012,South America,Home,972,47876.8,5941.92,7.2
2022-06-06 20:02:55.715143028,Asia,Clothing,294,34991.38,4488.53,5.9
2022-06-07 01:18:21.100220044,South America,Sports,283,30003.49,4522.54,8.7
2022-06-07 06:33:46.485297058,South America,Clothing,29,23289.12,3691.09,9.6
2022-06-07 11:49:11.870374074,South America,Home,248,18538.29,267.6,6.2
2022-06-07 17:04:37.255451090,Europe,Home,279,17973.74,5268.74,8.8
2022-06-07 22:20:02.640528106,Asia,Clothing,427,32000.45,3418.95,7.0
2022-06-08 03:35:28.025605120,South America,Electronics,954,37688.02,113.07,6.4
2022-06-08 08:50:53.410682136,North America,Electronics,319,34086.59,3148.64,9.6
2022-06-08 14:06:18.795759152,North America,Electronics,40,10321.3,2858.42,7.1
2022-06-08 19:21:44.180836166,North America,Home,835,24952.37,3995.14,6.8
2022-06-09 00:37:09.565913182,Asia,Beauty,113,39686.18,1405.33,8.0
2022-06-09 05:52:34.950990198,Asia,Home,691,24047.35,5126.07,5.6
2022-06-09 11:08:00.336067212,North America,Beauty,195,27062.85,6955.16,5.9
2022-06-09 16:23:25.721144228,South America,Clothing,137,38671.23,6338.84,9.6
2022-06-09 21:38:51.106221244,Asia,Sports,219,33232.63,8057.17,8.1
2022-06-10 02:54:16.491298260,North America,Beauty,423,20762.57,4574.88,9.0
2022-06-10 08:09:41.876375274,North America,Electronics,290,44822.93,5239.01,5.6
2022-06-10 13:25:07.261452290,South America,Home,968,8547.07,8122.98,7.3
2022-06-10 18:40:32.646529306,Europe,Clothing,262,49778.06,4334.24,9.8
2022-06-10 23:55:58.031606320,Asia,Electronics,28,6383.2,7045.83,5.9
2022-06-11 05:11:23.416683336,South America,Clothing,721,1240.02,4402.56,5.0
2022-06-11 10:26:48.801760352,North America,Sports,741,44555.94,4235.59,7.1
2022-06-11 15:42:14.186837366,North America,Home,145,12625.2,7626.04,6.3
2022-06-11 20:57:39.571914382,South America,Home,232,36620.13,1830.89,5.0
2022-06-12 02:13:04.956991398,Asia,Sports,12,40645.26,3452.0,9.3
2022-06-12 07:28:30.342068414,Europe,Home,972,43019.83,2319.31,9.9
2022-06-12 12:43:55.727145428,Europe,Beauty,245,49583.91,3655.19,7.4
2022-06-12 17:59:21.112222444,North America,Clothing,863,15054.97,2380.71,8.6
2022-06-12 23:14:46.497299460,Asia,Electronics,474,35657.05,5836.12,9.2
2022-06-13 04:30:11.882376474,Europe,Sports,237,6212.29,8001.89,8.2
2022-06-13 09:45:37.267453490,Asia,Beauty,922,20637.06,7887.47,4.3
2022-06-13 15:01:02.652530506,Asia,Electronics,663,42474.6,3708.56,4.9
2022-06-13 20:16:28.037607520,North America,Electronics,508,18699.07,9888.73,4.4
2022-06-14 01:31:53.422684536,Europe,Sports,530,29759.22,5979.16,4.1
2022-06-14 06:47:18.807761552,South America,Beauty,711,25436.79,4054.06,5.8
2022-06-14 12:02:44.192838568,North America,Electronics,871,32474.6,8371.84,6.4
2022-06-14 17:18:09.577915582,Europe,Electronics,926,48658.27,7325.75,5.4
2022-06-14 22:33:34.962992598,Europe,Beauty,981,3258.91,7517.83,4.4
2022-06-15 03:49:00.348069614,Europe,Home,686,28911.1,2041.78,7.2
2022-06-15 09:04:25.733146628,Europe,Electronics,148,43219.92,4736.41,5.6
2022-06-15 14:19:51.118223644,Europe,Clothing,285,24328.44,8632.1,8.8
2022-06-15 19:35:16.503300660,Asia,Beauty,300,4387.1,5089.98,4.0
2022-06-16 00:50:41.888377674,North America,Electronics,62,28246.7,6866.18,9.1
2022-06-16 06:06:07.273454690,Asia,Sports,696,16937.66,5920.54,9.7
2022-06-16 11:21:32.658531706,South America,Clothing,119,8169.62,8439.33,8.3
2022-06-16 16:36:58.043608722,Europe,Electronics,724,42527.21,2917.15,8.4
2022-06-16 21:52:23.428685736,North America,Clothing,957,26319.18,5797.21,9.6
2022-06-17 03:07:48.813762752,Europe,Clothing,657,46697.18,1320.02,5.3
2022-06-17 08:23:14.198839768,North America,Home,13,40397.82,6933.09,10.0
2022-06-17 13:38:39.583916782,Asia,Clothing,676,34802.1,7346.48,8.6
2022-06-17 18:54:04.968993798,North America,Home,693,748.76,524.09,8.4
2022-06-18 00:09:30.354070814,South America,Beauty,945,21677.26,6790.33,6.2
2022-06-18 05:24:55.739147828,South America,Home,879,10275.57,4205.43,7.3
2022-06-18 10:40:21.124224844,North America,Sports,56,45584.5,1328.56,7.9
2022-06-18 15:55:46.509301860,North America,Electronics,103,9141.91,4257.08,7.7
2022-06-18 21:11:11.894378876,North America,Beauty,949,14659.97,2022.91,8.2
2022-06-19 02:26:37.279455890,North America,Beauty,569,26083.42,4214.04,4.5
2022-06-19 07:42:02.664532906,South America,Sports,761,13536.5,3904.96,6.1
2022-06-19 12:57:28.049609922,Europe,Home,868,10888.3,7410.08,6.6
2022-06-19 18:12:53.434686936,North America,Electronics,222,30155.42,7764.73,5.6
2022-06-19 23:28:18.819763952,North America,Home,445,4902.01,6109.58,5.0
2022-06-20 04:43:44.204840968,South America,Clothing,861,3379.3,324.6,4.8
2022-06-20 09:59:09.589917984,South America,Home,517,18926.14,9317.12,6.2
2022-06-20 15:14:34.974994998,Asia,Beauty,845,36172.89,6893.71,7.0
2022-06-20 20:30:00.360072014,North America,Electronics,660,27962.93,438.53,4.4
2022-06-21 01:45:25.745149030,Asia,Home,214,21432.39,8206.45,9.7
2022-06-21 07:00:51.130226044,South America,Electronics,390,28504.7,2082.63,8.6
2022-06-21 12:16:16.515303060,South America,Electronics,82,18589.85,5834.29,8.4
2022-06-21 17:31:41.900380076,Europe,Clothing,525,46839.24,4719.68,5.0
2022-06-21 22:47:07.285457090,North America,Clothing,85,3217.79,4256.4,7.6
2022-06-22 04:02:32.670534106,Asia,Beauty,850,33832.88,8908.17,7.2
2022-06-22 09:17:58.055611122,South America,Sports,86,44618.49,4429.88,9.9
2022-06-22 14:33:23.440688138,South America,Electronics,825,40292.29,845.91,8.5
2022-06-22 19:48:48.825765152,Asia,Sports,777,9610.03,9471.72,7.5
2022-06-23 01:04:14.210842168,Europe,Beauty,419,15148.35,9213.3,9.1
2022-06-23 06:19:39.595919184,South America,Electronics,623,35993.87,6875.88,4.9
2022-06-23 11:35:04.980996198,North America,Electronics,115,4671.39,4732.14,4.1
2022-06-23 16:50:30.366073214,South America,Sports,854,40687.15,1019.31,8.1
2022-06-23 22:05:55.751150230,North America,Home,560,36085.89,7928.41,4.6
2022-06-24 03:21:21.136227244,Asia,Clothing,485,36615.53,847.23,4.7
2022-06-24 08:36:46.521304260,North America,Home,835,5461.95,779.15,8.5
2022-06-24 13:52:11.906381276,Asia,Sports,284,36029.15,5420.1,5.6
2022-06-24 19:07:37.291458292,North America,Clothing,97,34151.0,1685.27,7.8
2022-06-25 00:23:02.676535306,Asia,Home,732,41630.66,176.53,9.5
2022-06-25 05:38:28.061612322,North America,Clothing,890,2559.0,4288.82,5.9
2022-06-25 10:53:53.446689338,Europe,Electronics,86,1643.98,1458.45,5.3
2022-06-25 16:09:18.831766352,North America,Home,86,18963.85,1689.1,4.6
2022-06-25 21:24:44.216843368,North America,Clothing,451,7865.02,861.42,4.8
2022-06-26 02:40:09.601920384,Europe,Clothing,549,28140.03,2130.43,4.4
2022-06-26 07:55:34.986997398,South America,Clothing,254,45908.77,7183.29,4.5
2022-06-26 13:11:00.372074414,South America,Home,587,19878.25,8108.38,6.6
2022-06-26 18:26:25.757151430,North America,Beauty,787,42325.04,4580.08,5.9
2022-06-26 23:41:51.142228446,Europe,Home,391,511.92,5114.88,8.2
2022-06-27 04:57:16.527305460,North America,Sports,991,8841.47,423.28,9.2
2022-06-27 10:12:41.912382476,Asia,Home,726,2005.97,786.23,8.7
2022-06-27 15:28:07.297459492,Asia,Clothing,579,16743.29,2649.92,7.2
2022-06-27 20:43:32.682536506,North America,Electronics,722,45455.38,5484.59,4.6
2022-06-28 01:58:58.067613522,South America,Home,746,5299.13,7421.56,8.3
2022-06-28 07:14:23.452690538,South America,Home,151,30517.28,6089.53,6.2
2022-06-28 12:29:48.837767552,North America,Clothing,902,22849.05,3982.07,4.5
2022-06-28 17:45:14.222844568,North America,Electronics,377,46954.18,1271.41,9.1
2022-06-28 23:00:39.607921584,Asia,Electronics,93,6564.7,7829.66,6.0
2022-06-29 04:16:04.992998600,South America,Sports,152,10995.38,3701.48,5.3
2022-06-29 09:31:30.378075614,North America,Home,361,1962.33,7386.93,9.2
2022-06-29 14:46:55.763152630,Asia,Electronics,554,21979.79,5178.49,9.4
2022-06-29 20:02:21.148229646,South America,Electronics,922,14252.73,7412.75,6.0
2022-06-30 01:17:46.533306660,Europe,Beauty,161,43560.34,9082.17,6.1
2022-06-30 06:33:11.918383676,Asia,Beauty,167,30444.57,9218.19,7.5
2022-06-30 11:48:37.303460692,South America,Electronics,455,30897.49,5397.56,8.4
2022-06-30 17:04:02.688537706,South America,Sports,662,26829.58,5163.93,4.4
2022-06-30 22:19:28.073614722,Asia,Electronics,967,5046.59,2730.22,7.6
2022-07-01 03:34:53.458691738,Europe,Clothing,772,22528.42,9364.42,9.7
2022-07-01 08:50:18.843768754,Asia,Home,312,49975.51,4633.4,5.6
2022-07-01 14:05:44.228845768,South America,Sports,633,41843.85,1363.15,9.5
2022-07-01 19:21:09.613922784,North America,Clothing,665,44726.22,4383.78,9.7
2022-07-02 00:36:34.998999800,North America,Sports,459,41249.7,1357.83,5.6
2022-07-02 05:52:00.384076814,Asia,Clothing,730,5600.56,5075.06,8.5
2022-07-02 11:07:25.769153830,South America,Home,233,11758.69,5656.63,5.4
2022-07-02 16:22:51.154230846,North America,Home,52,654.52,3443.78,8.4
2022-07-02 21:38:16.539307860,South America,Beauty,273,15523.75,809.34,8.8
2022-07-03 02:53:41.924384876,Asia,Clothing,765,5876.07,9440.69,5.5
2022-07-03 08:09:07.309461892,North America,Beauty,12,23903.27,7756.2,8.3
2022-07-03 13:24:32.694538908,South America,Clothing,646,34017.81,8404.92,8.9
2022-07-03 18:39:58.079615922,North America,Beauty,277,43788.01,3732.0,6.2
2022-07-03 23:55:23.464692938,Asia,Home,605,37586.25,7632.23,5.0
2022-07-04 05:10:48.849769954,South America,Sports,25,46959.99,4905.19,4.6
2022-07-04 10:26:14.234846968,North America,Beauty,343,3167.97,2090.73,7.5
2022-07-04 15:41:39.619923984,Asia,Clothing,473,1102.9,1331.79,9.9
2022-07-04 20:57:05.005001000,North America,Clothing,68,33236.24,3516.0,8.9
2022-07-05 02:12:30.390078014,North America,Home,186,14822.94,1461.77,6.6
2022-07-05 07:27:55.775155030,Europe,Clothing,72,13048.3,9982.86,7.2
2022-07-05 12:43:21.160232046,Europe,Electronics,967,16878.91,586.97,5.7
2022-07-05 17:58:46.545309062,Asia,Sports,570,13854.9,4467.32,5.0
2022-07-05 23:14:11.930386076,Europe,Beauty,316,25816.1,4575.73,6.9
2022-07-06 04:29:37.315463092,Asia,Sports,255,22287.35,3076.26,6.8
2022-07-06 09:45:02.700540108,Europe,Home,298,25865.21,5756.38,7.1
2022-07-06 15:00:28.085617122,North America,Beauty,807,33799.32,1584.77,9.7
2022-07-06 20:15:53.470694138,Asia,Beauty,964,19662.96,7860.73,7.6
2022-07-07 01:31:18.855771154,Asia,Electronics,341,12939.73,3391.23,7.6
2022-07-07 06:46:44.240848170,North America,Home,536,8726.93,5954.29,4.8
2022-07-07 12:02:09.625925184,Asia,Clothing,859,17798.97,7184.83,10.0
2022-07-07 17:17:35.011002200,Asia,Electronics,264,37219.42,8901.52,8.6
2022-07-07 22:33:00.396079216,Europe,Electronics,613,37956.89,8374.3,9.3
2022-07-08 03:48:25.781156230,Asia,Sports,519,33511.82,6122.26,6.5
2022-07-08 09:03:51.166233246,South America,Sports,800,12084.39,3945.09,7.0
2022-07-08 14:19:16.551310262,North America,Sports,727,29610.27,5081.73,7.1
2022-07-08 19:34:41.936387276,Europe,Electronics,615,28749.14,7710.47,5.2
2022-07-09 00:50:07.321464292,Europe,Clothing,746,24471.18,8787.7,8.1
2022-07-09 06:05:32.706541308,South America,Beauty,822,27723.96,1127.44,9.4
2022-07-09 11:20:58.091618324,North America,Sports,839,24843.64,3910.08,5.0
2022-07-09 16:36:23.476695338,North America,Clothing,472,28490.09,7783.55,4.5
2022-07-09 21:51:48.861772354,Europe,Home,208,35917.54,4373.35,8.4
2022-07-10 03:07:14.246849370,Asia,Sports,280,5926.6,3389.05,5.6
2022-07-10 08:22:39.631926384,Europe,Beauty,755,37606.47,4172.09,7.7
2022-07-10 13:38:05.017003400,North America,Home,567,7226.36,6068.16,8.2
2022-07-10 18:53:30.402080416,South America,Home,73,3798.09,9998.07,5.9
2022-07-11 00:08:55.787157430,Europe,Beauty,239,48815.94,4980.63,8.9
2022-07-11 05:24:21.172234446,North America,Sports,951,47871.09,2164.1,7.3
2022-07-11 10:39:46.557311462,Europe,Electronics,961,3491.61,1712.18,9.2
2022-07-11 15:55:11.942388478,Asia,Beauty,258,22441.05,519.26,8.6
2022-07-11 21:10:37.327465492,Europe,Beauty,255,9719.12,5632.29,9.2
2022-07-12 02:26:02.712542508,Europe,Beauty,949,24524.57,5491.26,4.1
2022-07-12 07:41:28.097619524,North America,Home,596,41593.77,2131.82,5.5
2022-07-12 12:56:53.482696538,North America,Clothing,166,47555.28,6983.76,4.5
2022-07-12 18:12:18.867773554,North America,Electronics,744,31895.51,7436.96,6.7
2022-07-12 23:27:44.252850570,Europe,Sports,711,18018.33,2665.07,9.3
2022-07-13 04:43:09.637927584,Asia,Sports,994,30364.62,3506.59,6.8
2022-07-13 09:58:35.023004600,South America,Clothing,573,15944.06,9905.67,9.1
2022-07-13 15:14:00.408081616,South America,Beauty,959,45536.27,3805.22,6.0
2022-07-13 20:29:25.793158632,North America,Electronics,97,43584.82,7631.94,6.0
2022-07-14 01:44:51.178235646,North America,Sports,322,28132.47,4581.98,9.4
2022-07-14 07:00:16.563312662,Europe,Sports,860,16577.55,7954.11,6.6
2022-07-14 12:15:41.948389678,South America,Beauty,75,15022.79,7713.33,8.7
2022-07-14 17:31:07.333466692,North America,Clothing,671,2154.19,6710.78,5.4
2022-07-14 22:46:32.718543708,Asia,Electronics,29,40883.13,8562.31,9.7
2022-07-15 04:01:58.103620724,Asia,Clothing,42,22793.97,9398.26,7.4
2022-07-15 09:17:23.488697738,North America,Clothing,849,16594.08,5841.83,8.6
2022-07-15 14:32:48.873774754,North America,Electronics,802,23819.96,2450.94,4.5
2022-07-15 19:48:14.258851770,South America,Electronics,567,41027.53,4046.43,7.0
2022-07-16 01:03:39.643928786,South America,Sports,82,6668.4,7607.23,9.4
2022-07-16 06:19:05.029005800,Europe,Sports,875,42953.97,6543.75,9.3
2022-07-16 11:34:30.414082816,South America,Electronics,834,44926.69,1860.2,4.3
2022-07-16 16:49:55.799159832,Asia,Home,352,47362.04,607.27,5.8
2022-07-16 22:05:21.184236846,Asia,Sports,142,20175.66,6861.32,6.7
2022-07-17 03:20:46.569313862,North America,Home,64,11248.45,2585.68,5.0
2022-07-17 08:36:11.954390878,South America,Electronics,70,18995.22,5046.74,8.4
2022-07-17 13:51:37.339467892,Europe,Sports,866,16979.15,7492.79,5.1
2022-07-17 19:07:02.724544908,Asia,Clothing,529,9219.62,5670.4,6.1
2022-07-18 00:22:28.109621924,Asia,Electronics,281,30559.7,924.7,8.0
2022-07-18 05:37:53.494698940,Europe,Beauty,255,24092.9,1937.24,6.9
2022-07-18 10:53:18.879775954,Europe,Home,185,43352.2,2271.35,8.4
2022-07-18 16:08:44.264852970,Asia,Electronics,637,2089.42,2652.86,9.8
2022-07-18 21:24:09.649929986,Asia,Electronics,326,32371.46,5697.49,4.7
2022-07-19 02:39:35.035007000,Europe,Sports,792,38265.97,5089.26,8.3
2022-07-19 07:55:00.420084016,Asia,Sports,714,38094.59,2111.28,5.4
2022-07-19 13:10:25.805161032,North America,Sports,671,44360.66,768.79,6.5
2022-07-19 18:25:51.190238046,North America,Beauty,140,36587.17,1797.18,4.2
2022-07-19 23:41:16.575315062,Europe,Sports,111,46426.6,9845.37,4.8
2022-07-20 04:56:41.960392078,South America,Electronics,319,16966.5,4738.61,5.9
2022-07-20 10:12:07.345469094,Europe,Sports,791,25408.87,8686.72,6.1
2022-07-20 15:27:32.730546108,Europe,Clothing,301,1196.94,8502.65,9.4
2022-07-20 20:42:58.115623124,South America,Sports,731,844.4,5164.04,8.5
2022-07-21 01:58:23.500700140,South America,Beauty,504,12386.27,7096.21,9.8
2022-07-21 07:13:48.885777154,South America,Clothing,370,5489.96,2008.24,7.6
2022-07-21 12:29:14.270854170,North America,Electronics,347,13380.46,6915.13,5.5
2022-07-21 17:44:39.655931186,Asia,Electronics,588,9263.64,2796.61,6.0
2022-07-21 23:00:05.041008200,North America,Home,19,1911.74,8337.41,5.9
2022-07-22 04:15:30.426085216,Asia,Clothing,58,45510.56,928.87,6.0
2022-07-22 09:30:55.811162232,North America,Home,496,907.05,7754.07,8.0
2022-07-22 14:46:21.196239248,Asia,Clothing,632,36936.07,1089.38,7.2
2022-07-22 20:01:46.581316262,North America,Clothing,330,8031.32,8823.77,6.3
2022-07-23 01:17:11.966393278,South America,Beauty,740,45655.37,3111.62,4.9
2022-07-23 06:32:37.351470294,Europe,Home,578,44693.4,6578.49,4.1
2022-07-23 11:48:02.736547308,North America,Beauty,804,32868.11,4926.27,5.3
2022-07-23 17:03:28.121624324,Asia,Clothing,980,33775.59,3726.4,4.6
2022-07-23 22:18:53.506701340,South America,Electronics,634,764.29,6489.87,8.7
2022-07-24 03:34:18.891778354,North America,Clothing,142,49251.14,9480.48,4.7
2022-07-24 08:49:44.276855370,North America,Beauty,592,43952.71,508.57,8.3
2022-07-24 14:05:09.661932386,South America,Home,92,44807.76,9196.64,6.3
2022-07-24 19:20:35.047009402,North America,Home,66,33132.6,6129.91,4.4
2022-07-25 00:36:00.432086416,Europe,Beauty,385,17566.95,8092.41,8.9
2022-07-25 05:51:25.817163432,North America,Home,358,44735.61,3900.36,7.5
2022-07-25 11:06:51.202240448,Europe,Sports,280,14930.09,4771.25,5.4
2022-07-25 16:22:16.587317462,Europe,Electronics,492,28354.22,8701.62,9.4
2022-07-25 21:37:41.972394478,South America,Electronics,120,5436.68,4206.99,4.3
2022-07-26 02:53:07.357471494,North America,Electronics,878,46136.8,5393.13,5.2
2022-07-26 08:08:32.742548510,South America,Home,896,7468.14,299.93,8.5
2022-07-26 13:23:58.127625524,North America,Home,85,11632.39,1670.12,8.3
2022-07-26 18:39:23.512702540,North America,Clothing,167,28127.64,6452.7,5.7
2022-07-26 23:54:48.897779556,Asia,Clothing,541,38322.6,7198.07,4.4
2022-07-27 05:10:14.282856570,North America,Electronics,942,31157.89,5867.75,9.1
2022-07-27 10:25:39.667933586,South America,Sports,652,11990.63,1518.77,5.9
2022-07-27 15:41:05.053010602,Europe,Clothing,338,546.68,4509.51,5.2
2022-07-27 20:56:30.438087616,North America,Clothing,131,37978.95,3615.44,7.1
2022-07-28 02:11:55.823164632,Asia,Home,50,49267.76,5007.05,9.5
2022-07-28 07:27:21.208241648,South America,Sports,176,40590.7,8716.26,4.3
2022-07-28 12:42:46.593318664,North America,Electronics,931,23280.23,7781.03,8.6
2022-07-28 17:58:11.978395680,South America,Clothing,651,45236.48,931.5,7.4
2022-07-28 23:13:37.363472692,Asia,Sports,32,20787.46,8914.06,6.6
2022-07-29 04:29:02.748549708,Asia,Sports,288,26484.24,4770.49,8.5
2022-07-29 09:44:28.133626724,South America,Electronics,772,24117.92,7464.24,9.8
2022-07-29 14:59:53.518703740,North America,Sports,478,22657.38,1486.39,5.4
2022-07-29 20:15:18.903780756,Europe,Sports,409,38871.94,6740.12,4.9
2022-07-30 01:30:44.288857772,Asia,Sports,18,26575.06,2439.63,9.5
2022-07-30 06:46:09.673934788,North America,Clothing,22,16177.5,4439.97,8.0
2022-07-30 12:01:35.059011800,North America,Electronics,933,13278.83,266.94,6.6
2022-07-30 17:17:00.444088816,Europe,Sports,932,2368.49,1600.95,7.4
2022-07-30 22:32:25.829165832,Asia,Sports,828,29368.16,1011.6,8.5
2022-07-31 03:47:51.214242848,Asia,Clothing,841,11883.09,2473.47,8.6
2022-07-31 09:03:16.599319864,North America,Electronics,61,7832.63,1090.18,9.5
2022-07-31 14:18:41.984396880,North America,Home,218,32864.58,6949.91,6.6
2022-07-31 19:34:07.369473896,Europe,Clothing,559,34219.86,387.5,5.8
2022-08-01 00:49:32.754550908,Europe,Electronics,621,37731.67,6215.63,7.8
2022-08-01 06:04:58.139627924,Asia,Sports,714,25427.06,1493.01,6.5
2022-08-01 11:20:23.524704940,South America,Electronics,411,44755.7,9457.1,7.6
2022-08-01 16:35:48.909781956,Asia,Electronics,200,46848.97,9337.63,6.5
2022-08-01 21:51:14.294858972,North America,Electronics,60,40464.86,2332.48,4.9
2022-08-02 03:06:39.679935988,Asia,Home,402,31961.88,6182.77,6.8
2022-08-02 08:22:05.065013000,South America,Electronics,662,15534.19,377.25,8.1
2022-08-02 13:37:30.450090016,Europe,Home,689,49155.77,9324.71,8.8
2022-08-02 18:52:55.835167032,South America,Sports,832,14069.74,5277.57,7.0
2022-08-03 00:08:21.220244048,South America,Home,630,10531.52,527.91,5.0
2022-08-03 05:23:46.605321064,South America,Sports,728,22386.63,3490.75,6.5
2022-08-03 10:39:11.990398080,Europe,Sports,948,3313.61,860.81,8.7
2022-08-03 15:54:37.375475096,South America,Home,309,48935.48,3990.15,6.5
2022-08-03 21:10:02.760552108,South America,Clothing,631,29627.46,6732.27,8.2
2022-08-04 02:25:28.145629124,South America,Beauty,205,28069.13,4751.91,7.0
2022-08-04 07:40:53.530706140,North America,Electronics,426,32961.92,3898.85,5.4
2022-08-04 12:56:18.915783156,South America,Beauty,673,25102.67,1279.65,8.8
2022-08-04 18:11:44.300860172,Europe,Electronics,429,2087.14,2524.9,4.5
2022-08-04 23:27:09.685937188,South America,Electronics,764,30809.41,1091.42,7.1
2022-08-05 04:42:35.071014204,South America,Sports,649,35950.61,8094.24,5.3
2022-08-05 09:58:00.456091216,Europe,Electronics,626,21129.08,1438.87,4.4
2022-08-05 15:13:25.841168232,South America,Electronics,531,37986.13,5994.2,7.0
2022-08-05 20:28:51.226245248,Europe,Home,365,11736.56,3493.13,7.0
2022-08-06 01:44:16.611322264,South America,Beauty,157,11453.19,2337.19,8.2
2022-08-06 06:59:41.996399280,Europe,Home,374,8490.14,6430.74,8.5
2022-08-06 12:15:07.381476296,South America,Electronics,373,18913.74,4624.32,8.4
2022-08-06 17:30:32.766553308,South America,Sports,980,42427.1,4061.44,6.5
2022-08-06 22:45:58.151630324,North America,Home,661,41481.65,5969.23,7.8
2022-08-07 04:01:23.536707340,North America,Home,711,19449.8,4963.55,7.5
2022-08-07 09:16:48.921784356,South America,Clothing,411,29661.38,3104.49,6.5
2022-08-07 14:32:14.306861372,South America,Electronics,615,36180.41,5634.71,7.6
2022-08-07 19:47:39.691938388,Asia,Sports,501,12439.74,6728.04,9.7
2022-08-08 01:03:05.077015404,Europe,Home,238,8822.98,364.26,5.2
2022-08-08 06:18:30.462092416,Asia,Home,584,48618.75,4712.13,9.4
2022-08-08 11:33:55.847169432,North America,Sports,861,31069.09,671.06,4.3
2022-08-08 16:49:21.232246448,North America,Electronics,546,49080.08,1945.41,5.9
2022-08-08 22:04:46.617323464,North America,Clothing,277,17218.92,5649.04,5.7
2022-08-09 03:20:12.002400480,North America,Home,414,35300.07,8675.27,7.8
2022-08-09 08:35:37.387477496,South America,Clothing,802,11518.88,8839.78,4.8
2022-08-09 13:51:02.772554512,North America,Beauty,20,13429.41,792.45,9.3
2022-08-09 19:06:28.157631524,South America,Electronics,329,25839.16,4249.14,9.0
2022-08-10 00:21:53.542708540,South America,Beauty,722,16321.1,5871.76,7.9
2022-08-10 05:37:18.927785556,North America,Beauty,135,8797.27,1555.99,6.8
2022-08-10 10:52:44.312862572,North America,Beauty,315,13512.59,7677.78,9.6
2022-08-10 16:08:09.697939588,Europe,Electronics,711,2269.55,7467.93,9.0
2022-08-10 21:23:35.083016604,Asia,Electronics,520,35368.97,9043.08,7.0
2022-08-11 02:39:00.468093616,North America,Sports,98,24859.77,184.01,8.2
2022-08-11 07:54:25.853170632,Europe,Clothing,364,5165.03,2245.17,7.4
2022-08-11 13:09:51.238247648,Europe,Clothing,637,8998.85,8289.15,7.5
2022-08-11 18:25:16.623324664,Asia,Sports,361,5575.46,6738.74,6.0
2022-08-11 23:40:42.008401680,South America,Sports,698,30823.34,8954.46,6.8
2022-08-12 04:56:07.393478696,North America,Beauty,23,5163.41,666.08,4.5
2022-08-12 10:11:32.778555712,Asia,Sports,266,37836.98,6009.94,6.1
2022-08-12 15:26:58.163632724,North America,Home,218,1515.29,5733.56,8.2
2022-08-12 20:42:23.548709740,Europe,Clothing,290,12844.1,453.18,9.7
2022-08-13 01:57:48.933786756,Europe,Sports,452,44588.0,5183.87,9.8
2022-08-13 07:13:14.318863772,South America,Home,849,36067.3,6134.25,7.3
2022-08-13 12:28:39.703940788,Europe,Home,846,4111.93,1993.8,7.6
2022-08-13 17:44:05.089017804,Europe,Home,398,41145.74,2805.96,5.1
2022-08-13 22:59:30.474094820,Asia,Home,626,24905.24,6439.44,8.2
2022-08-14 04:14:55.859171832,North America,Beauty,492,42415.76,4736.18,4.4
2022-08-14 09:30:21.244248848,North America,Home,156,30236.62,8594.34,5.7
2022-08-14 14:45:46.629325864,Asia,Beauty,288,34250.74,3489.58,8.0
2022-08-14 20:01:12.014402880,South America,Beauty,530,49678.33,2739.93,5.9
2022-08-15 01:16:37.399479896,North America,Home,639,12000.61,9850.17,4.3
2022-08-15 06:32:02.784556912,Europe,Clothing,615,31385.31,9120.24,9.0
2022-08-15 11:47:28.169633928,North America,Home,443,23285.91,387.03,5.9
2022-08-15 17:02:53.554710940,Europe,Home,153,2452.87,7730.21,4.4
2022-08-15 22:18:18.939787956,South America,Home,298,1216.3,1192.31,4.4
2022-08-16 03:33:44.324864972,Asia,Clothing,395,6401.81,372.1,5.5
2022-08-16 08:49:09.709941988,North America,Electronics,23,32630.04,2809.59,5.1
2022-08-16 14:04:35.095019004,Asia,Electronics,266,28574.57,2766.52,8.6
2022-08-16 19:20:00.480096020,North America,Beauty,355,27894.76,8211.26,5.9
2022-08-17 00:35:25.865173032,Europe,Beauty,707,2076.91,7135.61,8.8
2022-08-17 05:50:51.250250048,Asia,Clothing,354,23730.5,9817.93,5.0
2022-08-17 11:06:16.635327064,North America,Sports,409,46268.83,7143.98,7.0
2022-08-17 16:21:42.020404080,Europe,Electronics,216,20180.8,4240.73,8.1
2022-08-17 21:37:07.405481096,Asia,Beauty,867,31433.66,7019.38,7.9
2022-08-18 02:52:32.790558112,Asia,Electronics,952,39101.02,9994.64,7.6
2022-08-18 08:07:58.175635128,North America,Clothing,181,39304.3,7130.4,9.5
2022-08-18 13:23:23.560712140,North America,Clothing,473,26204.36,7640.65,5.4
2022-08-18 18:38:48.945789156,North America,Sports,279,42968.62,9389.81,7.0
2022-08-18 23:54:14.330866172,Europe,Sports,230,19873.22,1225.15,9.3
2022-08-19 05:09:39.715943188,North America,Clothing,161,44490.31,7077.36,4.5
2022-08-19 10:25:05.101020204,Asia,Beauty,632,12391.24,8522.98,4.3
2022-08-19 15:40:30.486097220,Asia,Electronics,192,14370.71,9548.35,5.4
2022-08-19 20:55:55.871174236,North America,Home,408,3129.47,2188.6,7.8
2022-08-20 02:11:21.256251248,North America,Sports,860,39881.3,5088.9,5.6
2022-08-20 07:26:46.641328264,South America,Home,81,21144.23,6837.49,5.1
2022-08-20 12:42:12.026405280,Asia,Beauty,427,11841.27,2549.93,6.8
2022-08-20 17:57:37.411482296,Europe,Sports,907,11973.62,6044.68,7.7
2022-08-20 23:13:02.796559312,South America,Home,292,45119.3,2650.03,5.5
2022-08-21 04:28:28.181636328,North America,Beauty,83,41778.87,3401.22,5.8
2022-08-21 09:43:53.566713340,North America,Electronics,364,27899.78,4471.04,7.7
2022-08-21 14:59:18.951790356,Asia,Beauty,736,30997.48,5338.98,9.7
2022-08-21 20:14:44.336867372,North America,Sports,506,23979.12,4548.72,8.0
2022-08-22 01:30:09.721944388,Europe,Clothing,337,19887.49,4982.64,8.7
2022-08-22 06:45:35.107021404,Asia,Electronics,997,45816.11,3056.03,6.2
2022-08-22 12:01:00.492098420,North America,Home,544,6717.83,1673.75,5.6
2022-08-22 17:16:25.877175436,Asia,Sports,589,21213.12,568.76,6.7
2022-08-22 22:31:51.262252448,North America,Clothing,919,17555.81,2040.19,8.8
2022-08-23 03:47:16.647329464,North America,Beauty,456,25158.46,5861.24,6.7
2022-08-23 09:02:42.032406480,North America,Clothing,382,23152.78,7882.54,9.1
2022-08-23 14:18:07.417483496,Europe,Sports,371,26185.03,1775.55,9.9
2022-08-23 19:33:32.802560512,Europe,Sports,102,7425.99,1174.7,4.4
2022-08-24 00:48:58.187637528,Asia,Clothing,330,25900.5,7517.97,4.3
2022-08-24 06:04:23.572714544,North America,Beauty,333,12499.73,3121.07,4.9
2022-08-24 11:19:48.957791556,North America,Clothing,393,9624.4,9519.84,6.3
2022-08-24 16:35:14.342868572,Europe,Sports,584,3709.29,7171.75,4.8
2022-08-24 21:50:39.727945588,North America,Sports,745,38251.3,3334.88,9.2
2022-08-25 03:06:05.113022604,Europe,Home,746,21658.38,2966.47,4.1
2022-08-25 08:21:30.498099620,North America,Home,890,31518.86,5284.61,5.9
2022-08-25 13:36:55.883176636,Asia,Electronics,355,36515.87,883.53,5.1
2022-08-25 18:52:21.268253648,North America,Sports,858,34126.17,1265.0,9.6
2022-08-26 00:07:46.653330664,North America,Home,112,23789.79,1840.99,8.0
2022-08-26 05:23:12.038407680,South America,Clothing,224,19700.98,7769.76,9.5
2022-08-26 10:38:37.423484696,Europe,Beauty,201,19110.02,5187.19,9.8
2022-08-26 15:54:02.808561712,North America,Clothing,681,32182.42,204.61,7.0
2022-08-26 21:09:28.193638728,North America,Beauty,893,24992.32,6767.81,5.4
2022-08-27 02:24:53.578715744,South America,Home,728,42532.05,4294.53,5.2
2022-08-27 07:40:18.963792756,South America,Electronics,790,43797.75,5157.44,5.3
2022-08-27 12:55:44.348869772,Europe,Clothing,203,8942.74,2219.75,8.3
2022-08-27 18:11:09.733946788,South America,Clothing,389,7243.57,5562.64,4.2
2022-08-27 23:26:35.119023804,Asia,Clothing,412,31704.85,9793.62,4.3
2022-08-28 04:42:00.504100820,South America,Beauty,673,15410.67,827.1,7.6
2022-08-28 09:57:25.889177836,Asia,Home,758,1419.25,2910.78,7.9
2022-08-28 15:12:51.274254852,Europe,Clothing,609,44487.81,2505.68,8.0
2022-08-28 20:28:16.659331864,Europe,Clothing,20,11731.59,2560.64,6.2
2022-08-29 01:43:42.044408880,Europe,Electronics,196,46499.39,3849.19,8.8
2022-08-29 06:59:07.429485896,Europe,Electronics,735,36013.01,8199.29,7.2
2022-08-29 12:14:32.814562912,Europe,Home,24,38251.35,9137.3,4.6
2022-08-29 17:29:58.199639928,Asia,Home,787,10472.34,2101.93,8.8
2022-08-29 22:45:23.584716944,Asia,Sports,306,12092.62,5475.2,9.7
2022-08-30 04:00:48.969793956,Europe,Electronics,420,26302.75,6405.3,4.4
2022-08-30 09:16:14.354870972,South America,Sports,965,9018.94,5266.09,6.3
2022-08-30 14:31:39.739947988,North America,Beauty,594,15618.87,4397.36,6.9
2022-08-30 19:47:05.125025004,Europe,Sports,61,16412.39,2000.56,4.9
2022-08-31 01:02:30.510102020,South America,Clothing,649,8401.68,4933.37,9.2
2022-08-31 06:17:55.895179036,North America,Sports,37,10656.55,4072.03,5.7
2022-08-31 11:33:21.280256052,Europe,Home,586,39533.32,7976.08,8.7
2022-08-31 16:48:46.665333064,Europe,Beauty,26,8776.19,7659.68,8.0
2022-08-31 22:04:12.050410080,Asia,Clothing,360,1908.64,1426.59,7.6
2022-09-01 03:19:37.435487096,North America,Sports,437,31653.07,976.34,5.2
2022-09-01 08:35:02.820564112,North America,Beauty,659,48811.16,9090.72,5.3
2022-09-01 13:50:28.205641128,South America,Beauty,840,16895.08,5401.53,4.3
2022-09-01 19:05:53.590718144,Asia,Clothing,238,6373.46,8592.23,5.4
2022-09-02 00:21:18.975795160,Asia,Sports,775,28734.17,675.7,6.1
2022-09-02 05:36:44.360872172,Asia,Beauty,998,45364.53,5312.5,9.0
2022-09-02 10:52:09.745949188,Asia,Beauty,219,39311.06,5440.32,6.2
2022-09-02 16:07:35.131026204,North America,Electronics,440,31314.54,8620.95,8.5
2022-09-02 21:23:00.516103220,North America,Beauty,303,16095.3,1066.34,6.6
2022-09-03 02:38:25.901180236,Europe,Electronics,752,27323.07,2480.41,8.7
2022-09-03 07:53:51.286257252,Europe,Sports,762,5016.62,4124.73,9.9
2022-09-03 13:09:16.671334268,Asia,Sports,591,34107.8,8671.83,5.4
2022-09-03 18:24:42.056411280,Asia,Sports,113,36392.25,9394.94,9.2
2022-09-03 23:40:07.441488296,Asia,Home,213,48269.07,9927.97,7.7
2022-09-04 04:55:32.826565312,Europe,Sports,62,13389.67,9596.02,8.9
2022-09-04 10:10:58.211642328,South America,Beauty,983,1413.59,158.82,7.9
2022-09-04 15:26:23.596719344,South America,Clothing,949,27507.62,572.31,6.5
2022-09-04 20:41:48.981796360,Europe,Electronics,384,35486.13,1561.31,5.4
2022-09-05 01:57:14.366873372,Europe,Home,851,39625.17,3553.73,4.4
2022-09-05 07:12:39.751950388,Europe,Sports,63,10090.08,8316.19,7.2
2022-09-05 12:28:05.137027404,Europe,Sports,285,13456.77,8937.3,9.9
2022-09-05 17:43:30.522104420,Europe,Clothing,344,25873.25,1949.66,8.4
2022-09-05 22:58:55.907181436,Europe,Clothing,40,16864.74,6234.68,6.0
2022-09-06 04:14:21.292258452,Asia,Home,144,43095.32,9181.88,9.0
2022-09-06 09:29:46.677335468,Asia,Electronics,67,23951.13,4690.94,8.6
2022-09-06 14:45:12.062412480,Asia,Sports,114,40079.14,1125.08,5.7
2022-09-06 20:00:37.447489496,Asia,Home,275,29240.68,4632.36,4.1
2022-09-07 01:16:02.832566512,Europe,Beauty,531,38767.96,3820.37,4.7
2022-09-07 06:31:28.217643528,South America,Beauty,505,16967.31,5818.81,9.3
2022-09-07 11:46:53.602720544,North America,Home,262,41655.12,4442.72,9.0
2022-09-07 17:02:18.987797560,Europe,Sports,304,14091.33,271.72,5.8
2022-09-07 22:17:44.372874576,North America,Home,677,27531.89,9940.58,5.7
2022-09-08 03:33:09.757951588,South America,Sports,167,11093.35,5481.05,8.8
2022-09-08 08:48:35.143028604,Asia,Clothing,558,24038.56,4788.94,9.6
2022-09-08 14:04:00.528105620,South America,Home,640,16249.67,9550.71,8.7
2022-09-08 19:19:25.913182636,Europe,Sports,76,13701.82,1643.02,7.6
2022-09-09 00:34:51.298259652,Asia,Home,763,48365.76,1973.45,5.5
2022-09-09 05:50:16.683336668,Europe,Home,308,8423.67,8099.35,7.2
2022-09-09 11:05:42.068413680,Asia,Sports,472,39472.63,2682.23,5.4
2022-09-09 16:21:07.453490696,North America,Sports,734,49216.17,8012.35,8.8
2022-09-09 21:36:32.838567712,North America,Electronics,829,1485.12,2788.18,6.3
2022-09-10 02:51:58.223644728,North America,Home,110,35101.86,428.56,9.0
2022-09-10 08:07:23.608721744,South America,Beauty,65,13019.13,5218.45,6.3
2022-09-10 13:22:48.993798760,Europe,Home,341,2504.15,2047.2,8.9
2022-09-10 18:38:14.378875776,South America,Home,845,20443.03,7602.68,6.0
2022-09-10 23:53:39.763952788,North America,Sports,760,46793.28,6447.88,6.6
2022-09-11 05:09:05.149029804,Europe,Home,402,1082.37,9243.67,7.7
2022-09-11 10:24:30.534106820,North America,Home,752,29600.34,7851.58,4.4
2022-09-11 15:39:55.919183836,South America,Beauty,883,25319.13,1889.68,9.7
2022-09-11 20:55:21.304260852,South America,Sports,390,43732.52,8021.57,7.4
2022-09-12 02:10:46.689337868,South America,Home,101,4658.08,6453.2,7.0
2022-09-12 07:26:12.074414884,North America,Clothing,800,34235.54,6722.62,9.0
2022-09-12 12:41:37.459491896,Europe,Electronics,456,34165.43,8339.4,9.2
2022-09-12 17:57:02.844568912,Europe,Beauty,118,33619.46,5780.86,7.1
2022-09-12 23:12:28.229645928,North America,Home,326,47145.56,4713.43,9.6
2022-09-13 04:27:53.614722944,Europe,Clothing,177,41242.83,6402.75,4.4
2022-09-13 09:43:18.999799960,North America,Home,821,2577.65,3049.78,4.7
2022-09-13 14:58:44.384876976,Europe,Home,991,23818.6,1907.71,7.6
2022-09-13 20:14:09.769953988,Asia,Sports,929,20198.68,6204.22,6.1
2022-09-14 01:29:35.155031004,Asia,Sports,444,15852.29,2415.1,6.8
2022-09-14 06:45:00.540108020,South America,Sports,451,22841.17,891.16,6.0
2022-09-14 12:00:25.925185036,Asia,Clothing,227,19517.61,105.49,6.4
2022-09-14 17:15:51.310262052,Asia,Home,231,21900.53,6122.36,8.9
2022-09-14 22:31:16.695339068,Asia,Electronics,682,48973.46,3685.27,7.6
2022-09-15 03:46:42.080416084,North America,Beauty,537,4887.33,7547.88,10.0
2022-09-15 09:02:07.465493096,Asia,Sports,287,46150.43,3814.25,8.7
2022-09-15 14:17:32.850570112,Asia,Sports,578,24271.72,4911.43,5.6
2022-09-15 19:32:58.235647128,South America,Home,583,31375.24,4130.14,5.6
2022-09-16 00:48:23.620724144,Asia,Home,884,41594.06,6540.69,6.0
2022-09-16 06:03:49.005801160,Asia,Clothing,475,18342.92,3625.78,9.1
2022-09-16 11:19:14.390878176,Europe,Clothing,848,21805.88,9641.3,4.2
2022-09-16 16:34:39.775955192,South America,Sports,763,20771.16,9367.86,5.4
2022-09-16 21:50:05.161032204,South America,Home,611,19049.19,8495.48,9.4
2022-09-17 03:05:30.546109220,South America,Electronics,593,46313.7,9210.97,7.8
2022-09-17 08:20:55.931186236,South America,Beauty,847,41532.03,4546.48,5.4
2022-09-17 13:36:21.316263252,South America,Home,39,5895.5,5410.66,5.3
2022-09-17 18:51:46.701340268,South America,Home,368,5852.11,7446.72,9.2
2022-09-18 00:07:12.086417284,North America,Clothing,928,21679.54,6991.84,9.4
2022-09-18 05:22:37.471494296,Asia,Beauty,297,5383.54,8917.72,5.5
2022-09-18 10:38:02.856571312,South America,Sports,95,31145.11,7191.68,6.5
2022-09-18 15:53:28.241648328,Asia,Home,243,7612.73,9979.06,9.0
2022-09-18 21:08:53.626725344,Asia,Sports,756,26357.48,3550.21,8.6
2022-09-19 02:24:19.011802360,North America,Home,322,857.39,8346.68,8.9
2022-09-19 07:39:44.396879376,South America,Sports,374,16171.52,7006.58,7.1
2022-09-19 12:55:09.781956392,Europe,Beauty,786,34020.94,6944.73,9.5
2022-09-19 18:10:35.167033404,North America,Clothing,808,24459.93,3325.77,6.0
2022-09-19 23:26:00.552110420,Europe,Beauty,848,48924.34,7877.46,4.9
2022-09-20 04:41:25.937187436,Asia,Electronics,914,43768.14,9013.72,8.3
2022-09-20 09:56:51.322264452,Asia,Clothing,278,18274.0,2263.63,7.2
2022-09-20 15:12:16.707341468,North America,Beauty,707,2751.58,6292.42,9.1
2022-09-20 20:27:42.092418484,North America,Electronics,140,42358.5,3982.13,4.5
2022-09-21 01:43:07.477495500,Europe,Home,812,45606.1,9896.53,9.1
2022-09-21 06:58:32.862572512,South America,Home,798,41121.06,4840.44,5.8
2022-09-21 12:13:58.247649528,Europe,Sports,841,6833.52,2360.37,7.9
2022-09-21 17:29:23.632726544,North America,Clothing,360,49896.8,3880.39,4.2
2022-09-21 22:44:49.017803560,Europe,Home,189,13299.92,6573.0,7.7
2022-09-22 04:00:14.402880576,North America,Clothing,811,36348.14,853.28,8.3
2022-09-22 09:15:39.787957592,Europe,Home,489,45447.73,6075.66,6.2
2022-09-22 14:31:05.173034608,North America,Sports,898,12166.51,9319.13,5.3
2022-09-22 19:46:30.558111620,North America,Beauty,172,45458.8,8518.59,7.2
2022-09-23 01:01:55.943188636,North America,Sports,792,15819.34,769.97,9.0
2022-09-23 06:17:21.328265652,South America,Electronics,897,48832.45,9934.56,5.9
2022-09-23 11:32:46.713342668,Europe,Home,105,14422.37,7017.4,5.5
2022-09-23 16:48:12.098419684,Europe,Electronics,783,47695.07,1706.58,5.7
2022-09-23 22:03:37.483496700,Europe,Electronics,519,3150.46,222.92,9.7
2022-09-24 03:19:02.868573712,North America,Clothing,374,35608.96,1795.7,6.2
2022-09-24 08:34:28.253650728,Europe,Home,990,26839.5,8397.94,4.0
2022-09-24 13:49:53.638727744,Europe,Electronics,362,24154.92,314.23,8.7
2022-09-24 19:05:19.023804760,North America,Beauty,809,11562.97,2408.16,8.2
2022-09-25 00:20:44.408881776,Asia,Electronics,445,35426.99,7597.33,4.8
2022-09-25 05:36:09.793958792,North America,Beauty,92,9945.07,5902.49,9.9
2022-09-25 10:51:35.179035808,Europe,Clothing,234,27865.67,7849.08,7.6
2022-09-25 16:07:00.564112820,North America,Electronics,421,13035.65,7486.89,7.0
2022-09-25 21:22:25.949189836,Asia,Sports,744,47803.26,600.95,6.3
2022-09-26 02:37:51.334266852,North America,Clothing,990,1917.24,8935.86,9.4
2022-09-26 07:53:16.719343868,Europe,Beauty,127,10386.55,2347.62,5.5
2022-09-26 13:08:42.104420884,Asia,Clothing,491,12494.38,5578.59,5.7
2022-09-26 18:24:07.489497900,South America,Electronics,201,20996.36,6478.45,4.7
2022-09-26 23:39:32.874574916,Europe,Home,600,12020.15,1769.42,8.6
2022-09-27 04:54:58.259651928,Asia,Home,599,24821.78,9764.69,7.6
2022-09-27 10:10:23.644728944,Asia,Beauty,668,43687.04,4932.74,7.7
2022-09-27 15:25:49.029805960,South America,Beauty,116,35747.14,670.66,5.3
2022-09-27 20:41:14.414882976,North America,Home,391,29208.12,9378.89,7.9
2022-09-28 01:56:39.799959992,North America,Beauty,792,4905.66,5904.05,8.6
2022-09-28 07:12:05.185037008,Europe,Clothing,399,34852.61,7022.01,6.1
2022-09-28 12:27:30.570114020,South America,Sports,253,8737.51,5299.24,8.8
2022-09-28 17:42:55.955191036,North America,Sports,594,39425.19,8363.91,6.1
2022-09-28 22:58:21.340268052,South America,Clothing,878,12877.81,428.02,8.5
2022-09-29 04:13:46.725345068,North America,Sports,477,21143.91,2756.95,4.2
2022-09-29 09:29:12.110422084,Asia,Electronics,875,17848.28,4749.52,7.3
2022-09-29 14:44:37.495499100,North America,Clothing,943,43011.29,858.38,9.8
2022-09-29 20:00:02.880576116,South America,Beauty,547,6763.95,7088.48,9.9
2022-09-30 01:15:28.265653128,Asia,Clothing,219,28499.42,3997.27,5.7
2022-09-30 06:30:53.650730144,Asia,Home,613,7532.05,2799.41,6.6
2022-09-30 11:46:19.035807160,Asia,Beauty,646,35387.39,133.45,4.4
2022-09-30 17:01:44.420884176,South America,Home,956,45301.37,7226.32,9.2
2022-09-30 22:17:09.805961192,Europe,Beauty,82,22013.08,8354.71,7.4
2022-10-01 03:32:35.191038208,Europe,Sports,644,24660.57,4010.9,6.3
2022-10-01 08:48:00.576115224,Europe,Clothing,318,46407.43,5685.76,4.7
2022-10-01 14:03:25.961192236,South America,Electronics,705,26289.07,2354.1,9.7
2022-10-01 19:18:51.346269252,Asia,Beauty,708,24636.12,6259.76,7.2
2022-10-02 00:34:16.731346268,Europe,Beauty,719,29127.29,220.16,5.7
2022-10-02 05:49:42.116423284,South America,Home,599,34616.87,4937.57,6.1
2022-10-02 11:05:07.501500300,Europe,Sports,869,5790.73,6477.63,5.6
2022-10-02 16:20:32.886577316,North America,Home,195,41144.97,9190.1,7.6
2022-10-02 21:35:58.271654328,Europe,Home,865,22057.5,3875.22,9.6
2022-10-03 02:51:23.656731344,Europe,Sports,262,4081.25,7675.38,9.1
2022-10-03 08:06:49.041808360,Asia,Electronics,22,39416.04,6017.1,6.8
2022-10-03 13:22:14.426885376,South America,Home,308,19159.02,9277.42,9.0
2022-10-03 18:37:39.811962392,Asia,Home,85,5468.19,4043.94,6.5
2022-10-03 23:53:05.197039408,Asia,Beauty,60,31872.06,3259.04,5.5
2022-10-04 05:08:30.582116424,Asia,Sports,796,44066.5,8882.71,9.9
2022-10-04 10:23:55.967193436,Asia,Clothing,158,44443.8,587.52,5.8
2022-10-04 15:39:21.352270452,Asia,Electronics,740,47904.34,1450.22,5.9
2022-10-04 20:54:46.737347468,Europe,Electronics,131,43451.42,915.8,9.9
2022-10-05 02:10:12.122424484,Asia,Sports,220,605.98,8446.79,4.8
2022-10-05 07:25:37.507501500,Asia,Beauty,289,19321.94,205.01,8.6
2022-10-05 12:41:02.892578516,South America,Beauty,547,41017.86,8630.41,9.6
2022-10-05 17:56:28.277655532,North America,Sports,694,18629.52,4567.55,7.1
2022-10-05 23:11:53.662732544,Europe,Beauty,165,30276.65,139.85,4.0
2022-10-06 04:27:19.047809560,Europe,Electronics,247,30512.69,4076.29,6.3
2022-10-06 09:42:44.432886576,Europe,Electronics,385,18568.75,1949.33,4.7
2022-10-06 14:58:09.817963592,Asia,Clothing,91,45271.46,6281.56,6.5
2022-10-06 20:13:35.203040608,Asia,Sports,501,25409.8,6825.65,8.7
2022-10-07 01:29:00.588117624,Asia,Home,365,23506.82,4926.52,6.6
2022-10-07 06:44:25.973194636,South America,Home,934,49876.93,501.14,6.6
2022-10-07 11:59:51.358271652,North America,Clothing,282,24928.27,6595.68,7.3
2022-10-07 17:15:16.743348668,Asia,Clothing,589,9330.71,8436.18,7.5
2022-10-07 22:30:42.128425684,North America,Beauty,53,25896.94,7231.21,9.1
2022-10-08 03:46:07.513502700,South America,Clothing,582,40793.83,8316.58,5.9
2022-10-08 09:01:32.898579716,Europe,Clothing,132,38954.59,2085.04,8.9
2022-10-08 14:16:58.283656732,Asia,Home,358,39534.8,8899.99,7.4
2022-10-08 19:32:23.668733744,North America,Beauty,717,35547.18,3289.72,5.8
2022-10-09 00:47:49.053810760,North America,Clothing,339,13083.78,232.71,5.8
2022-10-09 06:03:14.438887776,Asia,Clothing,418,43173.16,8449.58,6.2
2022-10-09 11:18:39.823964792,Europe,Beauty,332,44725.45,9424.03,7.7
2022-10-09 16:34:05.209041808,Europe,Sports,120,10110.56,6590.03,5.4
2022-10-09 21:49:30.594118824,Europe,Beauty,779,6957.55,2391.22,9.5
2022-10-10 03:04:55.979195840,South America,Home,98,48792.45,2592.27,7.4
2022-10-10 08:20:21.364272852,North America,Sports,442,43482.04,4719.27,9.5
2022-10-10 13:35:46.749349868,North America,Electronics,719,44715.19,8988.53,4.3
2022-10-10 18:51:12.134426884,North America,Beauty,803,44375.63,1581.02,6.1
2022-10-11 00:06:37.519503900,South America,Home,721,27313.5,8277.14,4.1
2022-10-11 05:22:02.904580916,North America,Sports,108,32496.89,2983.9,5.6
2022-10-11 10:37:28.289657932,South America,Beauty,548,27495.46,8105.0,9.2
2022-10-11 15:52:53.674734948,Europe,Clothing,610,3034.71,9210.68,4.2
2022-10-11 21:08:19.059811960,Asia,Beauty,155,37402.4,4332.19,6.6
2022-10-12 02:23:44.444888976,North America,Electronics,703,25513.94,3714.0,4.7
2022-10-12 07:39:09.829965992,North America,Beauty,266,32561.6,8041.99,6.5
2022-10-12 12:54:35.215043008,Europe,Sports,198,25380.67,5341.88,9.0
2022-10-12 18:10:00.600120024,Asia,Sports,249,24844.66,6876.05,7.7
2022-10-12 23:25:25.985197040,South America,Beauty,880,9003.56,6266.01,8.4
2022-10-13 04:40:51.370274052,Asia,Sports,908,14296.33,1613.6,6.1
2022-10-13 09:56:16.755351068,Europe,Clothing,512,8363.21,8463.42,9.7
2022-10-13 15:11:42.140428084,Europe,Beauty,717,10185.48,2038.17,8.3
2022-10-13 20:27:07.525505100,Asia,Clothing,818,48662.38,9329.59,6.5
2022-10-14 01:42:32.910582116,South America,Clothing,686,8079.12,2580.66,6.6
2022-10-14 06:57:58.295659132,South America,Home,828,13828.89,7365.42,9.5
2022-10-14 12:13:23.680736148,North America,Beauty,280,29734.19,2918.09,7.5
2022-10-14 17:28:49.065813160,South America,Sports,529,30703.84,3246.08,8.2
2022-10-14 22:44:14.450890176,Asia,Clothing,559,8121.72,3169.02,6.5
2022-10-15 03:59:39.835967192,Europe,Home,123,39789.01,7504.13,5.3
2022-10-15 09:15:05.221044208,North America,Beauty,348,39367.54,5612.47,8.3
2022-10-15 14:30:30.606121224,North America,Beauty,577,12247.23,8841.23,7.6
2022-10-15 19:45:55.991198240,Europe,Electronics,952,14788.98,3142.99,7.0
2022-10-16 01:01:21.376275256,South America,Electronics,995,46930.4,6950.73,7.7
2022-10-16 06:16:46.761352268,Europe,Clothing,368,41370.74,7554.19,5.2
2022-10-16 11:32:12.146429284,South America,Electronics,659,35040.95,1599.67,8.8
2022-10-16 16:47:37.531506300,Europe,Clothing,623,4570.54,4065.83,9.7
2022-10-16 22:03:02.916583316,Asia,Sports,343,21204.07,4879.89,9.3
2022-10-17 03:18:28.301660332,South America,Clothing,698,28185.44,3621.31,5.9
2022-10-17 08:33:53.686737348,Asia,Electronics,178,9776.86,3288.91,6.4
2022-10-17 13:49:19.071814360,North America,Sports,348,22687.22,6895.56,8.9
2022-10-17 19:04:44.456891376,Europe,Electronics,807,30250.78,2237.08,7.6
2022-10-18 00:20:09.841968392,North America,Clothing,270,16705.15,7122.97,7.3
2022-10-18 05:35:35.227045408,North America,Home,896,39156.77,9356.94,9.6
2022-10-18 10:51:00.612122424,North America,Beauty,744,42102.25,5695.46,7.2
2022-10-18 16:06:25.997199440,North America,Electronics,208,16518.67,6153.2,7.1
2022-10-18 21:21:51.382276456,Europe,Clothing,220,42013.53,782.43,4.3
2022-10-19 02:37:16.767353468,North America,Sports,296,5627.04,8658.32,4.4
2022-10-19 07:52:42.152430484,Europe,Electronics,701,41967.59,2925.93,4.0
2022-10-19 13:08:07.537507500,Europe,Electronics,771,8061.15,6189.01,9.5
2022-10-19 18:23:32.922584516,Asia,Beauty,752,4604.89,9793.21,6.5
2022-10-19 23:38:58.307661532,South America,Clothing,481,32267.88,5995.48,6.8
2022-10-20 04:54:23.692738548,South America,Home,491,23860.9,7274.62,9.1
2022-10-20 10:09:49.077815564,Europe,Sports,32,45440.58,4508.66,7.7
2022-10-20 15:25:14.462892576,Asia,Clothing,569,18477.87,697.62,7.7
2022-10-20 20:40:39.847969592,Europe,Sports,118,14714.04,7996.23,5.8
2022-10-21 01:56:05.233046608,Europe,Electronics,305,25286.38,446.49,9.0
2022-10-21 07:11:30.618123624,Europe,Beauty,15,23069.34,7036.51,5.0
2022-10-21 12:26:56.003200640,Asia,Beauty,559,17549.19,326.92,4.3
2022-10-21 17:42:21.388277656,South America,Home,690,34840.19,8636.82,5.1
2022-10-21 22:57:46.773354668,Asia,Beauty,877,38098.31,1660.6,5.6
2022-10-22 04:13:12.158431684,North America,Electronics,804,42722.71,5191.29,5.7
2022-10-22 09:28:37.543508700,Asia,Home,212,48656.4,6011.79,8.0
2022-10-22 14:44:02.928585716,Asia,Clothing,334,13699.48,4629.7,5.3
2022-10-22 19:59:28.313662732,Asia,Beauty,834,35946.63,3473.56,8.1
2022-10-23 01:14:53.698739748,Asia,Home,794,20015.78,4731.36,4.5
2022-10-23 06:30:19.083816764,South America,Electronics,253,34015.56,3183.02,4.9
2022-10-23 11:45:44.468893776,North America,Sports,336,24061.09,4437.41,7.1
2022-10-23 17:01:09.853970792,South America,Sports,996,49691.77,3653.24,9.5
2022-10-23 22:16:35.239047808,South America,Electronics,56,36580.66,5705.43,9.2
2022-10-24 03:32:00.624124824,Asia,Electronics,770,47648.32,2455.45,9.8
2022-10-24 08:47:26.009201840,Europe,Sports,600,41830.99,9887.7,7.9
2022-10-24 14:02:51.394278856,Europe,Home,631,45193.6,5058.61,8.1
2022-10-24 19:18:16.779355872,South America,Sports,22,40813.75,2022.2,7.8
2022-10-25 00:33:42.164432884,South America,Electronics,916,23228.38,4822.96,7.7
2022-10-25 05:49:07.549509900,Asia,Beauty,389,12963.53,8677.51,4.9
2022-10-25 11:04:32.934586916,South America,Clothing,374,18830.85,315.89,7.3
2022-10-25 16:19:58.319663932,Asia,Beauty,611,1501.69,6827.59,6.3
2022-10-25 21:35:23.704740948,Europe,Beauty,351,26437.66,5524.88,6.7
2022-10-26 02:50:49.089817964,Europe,Electronics,869,25500.36,1778.62,7.1
2022-10-26 08:06:14.474894976,North America,Sports,801,26499.9,8193.02,4.8
2022-10-26 13:21:39.859971992,Europe,Home,230,48714.55,3751.96,6.2
2022-10-26 18:37:05.245049008,South America,Beauty,82,45616.97,3008.64,4.4
2022-10-26 23:52:30.630126024,Europe,Sports,755,8504.78,8298.44,9.9
2022-10-27 05:07:56.015203040,Asia,Home,781,18759.68,6421.4,4.7
2022-10-27 10:23:21.400280056,Europe,Beauty,634,21485.83,8992.76,5.6
2022-10-27 15:38:46.785357072,North America,Home,55,18346.38,6335.85,9.3
2022-10-27 20:54:12.170434084,Europe,Sports,513,40025.55,7434.09,6.9
2022-10-28 02:09:37.555511100,Asia,Clothing,283,26439.86,8380.81,4.8
2022-10-28 07:25:02.940588116,Asia,Sports,564,28818.94,641.92,6.3
2022-10-28 12:40:28.325665132,South America,Electronics,217,42724.17,7782.88,4.7
2022-10-28 17:55:53.710742148,Europe,Home,938,40393.44,6175.69,5.2
2022-10-28 23:11:19.095819164,Asia,Clothing,870,7044.47,788.13,4.3
2022-10-29 04:26:44.480896180,North America,Home,624,35838.77,5134.92,6.6
2022-10-29 09:42:09.865973192,South America,Home,133,22054.09,916.33,8.8
2022-10-29 14:57:35.251050208,North America,Beauty,19,15085.12,7385.88,7.5
2022-10-29 20:13:00.636127224,Europe,Electronics,338,2975.93,5510.37,7.6
2022-10-30 01:28:26.021204240,Europe,Home,196,24618.85,9540.38,5.2
2022-10-30 06:43:51.406281256,Europe,Sports,552,18094.12,1913.04,6.1
2022-10-30 11:59:16.791358272,South America,Sports,677,12949.9,6099.73,9.1
2022-10-30 17:14:42.176435288,Asia,Beauty,69,34886.25,2194.66,4.5
2022-10-30 22:30:07.561512300,South America,Electronics,770,38589.53,6179.24,9.1
2022-10-31 03:45:32.946589316,North America,Electronics,908,12617.08,7254.23,6.9
2022-10-31 09:00:58.331666332,South America,Sports,895,2947.65,7250.81,9.0
2022-10-31 14:16:23.716743348,North America,Clothing,960,42513.26,8169.23,5.9
2022-10-31 19:31:49.101820364,South America,Beauty,791,993.01,8550.15,6.0
2022-11-01 00:47:14.486897380,Asia,Beauty,451,46887.07,864.99,8.5
2022-11-01 06:02:39.871974392,North America,Sports,226,31567.18,3498.34,8.7
2022-11-01 11:18:05.257051408,Europe,Sports,920,16431.41,6902.51,5.4
2022-11-01 16:33:30.642128424,Europe,Clothing,11,12700.66,5036.0,9.8
2022-11-01 21:48:56.027205440,South America,Clothing,545,945.78,1987.69,4.5
2022-11-02 03:04:21.412282456,Europe,Electronics,727,12155.84,5571.82,4.4
2022-11-02 08:19:46.797359472,North America,Beauty,841,7317.55,4133.61,7.6
2022-11-02 13:35:12.182436488,Europe,Beauty,720,30802.23,3961.38,8.3
2022-11-02 18:50:37.567513500,Asia,Sports,365,8744.01,8116.56,9.8
2022-11-03 00:06:02.952590516,Asia,Electronics,635,26667.18,4135.22,6.4
2022-11-03 05:21:28.337667532,South America,Beauty,801,29710.76,361.9,4.2
2022-11-03 10:36:53.722744548,North America,Electronics,676,15253.06,674.83,7.6
2022-11-03 15:52:19.107821564,Asia,Electronics,174,2235.71,8576.82,5.7
2022-11-03 21:07:44.492898580,Asia,Sports,743,2344.07,9609.95,6.6
2022-11-04 02:23:09.877975596,North America,Electronics,100,1804.19,6915.25,6.9
2022-11-04 07:38:35.263052608,Europe,Clothing,176,37086.67,3707.25,4.4
2022-11-04 12:54:00.648129624,Europe,Clothing,968,16241.48,9392.14,6.9
2022-11-04 18:09:26.033206640,South America,Home,216,39916.86,6661.75,6.6
2022-11-04 23:24:51.418283656,Europe,Sports,291,21870.77,8458.9,8.3
2022-11-05 04:40:16.803360672,North America,Home,74,22923.41,7681.94,7.9
2022-11-05 09:55:42.188437688,Asia,Clothing,897,25887.69,3853.48,5.1
2022-11-05 15:11:07.573514700,Europe,Home,525,35795.06,4839.15,5.2
2022-11-05 20:26:32.958591716,South America,Sports,166,14038.39,1942.71,5.5
2022-11-06 01:41:58.343668732,Europe,Sports,770,6518.57,2990.94,5.1
2022-11-06 06:57:23.728745748,North America,Electronics,778,28024.84,7803.44,7.9
2022-11-06 12:12:49.113822764,South America,Beauty,756,16685.39,8950.39,10.0
2022-11-06 17:28:14.498899780,Europe,Electronics,315,22403.32,7272.16,7.9
2022-11-06 22:43:39.883976796,South America,Sports,887,32523.86,4705.22,7.6
2022-11-07 03:59:05.269053808,North America,Clothing,991,24959.22,956.44,6.5
2022-11-07 09:14:30.654130824,Asia,Clothing,404,31203.8,663.78,5.9
2022-11-07 14:29:56.039207840,North America,Electronics,83,27437.9,3805.82,9.5
2022-11-07 19:45:21.424284856,North America,Sports,196,37119.92,4691.84,9.8
2022-11-08 01:00:46.809361872,North America,Clothing,583,35443.86,6130.29,7.0
2022-11-08 06:16:12.194438888,North America,Sports,346,26942.4,164.25,5.7
2022-11-08 11:31:37.579515904,Asia,Clothing,685,34105.7,9898.26,8.6
2022-11-08 16:47:02.964592916,Asia,Sports,577,43741.2,3702.99,4.8
2022-11-08 22:02:28.349669932,South America,Home,632,21897.43,8496.14,8.6
2022-11-09 03:17:53.734746948,Europe,Sports,739,20931.77,5396.17,8.9
2022-11-09 08:33:19.119823964,Asia,Sports,249,38330.16,1391.35,4.7
2022-11-09 13:48:44.504900980,Asia,Electronics,542,29336.41,7995.9,9.9
2022-11-09 19:04:09.889977996,Europe,Home,150,4014.84,7127.29,9.9
2022-11-10 00:19:35.275055008,Asia,Beauty,274,44659.54,5321.62,9.6
2022-11-10 05:35:00.660132024,North America,Electronics,148,2023.76,5194.08,7.0
2022-11-10 10:50:26.045209040,North America,Beauty,468,37545.62,966.05,5.5
2022-11-10 16:05:51.430286056,Europe,Clothing,79,38060.31,6592.9,7.5
2022-11-10 21:21:16.815363072,South America,Beauty,394,47679.0,9121.33,6.5
2022-11-11 02:36:42.200440088,South America,Sports,639,3179.65,1023.12,5.2
2022-11-11 07:52:07.585517104,Europe,Beauty,207,30044.41,2708.76,6.5
2022-11-11 13:07:32.970594116,Europe,Electronics,214,21678.11,9032.85,8.0
2022-11-11 18:22:58.355671132,North America,Electronics,735,16866.33,2915.0,4.4
2022-11-11 23:38:23.740748148,South America,Beauty,577,4970.77,6574.04,6.0
2022-11-12 04:53:49.125825164,Asia,Electronics,808,28351.38,5394.7,4.1
2022-11-12 10:09:14.510902180,North America,Electronics,991,24212.52,6003.64,8.5
2022-11-12 15:24:39.895979196,Europe,Beauty,814,5675.45,4216.31,7.8
2022-11-12 20:40:05.281056212,South America,Home,696,30818.23,3069.92,4.4
2022-11-13 01:55:30.666133224,Asia,Home,868,37028.68,580.48,9.8
2022-11-13 07:10:56.051210240,Asia,Clothing,891,38480.28,7468.38,4.1
2022-11-13 12:26:21.436287256,North America,Electronics,983,45315.97,7486.33,7.5
2022-11-13 17:41:46.821364272,South America,Beauty,649,20768.8,6740.18,8.7
2022-11-13 22:57:12.206441288,South America,Electronics,440,47677.1,6471.97,8.7
2022-11-14 04:12:37.591518304,Europe,Sports,899,43338.76,2512.8,4.2
2022-11-14 09:28:02.976595316,South America,Electronics,334,15176.83,321.21,9.4
2022-11-14 14:43:28.361672332,South America,Electronics,451,8384.51,8106.28,9.5
2022-11-14 19:58:53.746749348,North America,Home,813,22051.78,4962.27,7.4
2022-11-15 01:14:19.131826364,South America,Beauty,297,20393.99,3137.7,6.9
2022-11-15 06:29:44.516903380,Asia,Electronics,235,28998.11,1109.13,4.3
2022-11-15 11:45:09.901980396,North America,Home,73,29377.62,720.94,7.4
2022-11-15 17:00:35.287057412,North America,Clothing,976,37624.36,3553.78,6.5
2022-11-15 22:16:00.672134424,Europe,Home,947,25739.55,8066.9,8.6
2022-11-16 03:31:26.057211440,South America,Home,569,5688.72,9195.37,6.4
2022-11-16 08:46:51.442288456,Europe,Home,723,42985.42,8977.84,8.1
2022-11-16 14:02:16.827365472,Asia,Electronics,507,15833.35,9208.01,4.6
2022-11-16 19:17:42.212442488,North America,Electronics,858,48579.22,9086.48,4.8
2022-11-17 00:33:07.597519504,North America,Clothing,935,6334.08,5319.53,4.8
2022-11-17 05:48:32.982596520,North America,Sports,926,47933.43,2272.21,4.3
2022-11-17 11:03:58.367673532,Asia,Sports,69,5005.08,8000.66,7.2
2022-11-17 16:19:23.752750548,Asia,Sports,406,11936.29,2215.76,8.8
2022-11-17 21:34:49.137827564,Europe,Clothing,266,2805.71,2745.35,7.7
2022-11-18 02:50:14.522904580,Europe,Sports,586,35403.1,2409.22,7.4
2022-11-18 08:05:39.907981596,Europe,Sports,248,42589.79,5198.33,8.1
2022-11-18 13:21:05.293058612,South America,Home,810,21986.52,3286.09,6.0
2022-11-18 18:36:30.678135628,North America,Electronics,47,46461.84,1626.14,6.2
2022-11-18 23:51:56.063212640,North America,Electronics,34,29719.8,4586.42,5.9
2022-11-19 05:07:21.448289656,Europe,Home,419,31685.35,8751.68,8.3
2022-11-19 10:22:46.833366672,North America,Home,470,42348.25,5748.47,5.0
2022-11-19 15:38:12.218443688,Europe,Home,580,15191.61,8795.52,4.1
2022-11-19 20:53:37.603520704,South America,Electronics,997,18036.15,2039.13,7.6
2022-11-20 02:09:02.988597720,South America,Sports,426,45344.62,1753.04,9.7
2022-11-20 07:24:28.373674732,Asia,Home,366,45097.69,5798.21,7.7
2022-11-20 12:39:53.758751748,South America,Clothing,392,48835.9,4686.96,8.7
2022-11-20 17:55:19.143828764,Europe,Home,818,45141.0,6635.71,8.0
2022-11-20 23:10:44.528905780,South America,Beauty,167,6804.92,7966.81,7.0
2022-11-21 04:26:09.913982796,Asia,Home,578,41274.35,7537.94,8.3
2022-11-21 09:41:35.299059812,North America,Electronics,442,20787.0,9428.39,8.9
2022-11-21 14:57:00.684136828,Europe,Home,57,49544.67,4042.74,5.3
2022-11-21 20:12:26.069213840,North America,Beauty,337,23877.91,2143.23,6.0
2022-11-22 01:27:51.454290856,Asia,Clothing,442,27914.89,5554.04,5.3
2022-11-22 06:43:16.839367872,Asia,Sports,440,26723.86,1196.36,6.7
2022-11-22 11:58:42.224444888,Asia,Home,65,16425.98,2959.63,9.3
2022-11-22 17:14:07.609521904,North America,Beauty,586,4213.59,2158.09,6.1
2022-11-22 22:29:32.994598920,North America,Beauty,277,44834.74,4025.98,6.2
2022-11-23 03:44:58.379675936,North America,Clothing,78,40232.45,1201.04,9.2
2022-11-23 09:00:23.764752948,North America,Electronics,737,7406.58,415.23,7.1
2022-11-23 14:15:49.149829964,Asia,Home,911,38950.03,6602.26,7.2
2022-11-23 19:31:14.534906980,Asia,Beauty,610,31479.41,6141.46,9.2
2022-11-24 00:46:39.919983996,Europe,Clothing,458,20752.62,7112.75,6.9
2022-11-24 06:02:05.305061012,Europe,Sports,802,13074.05,6637.83,8.1
2022-11-24 11:17:30.690138028,North America,Beauty,266,43056.57,1231.52,4.5
2022-11-24 16:32:56.075215040,South America,Clothing,681,35159.32,2981.68,5.1
2022-11-24 21:48:21.460292056,South America,Electronics,499,27613.13,1382.31,6.4
2022-11-25 03:03:46.845369072,Asia,Electronics,755,30673.64,8445.43,7.0
2022-11-25 08:19:12.230446088,Asia,Beauty,652,5007.78,7494.35,9.8
2022-11-25 13:34:37.615523104,Asia,Beauty,58,23959.03,2095.12,9.8
2022-11-25 18:50:03.000600120,Europe,Home,668,10088.16,3478.96,9.1
2022-11-26 00:05:28.385677136,Europe,Clothing,325,10814.99,9669.49,5.9
2022-11-26 05:20:53.770754148,Asia,Beauty,422,33234.55,5982.18,9.8
2022-11-26 10:36:19.155831164,Asia,Home,443,45607.18,8031.44,8.1
2022-11-26 15:51:44.540908180,Asia,Home,11,20485.95,2719.45,6.4
2022-11-26 21:07:09.925985196,South America,Beauty,850,10783.59,2179.52,8.2
2022-11-27 02:22:35.311062212,Europe,Electronics,961,32612.97,7860.78,4.1
2022-11-27 07:38:00.696139228,South America,Clothing,154,43623.76,6890.14,4.9
2022-11-27 12:53:26.081216244,South America,Clothing,965,37541.78,6841.68,9.0
2022-11-27 18:08:51.466293256,Asia,Electronics,375,43503.48,5571.08,7.9
2022-11-27 23:24:16.851370272,Asia,Beauty,429,27059.46,5679.43,6.2
2022-11-28 04:39:42.236447288,North America,Clothing,582,37717.87,7383.41,7.0
2022-11-28 09:55:07.621524304,North America,Beauty,794,7433.2,2773.02,9.4
2022-11-28 15:10:33.006601320,South America,Beauty,570,17739.59,3592.41,7.8
2022-11-28 20:25:58.391678336,Europe,Home,853,19782.68,8729.2,6.4
2022-11-29 01:41:23.776755348,Asia,Electronics,453,25809.14,3157.77,4.7
2022-11-29 06:56:49.161832364,Asia,Beauty,925,46489.28,5508.46,5.8
2022-11-29 12:12:14.546909380,South America,Sports,443,43777.68,7056.13,9.9
2022-11-29 17:27:39.931986396,North America,Electronics,652,7159.01,9999.26,6.6
2022-11-29 22:43:05.317063412,Europe,Clothing,564,9053.09,4409.38,6.8
2022-11-30 03:58:30.702140428,North America,Home,66,18203.21,4338.12,7.0
2022-11-30 09:13:56.087217444,North America,Clothing,571,14891.82,8441.62,9.3
2022-11-30 14:29:21.472294456,North America,Clothing,973,30931.16,8074.48,7.6
2022-11-30 19:44:46.857371472,North America,Electronics,986,45187.41,7337.65,8.2
2022-12-01 01:00:12.242448488,Asia,Clothing,187,48133.43,4685.97,6.3
2022-12-01 06:15:37.627525504,Asia,Beauty,302,32853.35,3307.0,4.2
2022-12-01 11:31:03.012602520,North America,Clothing,55,41988.88,6126.43,9.6
2022-12-01 16:46:28.397679536,Europe,Home,179,26497.51,8774.61,9.7
2022-12-01 22:01:53.782756552,South America,Home,280,10812.18,8849.4,9.7
2022-12-02 03:17:19.167833564,Europe,Sports,426,26472.08,1174.13,9.7
2022-12-02 08:32:44.552910580,Europe,Home,857,27976.59,4340.67,8.9
2022-12-02 13:48:09.937987596,Europe,Clothing,148,37251.65,4700.75,8.1
2022-12-02 19:03:35.323064612,North America,Home,256,11384.21,9778.39,9.1
2022-12-03 00:19:00.708141628,Asia,Electronics,157,18731.36,6812.18,7.6
2022-12-03 05:34:26.093218644,Europe,Home,239,18519.36,4131.74,4.8
2022-12-03 10:49:51.478295656,North America,Beauty,801,47992.26,357.97,6.3
2022-12-03 16:05:16.863372672,Europe,Electronics,646,22475.28,5697.31,9.8
2022-12-03 21:20:42.248449688,Europe,Sports,713,37877.15,1051.15,6.1
2022-12-04 02:36:07.633526704,North America,Beauty,383,37665.16,8361.05,9.2
2022-12-04 07:51:33.018603720,Asia,Clothing,89,13644.44,7549.93,4.6
2022-12-04 13:06:58.403680736,Asia,Clothing,615,28807.55,4659.04,6.0
2022-12-04 18:22:23.788757752,South America,Clothing,747,44767.99,4349.19,6.1
2022-12-04 23:37:49.173834764,North America,Beauty,74,24022.29,8983.66,4.3
2022-12-05 04:53:14.558911780,South America,Beauty,97,47283.32,2955.74,4.7
2022-12-05 10:08:39.943988796,South America,Beauty,97,11115.68,2565.3,5.2
2022-12-05 15:24:05.329065812,South America,Electronics,722,4170.88,9398.05,9.0
2022-12-05 20:39:30.714142828,Asia,Electronics,735,44626.97,8111.53,4.4
2022-12-06 01:54:56.099219844,North America,Clothing,213,42460.22,8224.19,5.8
2022-12-06 07:10:21.484296860,South America,Home,922,49633.2,2032.42,4.1
2022-12-06 12:25:46.869373872,North America,Clothing,391,34129.98,1518.63,8.2
2022-12-06 17:41:12.254450888,North America,Sports,610,46866.05,357.69,7.7
2022-12-06 22:56:37.639527904,Asia,Electronics,485,41433.98,2446.71,7.9
2022-12-07 04:12:03.024604920,South America,Beauty,582,42299.1,7764.49,6.2
2022-12-07 09:27:28.409681936,South America,Electronics,792,28672.51,2476.38,5.2
2022-12-07 14:42:53.794758952,North America,Beauty,615,19427.05,7318.12,8.3
2022-12-07 19:58:19.179835968,Europe,Sports,828,46760.62,2593.89,8.9
2022-12-08 01:13:44.564912980,Asia,Sports,548,21889.8,4013.4,4.8
2022-12-08 06:29:09.949989996,Asia,Electronics,223,27171.56,9833.31,6.9
2022-12-08 11:44:35.335067012,Asia,Beauty,83,22582.66,2523.64,5.5
2022-12-08 17:00:00.720144028,Asia,Sports,70,28458.51,3826.07,5.0
2022-12-08 22:15:26.105221044,South America,Clothing,707,23790.0,3080.76,8.4
2022-12-09 03:30:51.490298060,South America,Clothing,552,2874.39,1185.29,7.2
2022-12-09 08:46:16.875375072,Europe,Beauty,228,44161.39,4949.95,5.3
2022-12-09 14:01:42.260452088,Asia,Electronics,21,22497.49,3849.04,5.9
2022-12-09 19:17:07.645529104,Asia,Sports,823,29652.71,6979.38,9.8
2022-12-10 00:32:33.030606120,North America,Electronics,424,7389.8,8194.19,9.1
2022-12-10 05:47:58.415683136,South America,Clothing,41,667.7,5488.07,9.3
2022-12-10 11:03:23.800760152,Asia,Sports,169,12641.86,418.74,6.8
2022-12-10 16:18:49.185837168,Europe,Electronics,246,35377.01,6227.33,7.7
2022-12-10 21:34:14.570914180,Europe,Home,748,5410.13,648.37,6.3
2022-12-11 02:49:39.955991196,South America,Beauty,190,45489.93,6201.93,4.5
2022-12-11 08:05:05.341068212,Europe,Beauty,838,11143.62,6881.8,6.4
2022-12-11 13:20:30.726145228,Europe,Home,567,10627.38,2057.9,7.6
2022-12-11 18:35:56.111222244,South America,Clothing,350,9484.64,8211.53,5.7
2022-12-11 23:51:21.496299260,Asia,Sports,467,1192.09,9119.74,9.1
2022-12-12 05:06:46.881376276,Asia,Beauty,89,38704.37,8149.56,4.9
2022-12-12 10:22:12.266453288,Europe,Home,656,43814.21,3120.58,6.2
2022-12-12 15:37:37.651530304,Europe,Home,781,30901.05,5907.77,4.7
2022-12-12 20:53:03.036607320,Asia,Clothing,996,9815.9,9156.67,6.4
2022-12-13 02:08:28.421684336,South America,Clothing,829,14621.26,3274.58,4.2
2022-12-13 07:23:53.806761352,Europe,Electronics,768,24058.37,8218.28,5.6
2022-12-13 12:39:19.191838368,North America,Beauty,482,47740.12,193.8,6.4
2022-12-13 17:54:44.576915380,South America,Electronics,680,12743.89,136.1,6.9
2022-12-13 23:10:09.961992396,Europe,Home,724,36716.47,7621.15,7.3
2022-12-14 04:25:35.347069412,Europe,Sports,121,22252.69,7638.33,5.6
2022-12-14 09:41:00.732146428,North America,Sports,989,15243.44,7910.87,7.1
2022-12-14 14:56:26.117223444,North America,Clothing,301,23067.84,9307.27,7.1
2022-12-14 20:11:51.502300460,Asia,Sports,959,4024.73,1267.27,5.9
2022-12-15 01:27:16.887377476,South America,Sports,831,40035.02,2396.65,9.0
2022-12-15 06:42:42.272454488,South America,Sports,640,12543.45,9046.88,7.3
2022-12-15 11:58:07.657531504,Asia,Home,392,36407.9,1854.64,6.0
2022-12-15 17:13:33.042608520,South America,Sports,26,3883.24,6854.07,9.7
2022-12-15 22:28:58.427685536,South America,Sports,502,47777.38,5351.58,9.1
2022-12-16 03:44:23.812762552,South America,Sports,340,10054.24,923.62,9.9
2022-12-16 08:59:49.197839568,South America,Electronics,935,44195.73,2924.11,8.2
2022-12-16 14:15:14.582916584,South America,Home,748,40568.92,5251.68,6.3
2022-12-16 19:30:39.967993596,North America,Clothing,882,48409.07,8538.27,5.7
2022-12-17 00:46:05.353070612,South America,Electronics,495,24155.59,7104.63,8.0
2022-12-17 06:01:30.738147628,North America,Beauty,415,36506.17,6256.64,9.9
2022-12-17 11:16:56.123224644,South America,Home,126,18850.18,5010.73,7.8
2022-12-17 16:32:21.508301660,Asia,Home,564,9626.23,3056.97,9.3
2022-12-17 21:47:46.893378676,Europe,Beauty,889,22432.26,1280.52,6.0
2022-12-18 03:03:12.278455688,North America,Beauty,124,8704.58,4149.85,6.4
2022-12-18 08:18:37.663532704,South America,Beauty,804,49111.21,382.33,9.4
2022-12-18 13:34:03.048609720,Asia,Clothing,558,5264.2,2189.45,8.5
2022-12-18 18:49:28.433686736,Europe,Sports,823,29665.98,4381.59,9.9
2022-12-19 00:04:53.818763752,North America,Home,634,31509.96,4244.19,8.6
2022-12-19 05:20:19.203840768,Europe,Sports,556,27134.94,538.52,6.7
2022-12-19 10:35:44.588917784,Asia,Sports,653,33278.2,5931.7,7.2
2022-12-19 15:51:09.973994796,North America,Beauty,345,6250.95,5541.87,9.4
2022-12-19 21:06:35.359071812,Europe,Clothing,345,27973.42,873.23,7.3
2022-12-20 02:22:00.744148828,South America,Electronics,990,14717.02,9437.31,5.5
2022-12-20 07:37:26.129225844,North America,Clothing,931,47038.72,1083.89,6.6
2022-12-20 12:52:51.514302860,Europe,Sports,898,38222.55,8562.86,7.1
2022-12-20 18:08:16.899379876,Asia,Clothing,749,48639.47,103.07,4.6
2022-12-20 23:23:42.284456892,Asia,Beauty,156,2359.03,8834.58,8.5
2022-12-21 04:39:07.669533904,North America,Electronics,131,14614.09,295.23,4.7
2022-12-21 09:54:33.054610920,Europe,Beauty,90,10173.42,7602.34,6.4
2022-12-21 15:09:58.439687936,North America,Electronics,694,1052.15,3680.74,8.8
2022-12-21 20:25:23.824764952,North America,Sports,675,12495.12,7408.35,6.8
2022-12-22 01:40:49.209841968,Europe,Electronics,671,34099.41,4077.28,9.1
2022-12-22 06:56:14.594918984,Europe,Electronics,384,11938.9,801.99,6.1
2022-12-22 12:11:39.979996000,South America,Electronics,579,25695.67,7698.32,9.7
2022-12-22 17:27:05.365073012,Europe,Clothing,72,44447.0,805.4,5.3
2022-12-22 22:42:30.750150028,Asia,Clothing,513,34841.02,9228.99,4.2
2022-12-23 03:57:56.135227044,North America,Sports,677,20034.14,604.64,9.2
2022-12-23 09:13:21.520304060,North America,Electronics,458,18937.21,4845.32,8.5
2022-12-23 14:28:46.905381076,Asia,Home,437,23058.92,7258.04,5.4
2022-12-23 19:44:12.290458092,Europe,Sports,877,9263.55,3993.14,9.9
2022-12-24 00:59:37.675535104,Asia,Electronics,436,31883.04,2250.61,7.0
2022-12-24 06:15:03.060612120,Asia,Electronics,430,18525.56,7615.0,9.7
2022-12-24 11:30:28.445689136,South America,Clothing,331,42692.08,7864.52,7.0
2022-12-24 16:45:53.830766152,Asia,Sports,922,37949.36,9234.68,6.8
2022-12-24 22:01:19.215843168,North America,Electronics,689,30720.4,3824.03,6.7
2022-12-25 03:16:44.600920184,Asia,Electronics,175,18528.01,5111.89,6.0
2022-12-25 08:32:09.985997200,North America,Sports,606,10891.63,3694.97,7.2
2022-12-25 13:47:35.371074212,North America,Home,966,38919.52,2645.11,6.7
2022-12-25 19:03:00.756151228,North America,Sports,658,24577.25,7535.23,4.2
2022-12-26 00:18:26.141228244,Europe,Sports,470,11625.13,3462.55,5.6
2022-12-26 05:33:51.526305260,South America,Home,468,10161.14,4338.68,5.3
2022-12-26 10:49:16.911382276,North America,Sports,198,8687.34,4096.37,9.2
2022-12-26 16:04:42.296459292,North America,Electronics,473,38969.48,7155.35,7.6
2022-12-26 21:20:07.681536308,Europe,Sports,921,11834.87,9186.18,8.6
2022-12-27 02:35:33.066613320,North America,Home,388,26568.79,6700.89,9.7
2022-12-27 07:50:58.451690336,Asia,Beauty,11,22851.54,4768.67,7.9
2022-12-27 13:06:23.836767352,Asia,Sports,627,29190.74,7814.13,9.9
2022-12-27 18:21:49.221844368,South America,Clothing,373,43919.17,6445.62,5.9
2022-12-27 23:37:14.606921384,North America,Electronics,81,43453.5,700.04,5.1
2022-12-28 04:52:39.991998400,Europe,Electronics,436,22828.27,1047.07,6.4
2022-12-28 10:08:05.377075412,Asia,Clothing,647,1260.63,475.38,6.8
2022-12-28 15:23:30.762152428,Europe,Clothing,179,21608.97,4622.48,9.4
2022-12-28 20:38:56.147229444,Europe,Sports,214,30506.58,8275.95,7.4
2022-12-29 01:54:21.532306460,Asia,Clothing,834,28109.36,3199.52,5.8
2022-12-29 07:09:46.917383476,Europe,Beauty,346,32741.14,3903.19,8.5
2022-12-29 12:25:12.302460492,Asia,Home,481,8126.75,9103.82,7.0
2022-12-29 17:40:37.687537508,Europe,Clothing,204,32503.49,8385.34,5.0
2022-12-29 22:56:03.072614520,Asia,Clothing,679,9541.26,6683.98,7.5
2022-12-30 04:11:28.457691536,North America,Beauty,662,37650.94,2741.36,9.5
2022-12-30 09:26:53.842768552,South America,Electronics,284,17284.84,1258.71,9.1
2022-12-30 14:42:19.227845568,Asia,Electronics,16,35639.82,258.98,7.5
2022-12-30 19:57:44.612922584,Asia,Sports,914,2869.35,1159.41,6.3
2022-12-31 01:13:09.997999600,South America,Beauty,988,20689.07,2996.7,4.5
2022-12-31 06:28:35.383076616,Asia,Home,575,35399.21,5562.72,6.8
2022-12-31 11:44:00.768153628,Asia,Home,625,11730.09,733.6,8.5
2022-12-31 16:59:26.153230644,Europe,Beauty,863,39866.71,1448.66,6.2
2022-12-31 22:14:51.538307660,South America,Home,859,31723.6,1892.7,5.4
2023-01-01 03:30:16.923384676,North America,Electronics,582,29584.31,6356.62,9.6
2023-01-01 08:45:42.308461692,Asia,Home,608,18000.67,6196.32,8.9
2023-01-01 14:01:07.693538708,South America,Home,779,24381.35,5552.58,7.8
2023-01-01 19:16:33.078615720,Europe,Beauty,187,30068.79,2579.96,4.8
2023-01-02 00:31:58.463692736,North America,Beauty,251,23886.87,3774.08,4.9
2023-01-02 05:47:23.848769752,South America,Home,212,35066.51,1057.23,4.6
2023-01-02 11:02:49.233846768,North America,Clothing,552,21968.0,2341.96,7.7
2023-01-02 16:18:14.618923784,North America,Beauty,810,10512.52,8987.28,4.7
2023-01-02 21:33:40.004000800,North America,Sports,471,11089.72,9798.95,9.1
2023-01-03 02:49:05.389077816,Asia,Sports,89,787.29,6511.83,10.0
2023-01-03 08:04:30.774154828,Asia,Electronics,532,15397.41,9176.55,6.2
2023-01-03 13:19:56.159231844,Europe,Home,426,37571.42,6463.14,6.7
2023-01-03 18:35:21.544308860,Europe,Clothing,775,39811.05,428.65,8.3
2023-01-03 23:50:46.929385876,South America,Electronics,393,10522.14,9967.95,9.6
2023-01-04 05:06:12.314462892,Europe,Home,400,47972.68,1079.63,9.4
2023-01-04 10:21:37.699539908,North America,Beauty,905,25368.94,6858.15,4.3
2023-01-04 15:37:03.084616924,North America,Sports,808,45890.45,2603.08,5.0
2023-01-04 20:52:28.469693936,Asia,Clothing,697,35484.88,3980.61,8.5
2023-01-05 02:07:53.854770952,North America,Sports,135,36260.45,6494.75,8.1
2023-01-05 07:23:19.239847968,South America,Beauty,503,4709.66,4421.22,4.8
2023-01-05 12:38:44.624924984,North America,Home,56,11389.56,2580.41,7.0
2023-01-05 17:54:10.010002000,North America,Beauty,727,936.33,3411.02,8.7
2023-01-05 23:09:35.395079016,South America,Beauty,485,35948.32,3481.33,5.3
2023-01-06 04:25:00.780156028,Europe,Sports,958,17549.7,9597.31,9.2
2023-01-06 09:40:26.165233044,Europe,Clothing,628,39439.3,8006.27,4.3
2023-01-06 14:55:51.550310060,South America,Beauty,473,17277.34,4639.63,8.7
2023-01-06 20:11:16.935387076,Asia,Sports,796,41057.02,2078.23,7.7
2023-01-07 01:26:42.320464092,North America,Clothing,858,6969.56,8129.06,5.9
2023-01-07 06:42:07.705541108,South America,Home,132,9081.97,1656.11,8.3
2023-01-07 11:57:33.090618124,North America,Home,483,17373.39,2183.58,8.7
2023-01-07 17:12:58.475695136,Asia,Electronics,143,20720.13,3723.53,9.6
2023-01-07 22:28:23.860772152,North America,Sports,628,17760.79,8815.45,6.2
2023-01-08 03:43:49.245849168,South America,Clothing,826,38300.53,1404.69,8.1
2023-01-08 08:59:14.630926184,North America,Beauty,850,5299.09,1310.12,7.6
2023-01-08 14:14:40.016003200,Europe,Home,571,17885.24,4990.35,7.2
2023-01-08 19:30:05.401080216,Asia,Clothing,858,41943.38,2836.46,9.3
2023-01-09 00:45:30.786157232,Asia,Sports,616,3806.46,5730.41,4.0
2023-01-09 06:00:56.171234244,Asia,Electronics,789,47146.0,4571.2,5.7
2023-01-09 11:16:21.556311260,South America,Home,32,49322.68,4406.1,7.2
2023-01-09 16:31:46.941388276,Asia,Clothing,575,4884.12,1208.53,5.1
2023-01-09 21:47:12.326465292,Europe,Clothing,895,14917.99,1496.39,9.4
2023-01-10 03:02:37.711542308,South America,Clothing,775,18933.83,8228.68,7.9
2023-01-10 08:18:03.096619324,Europe,Sports,974,38931.37,8870.24,6.9
2023-01-10 13:33:28.481696340,North America,Sports,244,29998.38,2423.37,8.9
2023-01-10 18:48:53.866773352,North America,Sports,68,32396.1,1223.26,6.7
2023-01-11 00:04:19.251850368,North America,Beauty,173,37996.74,628.83,7.4
2023-01-11 05:19:44.636927384,North America,Clothing,780,6339.96,6122.15,4.0
2023-01-11 10:35:10.022004400,Europe,Home,835,41743.87,7182.0,6.2
2023-01-11 15:50:35.407081416,South America,Sports,225,35428.18,3790.82,4.8
2023-01-11 21:06:00.792158432,South America,Sports,192,29078.42,6828.79,8.1
2023-01-12 02:21:26.177235444,Asia,Clothing,578,44541.9,7158.29,6.9
2023-01-12 07:36:51.562312460,Europe,Sports,666,35165.16,9359.89,5.8
2023-01-12 12:52:16.947389476,North America,Beauty,944,10484.15,742.25,6.8
2023-01-12 18:07:42.332466492,Europe,Beauty,99,21772.4,2003.69,5.3
2023-01-12 23:23:07.717543508,Asia,Sports,973,24955.12,778.41,9.6
2023-01-13 04:38:33.102620524,Asia,Clothing,320,3233.27,8693.14,4.3
2023-01-13 09:53:58.487697540,Europe,Clothing,566,47754.56,7946.61,9.2
2023-01-13 15:09:23.872774552,Europe,Clothing,981,6864.57,5788.96,7.1
2023-01-13 20:24:49.257851568,Europe,Electronics,266,35024.33,928.27,7.7
2023-01-14 01:40:14.642928584,South America,Sports,542,25558.44,2805.79,5.8
2023-01-14 06:55:40.028005600,North America,Clothing,988,1768.8,3047.43,9.8
2023-01-14 12:11:05.413082616,Europe,Beauty,542,46275.0,5651.36,5.7
2023-01-14 17:26:30.798159632,Europe,Home,61,42665.92,2654.63,7.5
2023-01-14 22:41:56.183236648,Europe,Home,347,26450.77,822.3,10.0
2023-01-15 03:57:21.568313660,Asia,Clothing,180,11832.65,7334.55,9.3
2023-01-15 09:12:46.953390676,Asia,Home,957,6520.33,3060.89,7.2
2023-01-15 14:28:12.338467692,South America,Home,76,18487.93,4578.5,9.9
2023-01-15 19:43:37.723544708,North America,Electronics,634,13143.7,1363.9,8.2
2023-01-16 00:59:03.108621724,South America,Beauty,309,25581.21,8045.23,5.3
2023-01-16 06:14:28.493698740,North America,Beauty,681,48337.26,5698.77,6.4
2023-01-16 11:29:53.878775752,Asia,Electronics,787,28960.2,9025.7,6.0
2023-01-16 16:45:19.263852768,Asia,Electronics,841,44551.59,5005.17,6.1
2023-01-16 22:00:44.648929784,Asia,Home,241,32718.5,9420.11,8.6
2023-01-17 03:16:10.034006800,South America,Sports,984,24024.7,8929.5,7.5
2023-01-17 08:31:35.419083816,Europe,Home,846,42803.07,5806.95,4.2
2023-01-17 13:47:00.804160832,Europe,Electronics,77,23832.72,9345.55,9.3
2023-01-17 19:02:26.189237848,Asia,Beauty,515,43497.09,3298.58,5.8
2023-01-18 00:17:51.574314860,Europe,Home,37,14933.05,3719.86,10.0
2023-01-18 05:33:16.959391876,Europe,Sports,958,6876.25,550.23,9.7
2023-01-18 10:48:42.344468892,South America,Home,637,42838.07,5933.09,9.6
2023-01-18 16:04:07.729545908,North America,Clothing,60,29577.05,7247.05,8.9
2023-01-18 21:19:33.114622924,Asia,Home,702,44510.07,7757.84,5.3
2023-01-19 02:34:58.499699940,Asia,Electronics,269,46922.45,1583.18,7.2
2023-01-19 07:50:23.884776956,South America,Beauty,600,3154.61,4497.17,5.3
2023-01-19 13:05:49.269853968,South America,Beauty,794,25297.98,1850.95,5.6
2023-01-19 18:21:14.654930984,Europe,Electronics,629,19060.75,6655.06,7.7
2023-01-19 23:36:40.040008000,Asia,Clothing,972,31479.99,1663.67,4.2
2023-01-20 04:52:05.425085016,North America,Electronics,595,39782.76,9051.22,9.8
2023-01-20 10:07:30.810162032,South America,Home,696,14389.22,2383.28,9.5
2023-01-20 15:22:56.195239048,North America,Electronics,193,28061.52,2984.88,6.3
2023-01-20 20:38:21.580316060,North America,Electronics,32,35582.06,8523.97,7.1
2023-01-21 01:53:46.965393076,Asia,Clothing,795,7154.34,4638.83,6.8
2023-01-21 07:09:12.350470092,Asia,Home,138,40796.31,337.56,9.3
2023-01-21 12:24:37.735547108,South America,Sports,300,30502.43,4996.4,8.1
2023-01-21 17:40:03.120624124,Asia,Sports,841,47502.1,936.98,5.7
2023-01-21 22:55:28.505701140,Asia,Beauty,510,17306.68,9854.91,6.7
2023-01-22 04:10:53.890778156,Asia,Electronics,195,5853.22,5922.3,6.6
2023-01-22 09:26:19.275855168,North America,Beauty,488,25571.81,2639.67,9.8
2023-01-22 14:41:44.660932184,South America,Clothing,580,4747.63,5680.81,5.1
2023-01-22 19:57:10.046009200,Europe,Sports,501,48491.56,860.98,4.5
2023-01-23 01:12:35.431086216,North America,Electronics,522,2414.91,8018.92,9.3
2023-01-23 06:28:00.816163232,Asia,Clothing,652,37798.44,9260.75,9.4
2023-01-23 11:43:26.201240248,North America,Clothing,76,26492.57,8757.0,9.2
2023-01-23 16:58:51.586317264,Asia,Electronics,814,18746.72,3483.4,7.1
2023-01-23 22:14:16.971394276,Asia,Clothing,476,3759.19,3325.1,8.0
2023-01-24 03:29:42.356471292,North America,Electronics,294,31297.26,447.37,7.4
2023-01-24 08:45:07.741548308,South America,Electronics,610,29468.41,6548.86,4.4
2023-01-24 14:00:33.126625324,Asia,Home,426,14403.72,5395.56,7.6
2023-01-24 19:15:58.511702340,South America,Beauty,109,45555.97,4647.53,4.1
2023-01-25 00:31:23.896779356,Europe,Clothing,198,15553.45,9085.55,5.9
2023-01-25 05:46:49.281856368,Asia,Clothing,998,22761.41,1762.0,9.6
2023-01-25 11:02:14.666933384,South America,Home,899,27416.24,195.7,5.8
2023-01-25 16:17:40.052010400,South America,Home,867,5461.48,825.83,9.6
2023-01-25 21:33:05.437087416,Europe,Home,397,46642.01,2311.38,5.5
2023-01-26 02:48:30.822164432,South America,Sports,250,19039.54,429.53,5.9
2023-01-26 08:03:56.207241448,South America,Sports,791,4498.57,5078.15,7.8
2023-01-26 13:19:21.592318464,Europe,Sports,740,19670.91,3209.5,8.6
2023-01-26 18:34:46.977395476,Asia,Electronics,426,30210.03,1886.78,7.0
2023-01-26 23:50:12.362472492,South America,Clothing,927,25925.81,7525.83,9.3
2023-01-27 05:05:37.747549508,South America,Beauty,185,34879.83,2124.07,4.2
2023-01-27 10:21:03.132626524,South America,Electronics,396,3246.46,6907.29,9.5
2023-01-27 15:36:28.517703540,North America,Clothing,480,14584.76,3557.72,5.2
2023-01-27 20:51:53.902780556,Europe,Clothing,862,41051.91,5167.09,9.3
2023-01-28 02:07:19.287857572,North America,Home,242,4454.74,9345.28,6.4
2023-01-28 07:22:44.672934584,Europe,Home,672,42846.55,469.78,9.0
2023-01-28 12:38:10.058011600,Asia,Electronics,461,5048.86,5052.62,8.0
2023-01-28 17:53:35.443088616,Asia,Home,286,41805.48,8558.79,5.1
2023-01-28 23:09:00.828165632,South America,Clothing,238,18359.03,5920.95,9.5
2023-01-29 04:24:26.213242648,Europe,Home,180,30804.35,2841.02,5.5
2023-01-29 09:39:51.598319664,Asia,Sports,744,8067.91,4037.04,5.5
2023-01-29 14:55:16.983396680,Europe,Home,222,3775.35,6834.63,8.9
2023-01-29 20:10:42.368473692,Asia,Clothing,291,11188.94,8919.04,4.6
2023-01-30 01:26:07.753550708,North America,Electronics,50,6828.76,506.56,5.3
2023-01-30 06:41:33.138627724,Asia,Beauty,131,15964.09,808.23,7.0
2023-01-30 11:56:58.523704740,North America,Home,236,25961.97,3318.01,9.0
2023-01-30 17:12:23.908781756,Asia,Clothing,303,29643.59,2404.52,4.9
2023-01-30 22:27:49.293858772,South America,Beauty,609,39598.47,2722.82,7.3
2023-01-31 03:43:14.678935784,North America,Beauty,276,32983.87,2290.57,8.3
2023-01-31 08:58:40.064012800,Asia,Sports,550,30633.54,2038.67,9.2
2023-01-31 14:14:05.449089816,South America,Beauty,768,20883.21,1393.18,9.6
2023-01-31 19:29:30.834166832,North America,Clothing,837,23953.52,9346.15,8.7
2023-02-01 00:44:56.219243848,South America,Clothing,460,21018.78,1527.48,7.9
2023-02-01 06:00:21.604320864,Europe,Home,458,42187.22,2123.6,6.6
2023-02-01 11:15:46.989397880,Europe,Home,765,11885.02,2538.03,4.7
2023-02-01 16:31:12.374474892,North America,Home,70,783.19,9336.85,8.3
2023-02-01 21:46:37.759551908,Asia,Beauty,511,32740.33,7581.57,10.0
2023-02-02 03:02:03.144628924,North America,Beauty,156,10521.88,7918.02,8.4
2023-02-02 08:17:28.529705940,South America,Sports,695,44560.7,1137.11,4.1
2023-02-02 13:32:53.914782956,Asia,Home,954,43022.79,8379.47,7.0
2023-02-02 18:48:19.299859972,Europe,Electronics,799,4298.0,4141.11,7.7
2023-02-03 00:03:44.684936988,Asia,Sports,343,5766.23,2701.95,8.1
2023-02-03 05:19:10.070014000,Europe,Electronics,890,25010.99,5799.93,8.3
2023-02-03 10:34:35.455091016,Asia,Beauty,962,30656.52,8239.61,7.3
2023-02-03 15:50:00.840168032,Asia,Sports,900,14107.96,7808.66,5.3
2023-02-03 21:05:26.225245048,Asia,Sports,151,35981.49,8910.98,9.7
2023-02-04 02:20:51.610322064,South America,Clothing,53,29948.34,9288.51,8.2
2023-02-04 07:36:16.995399080,South America,Beauty,153,16578.79,2457.41,5.4
2023-02-04 12:51:42.380476092,North America,Beauty,874,1755.89,4296.19,5.9
2023-02-04 18:07:07.765553108,North America,Sports,342,37632.44,244.82,9.5
2023-02-04 23:22:33.150630124,Europe,Beauty,506,11130.31,8805.28,9.3
2023-02-05 04:37:58.535707140,South America,Sports,405,41806.45,1630.26,6.4
2023-02-05 09:53:23.920784156,Europe,Clothing,64,21304.37,8628.6,4.2
2023-02-05 15:08:49.305861172,North America,Sports,316,29065.33,3360.93,4.3
2023-02-05 20:24:14.690938188,Europe,Beauty,879,43710.96,3744.52,5.7
2023-02-06 01:39:40.076015200,North America,Beauty,432,43249.34,487.41,7.8
2023-02-06 06:55:05.461092216,South America,Sports,426,18890.22,3336.1,7.5
2023-02-06 12:10:30.846169232,Asia,Sports,682,10840.0,8894.8,7.8
2023-02-06 17:25:56.231246248,South America,Sports,806,38869.73,352.92,8.3
2023-02-06 22:41:21.616323264,Europe,Home,334,21937.47,4122.64,4.1
2023-02-07 03:56:47.001400280,Europe,Beauty,719,10006.08,410.86,4.6
2023-02-07 09:12:12.386477296,South America,Beauty,680,45269.05,3772.14,6.2
2023-02-07 14:27:37.771554308,South America,Home,89,10306.16,1809.14,4.9
2023-02-07 19:43:03.156631324,North America,Sports,40,1777.45,2596.96,4.5
2023-02-08 00:58:28.541708340,Europe,Clothing,994,1503.86,8788.22,7.8
2023-02-08 06:13:53.926785356,Europe,Sports,121,31304.61,4416.89,8.9
2023-02-08 11:29:19.311862372,South America,Sports,567,33252.92,2810.6,8.5
2023-02-08 16:44:44.696939388,Asia,Home,874,15896.56,5934.45,8.9
2023-02-08 22:00:10.082016400,Europe,Beauty,726,16340.54,1506.86,8.0
2023-02-09 03:15:35.467093416,Asia,Sports,573,17304.95,2667.98,8.4
2023-02-09 08:31:00.852170432,South America,Beauty,659,34167.85,5507.85,5.6
2023-02-09 13:46:26.237247448,South America,Electronics,481,3377.62,2451.48,10.0
2023-02-09 19:01:51.622324464,North America,Beauty,83,46491.26,6823.36,5.1
2023-02-10 00:17:17.007401480,Europe,Clothing,562,11514.79,4965.76,5.3
2023-02-10 05:32:42.392478496,Asia,Clothing,488,49983.82,7742.69,5.7
2023-02-10 10:48:07.777555508,North America,Sports,598,8990.37,9487.62,9.9
2023-02-10 16:03:33.162632524,Europe,Beauty,396,38691.55,1246.47,9.9
2023-02-10 21:18:58.547709540,North America,Sports,708,11558.92,3413.18,8.8
2023-02-11 02:34:23.932786556,South America,Home,891,4501.92,3263.54,7.8
2023-02-11 07:49:49.317863572,Europe,Clothing,573,43809.2,1596.71,7.1
2023-02-11 13:05:14.702940588,North America,Sports,939,43008.19,8122.0,9.8
2023-02-11 18:20:40.088017604,North America,Home,442,20476.73,7622.8,8.2
2023-02-11 23:36:05.473094616,Asia,Sports,421,35268.61,4895.81,9.7
2023-02-12 04:51:30.858171632,North America,Beauty,476,28074.76,5423.93,5.9
2023-02-12 10:06:56.243248648,Europe,Beauty,608,42721.33,689.49,6.0
2023-02-12 15:22:21.628325664,Europe,Beauty,630,16095.27,5599.52,9.1
2023-02-12 20:37:47.013402680,Asia,Beauty,918,26421.78,7934.28,4.9
2023-02-13 01:53:12.398479696,Europe,Electronics,746,24525.93,5780.89,9.7
2023-02-13 07:08:37.783556708,South America,Home,257,18018.34,2726.53,7.0
2023-02-13 12:24:03.168633724,Europe,Home,590,44627.03,6708.73,9.6
2023-02-13 17:39:28.553710740,Europe,Beauty,129,8710.96,3678.74,6.0
2023-02-13 22:54:53.938787756,North America,Electronics,76,7900.68,5494.25,8.3
2023-02-14 04:10:19.323864772,North America,Beauty,582,29057.02,4926.9,6.9
2023-02-14 09:25:44.708941788,Europe,Electronics,965,33045.96,3873.63,7.8
2023-02-14 14:41:10.094018804,Asia,Beauty,336,10133.65,7216.89,7.0
2023-02-14 19:56:35.479095816,North America,Clothing,929,19840.51,8850.37,9.8
2023-02-15 01:12:00.864172832,Asia,Clothing,712,47354.91,151.6,8.2
2023-02-15 06:27:26.249249848,Europe,Sports,479,12707.56,9342.8,5.5
2023-02-15 11:42:51.634326864,Europe,Beauty,502,33583.85,5164.0,9.5
2023-02-15 16:58:17.019403880,South America,Home,710,37137.39,7037.25,5.8
2023-02-15 22:13:42.404480896,North America,Sports,672,22682.37,8570.68,6.2
2023-02-16 03:29:07.789557912,Europe,Clothing,295,46907.54,4724.33,4.6
2023-02-16 08:44:33.174634924,South America,Beauty,965,36964.51,8366.24,9.4
2023-02-16 13:59:58.559711940,North America,Sports,923,23167.27,1858.44,5.7
2023-02-16 19:15:23.944788956,Europe,Beauty,617,28682.09,1675.76,5.6
2023-02-17 00:30:49.329865972,Europe,Clothing,321,34784.37,6608.97,9.5
2023-02-17 05:46:14.714942988,North America,Sports,318,29813.41,8714.42,8.8
2023-02-17 11:01:40.100020004,North America,Clothing,784,43995.53,8935.02,4.8
2023-02-17 16:17:05.485097020,North America,Electronics,106,18165.99,6473.03,8.6
2023-02-17 21:32:30.870174032,Europe,Clothing,974,15344.34,5302.34,9.5
2023-02-18 02:47:56.255251048,Europe,Beauty,122,11085.03,3380.79,4.5
2023-02-18 08:03:21.640328064,South America,Home,997,2370.26,9802.0,9.0
2023-02-18 13:18:47.025405080,Asia,Clothing,646,2629.19,3264.99,7.3
2023-02-18 18:34:12.410482096,North America,Home,465,43567.73,7467.44,8.0
2023-02-18 23:49:37.795559112,Europe,Electronics,472,34080.46,5366.62,7.0
2023-02-19 05:05:03.180636124,Europe,Sports,957,33196.35,6124.27,8.2
2023-02-19 10:20:28.565713140,North America,Sports,141,30924.82,3995.46,4.2
2023-02-19 15:35:53.950790156,Asia,Home,939,42536.35,9651.75,8.6
2023-02-19 20:51:19.335867172,North America,Sports,974,24273.21,5759.66,4.2
2023-02-20 02:06:44.720944188,Asia,Clothing,938,43585.34,9384.1,6.7
2023-02-20 07:22:10.106021204,Europe,Home,130,18292.53,175.16,4.9
2023-02-20 12:37:35.491098220,Asia,Beauty,206,46372.02,5769.44,8.9
2023-02-20 17:53:00.876175232,South America,Clothing,815,35083.52,7200.15,5.9
2023-02-20 23:08:26.261252248,Europe,Clothing,491,13230.27,7476.29,6.7
2023-02-21 04:23:51.646329264,South America,Clothing,643,28422.2,9059.27,6.6
2023-02-21 09:39:17.031406280,North America,Beauty,803,26885.01,143.58,8.6
2023-02-21 14:54:42.416483296,North America,Electronics,906,7325.99,103.27,6.9
2023-02-21 20:10:07.801560312,North America,Sports,781,29766.52,4775.41,8.7
2023-02-22 01:25:33.186637328,Asia,Home,48,16081.89,390.01,4.4
2023-02-22 06:40:58.571714344,Europe,Electronics,575,3091.26,9747.87,5.1
2023-02-22 11:56:23.956791360,North America,Home,521,47458.48,2298.45,7.3
2023-02-22 17:11:49.341868376,North America,Sports,483,32253.77,4779.38,9.7
2023-02-22 22:27:14.726945384,Europe,Beauty,170,43907.49,705.26,4.4
2023-02-23 03:42:40.112022400,North America,Clothing,298,33964.77,5268.28,4.3
2023-02-23 08:58:05.497099416,South America,Clothing,209,18170.69,3861.57,4.9
2023-02-23 14:13:30.882176432,Europe,Beauty,797,25878.06,542.13,7.8
2023-02-23 19:28:56.267253448,Europe,Electronics,537,33949.46,3417.73,6.4
2023-02-24 00:44:21.652330464,Europe,Electronics,926,48032.49,3975.22,9.0
2023-02-24 05:59:47.037407480,South America,Home,694,13056.64,9900.22,4.4
2023-02-24 11:15:12.422484496,Europe,Beauty,512,43811.36,2158.07,5.2
2023-02-24 16:30:37.807561512,South America,Electronics,257,46241.85,5493.32,5.8
2023-02-24 21:46:03.192638528,Europe,Beauty,392,33685.57,9874.42,7.8
2023-02-25 03:01:28.577715544,Asia,Sports,227,46597.7,7940.99,8.1
2023-02-25 08:16:53.962792560,North America,Clothing,96,20194.99,9934.34,4.7
2023-02-25 13:32:19.347869576,Asia,Clothing,91,47674.3,9686.15,9.7
2023-02-25 18:47:44.732946584,North America,Clothing,71,35287.75,4946.44,6.0
2023-02-26 00:03:10.118023600,South America,Beauty,808,2579.29,6994.12,8.3
2023-02-26 05:18:35.503100616,Asia,Beauty,509,45390.21,1193.39,7.1
2023-02-26 10:34:00.888177632,Europe,Home,51,24481.4,4467.37,5.3
2023-02-26 15:49:26.273254648,North America,Clothing,21,23286.19,8109.28,9.1
2023-02-26 21:04:51.658331664,North America,Home,842,28540.1,5102.82,8.9
2023-02-27 02:20:17.043408680,Asia,Clothing,755,7894.54,7056.72,6.4
2023-02-27 07:35:42.428485696,South America,Home,850,23723.72,7482.94,7.5
2023-02-27 12:51:07.813562712,Asia,Home,652,41640.8,2609.34,5.5
2023-02-27 18:06:33.198639728,South America,Sports,124,1266.38,8769.42,8.1
2023-02-27 23:21:58.583716744,South America,Home,227,14009.4,4652.24,5.9
2023-02-28 04:37:23.968793760,North America,Beauty,658,621.5,2180.83,9.1
2023-02-28 09:52:49.353870776,Asia,Home,115,21077.71,8667.62,5.3
2023-02-28 15:08:14.738947792,Asia,Clothing,700,36551.62,4236.41,4.1
2023-02-28 20:23:40.124024800,South America,Home,537,40039.21,7528.09,5.6
2023-03-01 01:39:05.509101816,Asia,Electronics,481,47286.89,5525.53,5.1
2023-03-01 06:54:30.894178832,Europe,Clothing,763,30620.98,3880.53,7.0
2023-03-01 12:09:56.279255848,Europe,Electronics,855,13104.03,8117.78,5.2
2023-03-01 17:25:21.664332864,Asia,Clothing,902,46245.32,5886.25,8.6
2023-03-01 22:40:47.049409880,Asia,Beauty,396,38878.13,3966.56,5.4
2023-03-02 03:56:12.434486896,South America,Beauty,235,28934.21,1185.02,8.2
2023-03-02 09:11:37.819563912,Europe,Beauty,490,34934.19,8964.91,7.5
2023-03-02 14:27:03.204640928,Europe,Electronics,763,46253.66,451.15,9.9
2023-03-02 19:42:28.589717944,North America,Sports,417,35763.5,8645.55,10.0
2023-03-03 00:57:53.974794960,South America,Clothing,466,18734.54,3663.62,9.2
2023-03-03 06:13:19.359871976,North America,Beauty,662,35794.9,6429.45,8.6
2023-03-03 11:28:44.744948992,Europe,Clothing,907,2493.77,9229.78,6.3
2023-03-03 16:44:10.130026000,South America,Electronics,720,19627.57,1601.9,8.5
2023-03-03 21:59:35.515103016,Asia,Sports,633,20612.99,5712.81,9.7
2023-03-04 03:15:00.900180032,South America,Electronics,648,8758.49,7667.89,4.1
2023-03-04 08:30:26.285257048,Asia,Clothing,30,1642.73,7600.08,7.2
2023-03-04 13:45:51.670334064,Asia,Sports,668,7102.37,5303.76,5.3
2023-03-04 19:01:17.055411080,South America,Sports,610,32903.76,6284.92,7.3
2023-03-05 00:16:42.440488096,Asia,Electronics,824,40213.3,7599.52,6.8
2023-03-05 05:32:07.825565112,North America,Beauty,927,49416.07,8426.17,7.5
2023-03-05 10:47:33.210642128,Europe,Clothing,212,17644.99,7641.95,7.3
2023-03-05 16:02:58.595719144,Asia,Home,426,30169.27,3604.65,9.8
2023-03-05 21:18:23.980796160,North America,Home,425,46888.68,9967.59,7.3
2023-03-06 02:33:49.365873176,Asia,Electronics,457,8768.57,4401.58,9.1
2023-03-06 07:49:14.750950192,Europe,Clothing,521,36023.46,342.2,5.9
2023-03-06 13:04:40.136027200,North America,Clothing,94,37871.45,3689.91,6.6
2023-03-06 18:20:05.521104216,Europe,Electronics,176,4904.29,1365.05,6.8
2023-03-06 23:35:30.906181232,Europe,Clothing,393,43131.84,1302.28,5.7
2023-03-07 04:50:56.291258248,North America,Beauty,477,40748.7,2887.2,6.3
2023-03-07 10:06:21.676335264,North America,Electronics,81,2153.45,628.42,7.6
2023-03-07 15:21:47.061412280,North America,Beauty,819,5008.68,6916.27,7.5
2023-03-07 20:37:12.446489296,South America,Clothing,530,2931.78,832.49,7.8
2023-03-08 01:52:37.831566312,North America,Electronics,802,17069.8,2112.57,6.1
2023-03-08 07:08:03.216643328,North America,Clothing,482,25709.81,1019.71,5.9
2023-03-08 12:23:28.601720344,North America,Electronics,267,26851.21,725.36,7.7
2023-03-08 17:38:53.986797360,North America,Clothing,284,13749.5,2750.74,4.8
2023-03-08 22:54:19.371874376,Asia,Beauty,759,45624.05,5761.8,5.5
2023-03-09 04:09:44.756951392,South America,Beauty,29,18729.01,9650.39,4.3
2023-03-09 09:25:10.142028408,Europe,Clothing,499,2754.73,8768.01,4.4
2023-03-09 14:40:35.527105416,North America,Electronics,754,15361.24,8771.75,5.5
2023-03-09 19:56:00.912182432,Asia,Home,499,26789.92,1843.06,4.1
2023-03-10 01:11:26.297259448,Asia,Beauty,742,20706.98,2722.58,5.5
2023-03-10 06:26:51.682336464,Asia,Beauty,335,14055.2,856.29,7.9
2023-03-10 11:42:17.067413480,Europe,Home,538,7000.5,7806.84,4.4
2023-03-10 16:57:42.452490496,North America,Clothing,901,41048.64,791.18,6.6
2023-03-10 22:13:07.837567512,South America,Electronics,98,49809.19,5611.29,9.5
2023-03-11 03:28:33.222644528,South America,Clothing,495,16812.34,2553.97,8.7
2023-03-11 08:43:58.607721544,Asia,Sports,717,19390.24,2510.11,5.8
2023-03-11 13:59:23.992798560,Europe,Beauty,359,31092.86,9908.18,9.5
2023-03-11 19:14:49.377875576,Europe,Sports,93,36062.85,7592.12,6.0
2023-03-12 00:30:14.762952592,Europe,Beauty,396,19905.46,8385.7,4.4
2023-03-12 05:45:40.148029608,South America,Beauty,96,45294.01,5762.63,10.0
2023-03-12 11:01:05.533106616,Asia,Sports,316,28220.2,8723.04,9.2
2023-03-12 16:16:30.918183632,North America,Sports,859,22794.31,6490.36,6.8
2023-03-12 21:31:56.303260648,South America,Clothing,163,32510.3,9467.12,8.0
2023-03-13 02:47:21.688337664,Asia,Sports,449,47663.79,2885.25,8.0
2023-03-13 08:02:47.073414680,Asia,Clothing,749,39830.34,5993.66,5.2
2023-03-13 13:18:12.458491696,North America,Clothing,969,2480.65,6932.3,5.2
2023-03-13 18:33:37.843568712,North America,Clothing,273,16949.34,3990.08,6.8
2023-03-13 23:49:03.228645728,North America,Beauty,986,23791.96,8809.11,9.5
2023-03-14 05:04:28.613722744,Europe,Beauty,744,16068.62,9800.05,4.1
2023-03-14 10:19:53.998799760,North America,Sports,430,35159.28,4988.32,8.7
2023-03-14 15:35:19.383876776,Asia,Beauty,502,41400.32,3967.34,4.3
2023-03-14 20:50:44.768953792,North America,Sports,642,36701.58,4772.19,6.9
2023-03-15 02:06:10.154030808,Asia,Beauty,420,49472.0,8542.09,7.8
2023-03-15 07:21:35.539107824,South America,Electronics,182,13991.11,6490.14,8.1
2023-03-15 12:37:00.924184832,Europe,Electronics,13,43811.98,543.25,4.4
2023-03-15 17:52:26.309261848,South America,Sports,863,38447.82,5467.48,6.5
2023-03-15 23:07:51.694338864,South America,Beauty,649,18427.85,271.27,7.5
2023-03-16 04:23:17.079415880,Asia,Beauty,995,36839.16,7807.5,4.4
2023-03-16 09:38:42.464492896,South America,Clothing,481,5651.76,3350.29,4.8
2023-03-16 14:54:07.849569912,Asia,Home,119,39572.01,4772.87,8.0
2023-03-16 20:09:33.234646928,North America,Sports,876,26850.36,8006.91,7.1
2023-03-17 01:24:58.619723944,North America,Home,46,14968.36,559.84,5.0
2023-03-17 06:40:24.004800960,Asia,Home,592,32960.98,1669.56,7.2
2023-03-17 11:55:49.389877976,North America,Sports,810,32260.19,4039.81,9.5
2023-03-17 17:11:14.774954992,Europe,Beauty,40,10869.57,2376.26,4.1
2023-03-17 22:26:40.160032008,South America,Sports,960,2004.67,3445.22,7.9
2023-03-18 03:42:05.545109024,Europe,Home,390,21964.32,9981.93,4.4
2023-03-18 08:57:30.930186032,South America,Beauty,277,28690.84,8271.6,4.0
2023-03-18 14:12:56.315263048,North America,Electronics,20,43891.96,8850.63,4.9
2023-03-18 19:28:21.700340064,Europe,Sports,353,46446.73,9376.84,6.5
2023-03-19 00:43:47.085417080,North America,Sports,849,26675.86,3475.27,8.8
2023-03-19 05:59:12.470494096,South America,Beauty,553,37813.27,3041.06,5.7
2023-03-19 11:14:37.855571112,Asia,Electronics,578,22245.51,2417.22,7.8
2023-03-19 16:30:03.240648128,Asia,Electronics,175,37431.07,8318.16,6.5
2023-03-19 21:45:28.625725144,Europe,Beauty,709,10637.68,6827.56,5.4
2023-03-20 03:00:54.010802160,North America,Clothing,351,18867.7,2438.1,7.1
2023-03-20 08:16:19.395879176,North America,Sports,491,31894.29,3832.24,8.8
2023-03-20 13:31:44.780956192,Europe,Sports,28,1398.82,5116.45,9.0
2023-03-20 18:47:10.166033208,Asia,Home,637,36261.83,5328.59,9.1
2023-03-21 00:02:35.551110224,South America,Beauty,989,41859.01,8898.4,6.0
2023-03-21 05:18:00.936187232,Europe,Home,193,20257.51,3867.6,8.8
2023-03-21 10:33:26.321264248,South America,Home,791,22673.15,9094.39,5.3
2023-03-21 15:48:51.706341264,Asia,Electronics,554,42638.47,4469.54,8.4
2023-03-21 21:04:17.091418280,North America,Sports,19,38894.9,7489.09,9.7
2023-03-22 02:19:42.476495296,Asia,Home,601,14763.4,9309.52,4.1
2023-03-22 07:35:07.861572312,Europe,Electronics,201,16536.82,9085.0,6.6
2023-03-22 12:50:33.246649328,North America,Beauty,329,34104.47,663.83,7.9
2023-03-22 18:05:58.631726344,Europe,Home,711,28378.31,2136.47,8.2
2023-03-22 23:21:24.016803360,Europe,Sports,589,8530.36,4821.36,5.1
2023-03-23 04:36:49.401880376,Asia,Home,484,15841.53,4372.39,9.8
2023-03-23 09:52:14.786957392,Europe,Beauty,869,45049.17,6444.83,7.7
2023-03-23 15:07:40.172034408,Asia,Home,646,34564.63,9452.62,5.0
2023-03-23 20:23:05.557111424,North America,Sports,436,49305.73,1212.81,4.1
2023-03-24 01:38:30.942188440,Asia,Electronics,857,38467.12,4573.4,8.7
2023-03-24 06:53:56.327265448,North America,Sports,68,47127.73,2004.87,4.5
2023-03-24 12:09:21.712342464,Asia,Electronics,445,11201.33,8951.67,4.8
2023-03-24 17:24:47.097419480,South America,Clothing,106,38688.5,9649.34,7.4
2023-03-24 22:40:12.482496496,South America,Sports,505,1500.77,4839.15,7.6
2023-03-25 03:55:37.867573512,Europe,Sports,796,33702.62,1129.7,8.1
2023-03-25 09:11:03.252650528,Asia,Beauty,670,23729.47,7874.42,6.4
2023-03-25 14:26:28.637727544,Asia,Home,287,17664.62,7001.7,8.6
2023-03-25 19:41:54.022804560,North America,Electronics,274,43189.02,3611.24,9.8
2023-03-26 00:57:19.407881576,Europe,Electronics,18,42786.25,8885.33,5.6
2023-03-26 06:12:44.792958592,Asia,Beauty,466,1603.93,9760.74,8.2
2023-03-26 11:28:10.178035608,Europe,Beauty,804,30670.5,5622.75,9.6
2023-03-26 16:43:35.563112624,South America,Home,282,18707.7,5700.71,8.1
2023-03-26 21:59:00.948189640,Asia,Home,949,21075.22,3045.38,8.1
2023-03-27 03:14:26.333266648,Asia,Sports,822,41686.02,5886.61,5.3
2023-03-27 08:29:51.718343664,Europe,Clothing,17,15837.07,4452.46,7.2
2023-03-27 13:45:17.103420680,Asia,Home,217,47180.92,3091.69,7.4
2023-03-27 19:00:42.488497696,Europe,Beauty,923,9391.87,765.13,8.2
2023-03-28 00:16:07.873574712,Asia,Home,646,33304.76,2601.81,10.0
2023-03-28 05:31:33.258651728,North America,Electronics,132,33769.2,2058.76,4.2
2023-03-28 10:46:58.643728744,Europe,Clothing,42,12983.66,5466.22,4.4
2023-03-28 16:02:24.028805760,Asia,Sports,522,16575.16,6056.53,4.5
2023-03-28 21:17:49.413882776,South America,Electronics,213,41822.53,6124.86,8.5
2023-03-29 02:33:14.798959792,Asia,Electronics,527,38209.36,3942.99,4.8
2023-03-29 07:48:40.184036808,South America,Clothing,818,16790.25,4270.17,7.7
2023-03-29 13:04:05.569113824,South America,Sports,960,26930.85,8358.96,5.9
2023-03-29 18:19:30.954190840,North America,Beauty,526,3553.17,4814.7,6.7
2023-03-29 23:34:56.339267856,Europe,Sports,452,10832.92,9878.96,5.3
2023-03-30 04:50:21.724344864,Asia,Home,601,24548.12,4452.21,9.2
2023-03-30 10:05:47.109421880,North America,Electronics,795,4755.7,6530.85,7.5
2023-03-30 15:21:12.494498896,Asia,Home,698,42244.95,598.59,9.7
2023-03-30 20:36:37.879575912,South America,Beauty,859,36041.31,6568.07,7.4
2023-03-31 01:52:03.264652928,Europe,Home,842,47209.87,8529.12,4.7
2023-03-31 07:07:28.649729944,Asia,Sports,348,34826.61,9430.33,5.0
2023-03-31 12:22:54.034806960,Asia,Home,447,47049.87,9973.47,9.9
2023-03-31 17:38:19.419883976,South America,Beauty,454,27948.37,2893.57,8.4
2023-03-31 22:53:44.804960992,Asia,Beauty,145,30210.82,5796.16,4.3
2023-04-01 04:09:10.190038008,Asia,Beauty,396,48860.07,4562.11,8.2
2023-04-01 09:24:35.575115024,South America,Sports,34,32285.39,5681.79,6.5
2023-04-01 14:40:00.960192040,North America,Beauty,515,2023.94,1658.78,5.8
2023-04-01 19:55:26.345269056,South America,Electronics,334,36328.24,8575.88,4.9
2023-04-02 01:10:51.730346064,North America,Beauty,704,45320.7,9104.73,9.0
2023-04-02 06:26:17.115423080,Europe,Home,689,39881.22,4551.65,4.4
2023-04-02 11:41:42.500500096,North America,Home,988,29399.75,2876.26,5.7
2023-04-02 16:57:07.885577112,North America,Home,347,33729.52,1494.25,5.8
2023-04-02 22:12:33.270654128,Europe,Sports,699,49514.49,6869.27,5.0
2023-04-03 03:27:58.655731144,North America,Home,894,4987.77,3191.1,7.0
2023-04-03 08:43:24.040808160,South America,Sports,104,33528.62,9104.43,4.1
2023-04-03 13:58:49.425885176,North America,Sports,554,14528.19,6743.02,5.8
2023-04-03 19:14:14.810962192,Europe,Beauty,632,32184.47,6492.28,9.6
2023-04-04 00:29:40.196039208,South America,Electronics,155,30577.37,5638.08,5.9
2023-04-04 05:45:05.581116224,Europe,Beauty,902,8096.11,553.19,6.2
2023-04-04 11:00:30.966193240,Europe,Beauty,962,10733.96,9326.03,6.8
2023-04-04 16:15:56.351270256,Asia,Sports,240,31270.66,6316.58,7.4
2023-04-04 21:31:21.736347264,Asia,Sports,793,6847.38,9941.21,8.9
2023-04-05 02:46:47.121424280,Europe,Home,857,13626.45,5419.83,5.1
2023-04-05 08:02:12.506501296,Europe,Home,504,41844.65,7130.1,9.2
2023-04-05 13:17:37.891578312,Europe,Beauty,47,16691.03,656.47,8.5
2023-04-05 18:33:03.276655328,Asia,Clothing,434,24658.98,6354.19,8.3
2023-04-05 23:48:28.661732344,Asia,Clothing,656,47086.45,7670.03,4.5
2023-04-06 05:03:54.046809360,North America,Home,855,11743.88,7807.29,4.1
2023-04-06 10:19:19.431886376,North America,Clothing,756,19786.49,7724.11,7.6
2023-04-06 15:34:44.816963392,Europe,Home,446,30519.66,2340.2,9.2
2023-04-06 20:50:10.202040408,South America,Sports,840,37889.28,9756.44,7.5
2023-04-07 02:05:35.587117424,South America,Beauty,377,45131.84,9952.3,5.3
2023-04-07 07:21:00.972194440,Asia,Electronics,354,45815.91,848.4,4.5
2023-04-07 12:36:26.357271456,Asia,Beauty,169,38943.68,9370.82,8.2
2023-04-07 17:51:51.742348472,Asia,Home,559,11802.38,2965.55,8.3
2023-04-07 23:07:17.127425480,Europe,Home,671,1728.06,6923.91,5.0
2023-04-08 04:22:42.512502496,South America,Beauty,921,19496.81,3447.3,4.2
2023-04-08 09:38:07.897579512,North America,Home,829,7506.67,9680.77,6.4
2023-04-08 14:53:33.282656528,Europe,Clothing,550,35664.19,1104.89,7.5
2023-04-08 20:08:58.667733544,North America,Clothing,153,33225.96,5027.69,8.2
2023-04-09 01:24:24.052810560,North America,Home,597,2676.6,4337.67,8.9
2023-04-09 06:39:49.437887576,Europe,Home,666,41911.39,3327.63,7.7
2023-04-09 11:55:14.822964592,North America,Clothing,750,12812.79,6490.79,4.7
2023-04-09 17:10:40.208041608,South America,Home,585,21895.24,1397.45,8.1
2023-04-09 22:26:05.593118624,North America,Home,868,33562.72,7194.96,9.9
2023-04-10 03:41:30.978195640,South America,Beauty,354,21756.23,9807.86,9.4
2023-04-10 08:56:56.363272656,South America,Electronics,278,22343.75,8065.13,9.2
2023-04-10 14:12:21.748349672,South America,Clothing,849,3748.59,8614.17,5.8
2023-04-10 19:27:47.133426680,Asia,Beauty,705,20371.46,3660.4,8.5
2023-04-11 00:43:12.518503696,North America,Electronics,782,38359.97,3316.38,9.1
2023-04-11 05:58:37.903580712,Europe,Home,277,45801.23,5218.78,8.1
2023-04-11 11:14:03.288657728,Europe,Home,178,20968.11,552.69,5.5
2023-04-11 16:29:28.673734744,North America,Beauty,780,21467.5,9459.05,9.7
2023-04-11 21:44:54.058811760,Asia,Home,748,35280.04,1523.47,6.7
2023-04-12 03:00:19.443888776,Asia,Sports,42,47167.21,9039.83,4.8
2023-04-12 08:15:44.828965792,South America,Beauty,386,13719.52,927.46,4.7
2023-04-12 13:31:10.214042808,North America,Electronics,223,22287.14,8243.99,7.9
2023-04-12 18:46:35.599119824,North America,Beauty,571,39900.68,1604.43,6.6
2023-04-13 00:02:00.984196840,Europe,Clothing,449,30679.83,477.5,4.6
2023-04-13 05:17:26.369273856,North America,Beauty,501,5974.02,7222.95,8.4
2023-04-13 10:32:51.754350872,Asia,Home,402,31572.77,2874.63,8.8
2023-04-13 15:48:17.139427888,North America,Home,498,9743.94,7173.51,8.4
2023-04-13 21:03:42.524504896,Europe,Sports,731,25755.69,5595.34,5.2
2023-04-14 02:19:07.909581912,South America,Sports,955,26690.61,1177.19,8.1
2023-04-14 07:34:33.294658928,Europe,Sports,38,43872.07,9328.09,4.1
2023-04-14 12:49:58.679735944,Europe,Electronics,48,23393.47,4577.91,5.8
2023-04-14 18:05:24.064812960,South America,Sports,868,14332.4,7371.03,6.4
2023-04-14 23:20:49.449889976,Europe,Electronics,621,11932.83,5060.1,9.0
2023-04-15 04:36:14.834966992,Europe,Sports,182,43775.47,6083.18,6.3
2023-04-15 09:51:40.220044008,North America,Electronics,26,8965.04,3097.46,4.1
2023-04-15 15:07:05.605121024,North America,Beauty,65,21580.49,2083.57,6.1
2023-04-15 20:22:30.990198040,South America,Beauty,235,9765.07,5471.45,7.0
2023-04-16 01:37:56.375275056,North America,Home,567,38778.55,4458.17,9.7
2023-04-16 06:53:21.760352072,North America,Electronics,76,23981.45,3962.12,9.6
2023-04-16 12:08:47.145429088,Europe,Clothing,206,17881.61,6758.42,5.1
2023-04-16 17:24:12.530506096,Asia,Home,663,18374.43,6936.02,5.1
2023-04-16 22:39:37.915583112,North America,Beauty,844,42684.6,554.61,5.0
2023-04-17 03:55:03.300660128,Asia,Electronics,32,27911.81,3453.57,8.7
2023-04-17 09:10:28.685737144,North America,Sports,615,36034.46,4176.47,4.0
2023-04-17 14:25:54.070814160,North America,Clothing,763,44903.41,1059.23,4.8
2023-04-17 19:41:19.455891176,South America,Beauty,246,45136.21,2435.42,7.2
2023-04-18 00:56:44.840968192,South America,Home,966,16761.2,611.25,5.5
2023-04-18 06:12:10.226045208,South America,Electronics,928,47646.34,9962.8,4.6
2023-04-18 11:27:35.611122224,Asia,Clothing,932,1731.36,7391.92,6.2
2023-04-18 16:43:00.996199240,Europe,Electronics,575,19153.36,965.76,5.6
2023-04-18 21:58:26.381276256,North America,Sports,147,44842.04,300.47,7.1
2023-04-19 03:13:51.766353272,North America,Home,482,14094.53,7220.95,9.9
2023-04-19 08:29:17.151430288,North America,Electronics,854,14017.53,4448.0,4.7
2023-04-19 13:44:42.536507296,Asia,Beauty,793,15479.8,7889.29,6.2
2023-04-19 19:00:07.921584312,South America,Home,562,30809.51,9242.41,9.6
2023-04-20 00:15:33.306661328,Europe,Beauty,619,22197.47,6033.07,9.3
2023-04-20 05:30:58.691738344,Asia,Electronics,704,36473.37,1952.37,6.4
2023-04-20 10:46:24.076815360,South America,Home,649,44798.08,7843.72,8.2
2023-04-20 16:01:49.461892376,Asia,Beauty,238,33872.87,9562.54,4.5
2023-04-20 21:17:14.846969392,Europe,Sports,326,10621.1,5844.29,8.3
2023-04-21 02:32:40.232046408,South America,Sports,607,46667.75,6851.77,9.8
2023-04-21 07:48:05.617123424,Asia,Electronics,777,13592.4,3441.0,7.2
2023-04-21 13:03:31.002200440,Europe,Home,730,7919.77,3877.12,7.0
2023-04-21 18:18:56.387277456,North America,Clothing,736,4953.38,7373.08,5.1
2023-04-21 23:34:21.772354472,Europe,Home,895,28387.5,9284.93,7.8
2023-04-22 04:49:47.157431488,North America,Sports,621,6131.24,6326.99,7.5
2023-04-22 10:05:12.542508504,Asia,Beauty,570,7369.41,7919.49,7.9
2023-04-22 15:20:37.927585512,South America,Clothing,210,15351.51,1799.19,4.2
2023-04-22 20:36:03.312662528,South America,Electronics,957,14441.82,2198.39,7.3
2023-04-23 01:51:28.697739544,Asia,Clothing,267,30409.86,5367.14,7.6
2023-04-23 07:06:54.082816560,South America,Electronics,489,40928.89,1847.89,5.2
2023-04-23 12:22:19.467893576,South America,Clothing,897,38186.81,6386.45,5.2
2023-04-23 17:37:44.852970592,North America,Electronics,187,13492.98,2987.37,5.7
2023-04-23 22:53:10.238047608,Asia,Electronics,766,12642.87,7936.17,8.3
2023-04-24 04:08:35.623124624,Europe,Clothing,132,48306.68,8100.29,7.6
2023-04-24 09:24:01.008201640,North America,Clothing,351,907.69,4691.5,9.1
2023-04-24 14:39:26.393278656,Asia,Electronics,180,44046.17,1890.03,5.8
2023-04-24 19:54:51.778355672,North America,Sports,854,10386.56,6503.07,9.5
2023-04-25 01:10:17.163432688,Europe,Clothing,657,47390.57,9928.59,8.5
2023-04-25 06:25:42.548509704,Europe,Home,68,17444.21,6263.65,6.4
2023-04-25 11:41:07.933586712,Asia,Beauty,714,22297.41,454.17,4.6
2023-04-25 16:56:33.318663728,Europe,Electronics,474,35502.47,271.21,5.5
2023-04-25 22:11:58.703740744,North America,Electronics,789,29589.62,3271.58,9.7
2023-04-26 03:27:24.088817760,Europe,Beauty,269,16238.0,2038.26,5.9
2023-04-26 08:42:49.473894776,North America,Sports,382,27914.63,8149.21,6.0
2023-04-26 13:58:14.858971792,North America,Beauty,982,36669.99,8463.58,5.1
2023-04-26 19:13:40.244048808,Europe,Clothing,104,2595.58,2660.33,8.8
2023-04-27 00:29:05.629125824,Asia,Beauty,134,1054.37,3323.88,5.7
2023-04-27 05:44:31.014202840,South America,Electronics,50,23174.31,2438.84,6.0
2023-04-27 10:59:56.399279856,Europe,Beauty,900,7025.91,9092.99,6.5
2023-04-27 16:15:21.784356872,North America,Home,263,33385.04,5076.23,6.6
2023-04-27 21:30:47.169433888,North America,Clothing,16,11095.6,6595.76,6.5
2023-04-28 02:46:12.554510904,Europe,Beauty,480,21926.13,4213.27,7.0
2023-04-28 08:01:37.939587912,Asia,Electronics,737,10284.71,6347.04,8.9
2023-04-28 13:17:03.324664928,Asia,Clothing,520,27649.94,3919.97,8.9
2023-04-28 18:32:28.709741944,North America,Electronics,590,6244.65,3462.82,8.8
2023-04-28 23:47:54.094818960,North America,Sports,78,1643.79,6381.35,4.6
2023-04-29 05:03:19.479895976,Asia,Home,90,3031.02,5951.51,8.8
2023-04-29 10:18:44.864972992,South America,Sports,551,47735.79,3005.93,4.7
2023-04-29 15:34:10.250050008,Europe,Home,594,7543.17,1578.55,4.7
2023-04-29 20:49:35.635127024,North America,Beauty,271,35569.67,3748.91,9.7
2023-04-30 02:05:01.020204040,North America,Clothing,98,3862.35,4210.46,8.9
2023-04-30 07:20:26.405281056,Asia,Beauty,924,5853.94,6323.97,7.3
2023-04-30 12:35:51.790358072,Europe,Home,217,25689.37,9153.83,9.2
2023-04-30 17:51:17.175435088,Asia,Home,222,23511.11,458.23,9.9
2023-04-30 23:06:42.560512104,Europe,Home,843,47603.23,2512.24,7.7
2023-05-01 04:22:07.945589120,Europe,Electronics,275,47269.35,2017.79,7.7
2023-05-01 09:37:33.330666128,Europe,Clothing,921,39090.63,5072.71,8.5
2023-05-01 14:52:58.715743144,North America,Beauty,302,30304.04,4354.04,5.4
2023-05-01 20:08:24.100820160,South America,Beauty,216,23020.54,7317.47,5.0
2023-05-02 01:23:49.485897176,Asia,Sports,342,18130.84,2499.92,8.6
2023-05-02 06:39:14.870974192,South America,Home,86,47380.83,5985.53,6.1
2023-05-02 11:54:40.256051208,Asia,Home,297,30343.99,8850.19,4.8
2023-05-02 17:10:05.641128224,Europe,Home,56,29164.09,9115.71,5.9
2023-05-02 22:25:31.026205240,North America,Beauty,631,11979.11,9591.97,6.2
2023-05-03 03:40:56.411282256,South America,Sports,209,2811.54,7755.29,9.8
2023-05-03 08:56:21.796359272,North America,Electronics,436,47286.83,9069.28,8.2
2023-05-03 14:11:47.181436288,Asia,Clothing,219,16029.9,2421.86,7.2
2023-05-03 19:27:12.566513304,North America,Electronics,897,22408.16,2056.05,9.8
2023-05-04 00:42:37.951590320,North America,Beauty,429,6174.68,164.23,9.4
2023-05-04 05:58:03.336667328,South America,Home,163,41927.75,7097.76,7.1
2023-05-04 11:13:28.721744344,Europe,Clothing,531,1867.78,9380.93,9.4
2023-05-04 16:28:54.106821360,North America,Beauty,424,41782.54,1950.66,6.4
2023-05-04 21:44:19.491898376,Europe,Beauty,362,7444.11,6405.74,5.4
2023-05-05 02:59:44.876975392,Asia,Beauty,166,44384.92,7489.95,5.4
2023-05-05 08:15:10.262052408,North America,Clothing,270,36623.75,9283.38,8.0
2023-05-05 13:30:35.647129424,South America,Clothing,86,8651.18,6503.92,7.0
2023-05-05 18:46:01.032206440,Asia,Sports,778,28507.99,9705.91,8.0
2023-05-06 00:01:26.417283456,Asia,Sports,992,15976.49,3512.26,8.1
2023-05-06 05:16:51.802360472,South America,Electronics,497,9322.54,3564.29,4.1
2023-05-06 10:32:17.187437488,North America,Clothing,140,43029.52,5475.82,4.3
2023-05-06 15:47:42.572514504,North America,Clothing,588,20474.38,3896.67,7.2
2023-05-06 21:03:07.957591520,Asia,Clothing,464,20227.91,114.11,5.1
2023-05-07 02:18:33.342668536,North America,Sports,749,8909.39,7344.54,7.8
2023-05-07 07:33:58.727745544,Europe,Beauty,172,19461.75,7542.0,7.3
2023-05-07 12:49:24.112822560,South America,Home,24,43645.03,7495.05,7.5
2023-05-07 18:04:49.497899576,Europe,Sports,241,18474.87,3515.7,5.8
2023-05-07 23:20:14.882976592,North America,Clothing,204,47604.38,5270.67,7.8
2023-05-08 04:35:40.268053608,Asia,Sports,870,47342.29,3663.74,9.0
2023-05-08 09:51:05.653130624,South America,Electronics,551,7672.48,258.76,10.0
2023-05-08 15:06:31.038207640,North America,Clothing,368,9276.91,5668.24,9.0
2023-05-08 20:21:56.423284656,North America,Electronics,859,43202.37,1325.23,7.3
2023-05-09 01:37:21.808361672,Asia,Clothing,340,19941.67,892.41,5.2
2023-05-09 06:52:47.193438688,Asia,Sports,436,716.51,7579.44,8.1
2023-05-09 12:08:12.578515704,Europe,Beauty,506,14056.66,194.11,9.6
2023-05-09 17:23:37.963592720,South America,Home,837,30082.64,9594.18,5.3
2023-05-09 22:39:03.348669736,South America,Electronics,495,40063.67,5201.03,5.5
2023-05-10 03:54:28.733746744,Asia,Sports,817,7102.74,9831.86,4.9
2023-05-10 09:09:54.118823760,Europe,Beauty,458,5971.8,674.18,8.4
2023-05-10 14:25:19.503900776,South America,Sports,422,46143.59,5876.94,6.4
2023-05-10 19:40:44.888977792,Asia,Electronics,339,37681.84,3558.34,4.4
2023-05-11 00:56:10.274054808,North America,Home,741,29694.09,8450.48,9.2
2023-05-11 06:11:35.659131824,South America,Sports,898,38574.75,3676.11,7.3
2023-05-11 11:27:01.044208840,Europe,Clothing,156,21728.29,2678.83,6.0
2023-05-11 16:42:26.429285856,Europe,Beauty,268,38043.56,8589.78,6.1
2023-05-11 21:57:51.814362872,Europe,Sports,301,18904.25,3809.07,5.7
2023-05-12 03:13:17.199439888,North America,Beauty,820,12582.68,266.65,6.7
2023-05-12 08:28:42.584516904,South America,Clothing,152,36586.16,3963.86,6.0
2023-05-12 13:44:07.969593920,South America,Home,946,21273.78,6579.77,7.3
2023-05-12 18:59:33.354670936,North America,Home,756,49078.17,2618.16,8.6
2023-05-13 00:14:58.739747944,South America,Clothing,636,17799.52,4376.68,8.0
2023-05-13 05:30:24.124824960,North America,Beauty,374,46125.51,661.48,5.8
2023-05-13 10:45:49.509901976,North America,Sports,99,46681.65,5922.12,7.2
2023-05-13 16:01:14.894978992,North America,Clothing,729,12471.72,7587.32,9.0
2023-05-13 21:16:40.280056008,Europe,Electronics,173,40011.95,4191.79,4.4
2023-05-14 02:32:05.665133024,South America,Beauty,490,21937.19,4260.3,4.5
2023-05-14 07:47:31.050210040,North America,Home,93,45917.47,974.0,7.3
2023-05-14 13:02:56.435287056,South America,Clothing,86,22781.15,2099.21,7.8
2023-05-14 18:18:21.820364072,Europe,Home,682,37343.03,1631.29,5.3
2023-05-14 23:33:47.205441088,North America,Beauty,526,23614.89,4868.71,8.5
2023-05-15 04:49:12.590518104,Asia,Home,494,11776.14,5339.63,7.9
2023-05-15 10:04:37.975595120,Europe,Clothing,599,10367.83,9494.51,9.5
2023-05-15 15:20:03.360672136,Asia,Beauty,612,21558.84,824.99,5.0
2023-05-15 20:35:28.745749152,South America,Electronics,608,37896.99,6038.69,8.5
2023-05-16 01:50:54.130826160,South America,Clothing,791,30451.04,5312.34,4.5
2023-05-16 07:06:19.515903176,Europe,Sports,113,34587.15,5210.71,7.4
2023-05-16 12:21:44.900980192,South America,Clothing,461,14475.15,8744.28,7.3
2023-05-16 17:37:10.286057208,Asia,Beauty,496,24331.05,2134.83,6.3
2023-05-16 22:52:35.671134224,North America,Clothing,348,2697.57,503.66,9.1
2023-05-17 04:08:01.056211240,North America,Electronics,696,40967.85,6755.49,4.0
2023-05-17 09:23:26.441288256,North America,Electronics,575,49499.66,3517.06,7.1
2023-05-17 14:38:51.826365272,Europe,Sports,909,20640.51,274.14,5.3
2023-05-17 19:54:17.211442288,South America,Home,487,1042.7,2588.6,8.5
2023-05-18 01:09:42.596519304,Asia,Beauty,732,8904.74,3162.34,4.3
2023-05-18 06:25:07.981596320,South America,Beauty,616,32800.08,6206.7,9.0
2023-05-18 11:40:33.366673336,South America,Home,232,30797.93,1808.6,9.0
2023-05-18 16:55:58.751750352,South America,Electronics,18,39499.3,4189.24,9.0
2023-05-18 22:11:24.136827360,North America,Electronics,62,13067.26,4876.51,4.9
2023-05-19 03:26:49.521904376,Asia,Clothing,86,38299.78,4646.45,7.8
2023-05-19 08:42:14.906981392,Asia,Sports,727,34555.21,9742.01,4.1
2023-05-19 13:57:40.292058408,South America,Sports,512,16479.32,550.49,9.1
2023-05-19 19:13:05.677135424,North America,Sports,325,27501.66,9514.59,8.3
2023-05-20 00:28:31.062212440,North America,Clothing,823,7790.05,5861.18,7.2
2023-05-20 05:43:56.447289456,Asia,Sports,831,22901.94,7977.7,8.4
2023-05-20 10:59:21.832366472,North America,Home,851,44119.27,4360.89,4.6
2023-05-20 16:14:47.217443488,North America,Clothing,633,21348.97,4593.0,7.2
2023-05-20 21:30:12.602520504,North America,Home,872,42058.55,8805.33,5.7
2023-05-21 02:45:37.987597520,Europe,Clothing,174,29717.54,8969.75,9.8
2023-05-21 08:01:03.372674536,South America,Sports,288,9997.9,2463.02,9.1
2023-05-21 13:16:28.757751552,Asia,Home,36,29264.76,2072.49,8.4
2023-05-21 18:31:54.142828568,Asia,Home,79,25546.17,5012.73,9.6
2023-05-21 23:47:19.527905576,Europe,Home,227,20232.75,9012.74,6.1
2023-05-22 05:02:44.912982592,South America,Clothing,971,6421.71,3291.32,9.4
2023-05-22 10:18:10.298059608,Asia,Beauty,374,21127.08,6554.94,6.0
2023-05-22 15:33:35.683136624,North America,Sports,710,4101.74,7110.7,8.4
2023-05-22 20:49:01.068213640,Asia,Home,854,5389.07,7808.88,8.4
2023-05-23 02:04:26.453290656,North America,Beauty,956,21087.87,5682.85,4.1
2023-05-23 07:19:51.838367672,Europe,Sports,315,15616.38,4084.31,6.2
2023-05-23 12:35:17.223444688,North America,Sports,133,46314.44,9673.46,4.1
2023-05-23 17:50:42.608521704,Asia,Home,28,19097.44,6152.17,10.0
2023-05-23 23:06:07.993598720,Asia,Home,266,38013.98,7312.8,4.7
2023-05-24 04:21:33.378675736,Asia,Clothing,305,26747.25,3515.33,7.3
2023-05-24 09:36:58.763752752,Europe,Beauty,937,35352.24,6732.5,8.7
2023-05-24 14:52:24.148829768,Europe,Beauty,31,13375.74,2652.2,5.2
2023-05-24 20:07:49.533906776,South America,Home,889,47124.3,2526.46,6.9
2023-05-25 01:23:14.918983792,Asia,Sports,998,26739.38,7175.75,7.6
2023-05-25 06:38:40.304060808,North America,Home,459,41650.54,5261.81,5.0
2023-05-25 11:54:05.689137824,Europe,Sports,561,18569.76,6864.44,8.7
2023-05-25 17:09:31.074214840,Asia,Sports,559,5460.46,2767.44,5.8
2023-05-25 22:24:56.459291856,Asia,Home,57,33848.73,6027.36,5.3
2023-05-26 03:40:21.844368872,Europe,Electronics,704,884.1,4494.94,7.3
2023-05-26 08:55:47.229445888,South America,Beauty,596,24027.0,6009.91,6.5
2023-05-26 14:11:12.614522904,Europe,Sports,730,10043.69,2979.71,9.5
2023-05-26 19:26:37.999599920,Europe,Sports,192,31555.09,7182.96,9.3
2023-05-27 00:42:03.384676936,North America,Electronics,444,48981.28,8078.7,6.9
2023-05-27 05:57:28.769753952,North America,Clothing,116,23487.94,2673.17,6.2
2023-05-27 11:12:54.154830968,South America,Electronics,197,40966.16,3076.14,6.0
2023-05-27 16:28:19.539907976,Asia,Electronics,785,25635.32,6645.43,5.6
2023-05-27 21:43:44.924984992,Europe,Sports,95,25044.08,6986.29,7.3
2023-05-28 02:59:10.310062008,South America,Beauty,845,46555.96,7070.59,8.8
2023-05-28 08:14:35.695139024,North America,Electronics,852,44553.31,6858.72,5.9
2023-05-28 13:30:01.080216040,Europe,Clothing,465,39397.12,3988.8,5.1
2023-05-28 18:45:26.465293056,Asia,Home,146,15164.66,4009.05,6.9
2023-05-29 00:00:51.850370072,North America,Electronics,867,27477.92,2622.69,4.4
2023-05-29 05:16:17.235447088,North America,Electronics,907,11582.91,1652.65,8.2
2023-05-29 10:31:42.620524104,North America,Clothing,345,22473.88,6956.52,7.1
2023-05-29 15:47:08.005601120,South America,Beauty,616,24468.55,1022.57,7.0
2023-05-29 21:02:33.390678136,Asia,Electronics,847,41666.18,9384.14,5.8
2023-05-30 02:17:58.775755152,Europe,Electronics,766,44853.4,8284.19,9.4
2023-05-30 07:33:24.160832168,South America,Beauty,478,21023.69,8589.31,4.5
2023-05-30 12:48:49.545909184,South America,Clothing,611,1376.37,9076.02,9.2
2023-05-30 18:04:14.930986192,South America,Electronics,580,43157.81,4145.19,6.3
2023-05-30 23:19:40.316063208,North America,Beauty,412,9126.79,8482.34,9.3
2023-05-31 04:35:05.701140224,Asia,Electronics,549,31283.16,1664.81,8.4
2023-05-31 09:50:31.086217240,South America,Home,81,1736.06,314.25,4.6
2023-05-31 15:05:56.471294256,Europe,Sports,791,20275.57,7870.42,9.0
2023-05-31 20:21:21.856371272,Asia,Home,33,49305.03,840.49,8.1
2023-06-01 01:36:47.241448288,Europe,Electronics,633,5484.33,9886.39,4.2
2023-06-01 06:52:12.626525304,Asia,Clothing,821,21472.81,6780.48,4.8
2023-06-01 12:07:38.011602320,Europe,Sports,494,15703.92,7559.15,7.8
2023-06-01 17:23:03.396679336,North America,Home,65,45301.86,2533.46,8.0
2023-06-01 22:38:28.781756352,South America,Beauty,995,43532.34,6771.27,8.5
2023-06-02 03:53:54.166833368,Europe,Clothing,232,12266.09,527.88,8.3
2023-06-02 09:09:19.551910384,Asia,Home,641,4518.8,8394.47,8.0
2023-06-02 14:24:44.936987392,South America,Beauty,188,31543.35,1779.28,8.6
2023-06-02 19:40:10.322064408,South America,Electronics,809,17150.25,7003.84,7.5
2023-06-03 00:55:35.707141424,Asia,Beauty,443,33768.18,2322.36,5.6
2023-06-03 06:11:01.092218440,Europe,Home,946,2089.93,777.69,9.5
2023-06-03 11:26:26.477295456,North America,Home,459,7103.26,4866.79,4.1
2023-06-03 16:41:51.862372472,North America,Electronics,802,34475.43,1775.93,6.2
2023-06-03 21:57:17.247449488,Europe,Beauty,893,11012.35,7321.5,8.4
2023-06-04 03:12:42.632526504,South America,Beauty,501,42950.59,2451.9,6.6
2023-06-04 08:28:08.017603520,South America,Electronics,198,3400.25,3490.48,4.1
2023-06-04 13:43:33.402680536,South America,Beauty,587,11166.36,5717.65,4.4
2023-06-04 18:58:58.787757552,South America,Electronics,819,49928.73,2921.19,7.9
2023-06-05 00:14:24.172834568,Europe,Clothing,970,21937.27,3842.08,9.8
2023-06-05 05:29:49.557911584,South America,Home,429,35296.8,8174.66,7.3
2023-06-05 10:45:14.942988592,Asia,Clothing,258,9541.82,1874.18,7.0
2023-06-05 16:00:40.328065608,South America,Sports,597,30688.5,913.8,5.9
2023-06-05 21:16:05.713142624,North America,Sports,658,36442.25,3350.74,5.5
2023-06-06 02:31:31.098219640,South America,Sports,173,16066.59,4301.33,4.1
2023-06-06 07:46:56.483296656,Europe,Electronics,754,41530.41,5472.33,5.6
2023-06-06 13:02:21.868373672,North America,Beauty,264,30369.17,3786.99,6.7
2023-06-06 18:17:47.253450688,Europe,Clothing,485,19761.59,7920.13,5.2
2023-06-06 23:33:12.638527704,Europe,Clothing,815,28103.3,489.26,4.5
2023-06-07 04:48:38.023604720,North America,Clothing,426,29049.66,4374.5,8.3
2023-06-07 10:04:03.408681736,Europe,Clothing,179,8694.0,3884.33,9.4
2023-06-07 15:19:28.793758752,Europe,Sports,326,20435.25,6511.03,9.6
2023-06-07 20:34:54.178835768,South America,Clothing,183,17499.81,9666.13,7.7
2023-06-08 01:50:19.563912784,Asia,Beauty,479,20344.68,5152.72,4.3
2023-06-08 07:05:44.948989800,Europe,Sports,354,38174.97,9870.08,8.4
2023-06-08 12:21:10.334066808,Europe,Clothing,454,24385.65,3092.27,4.7
2023-06-08 17:36:35.719143824,Europe,Electronics,27,47045.65,405.59,8.0
2023-06-08 22:52:01.104220840,South America,Home,79,15036.98,1740.07,8.7
2023-06-09 04:07:26.489297856,Asia,Home,347,21077.33,4011.74,8.4
2023-06-09 09:22:51.874374872,North America,Home,637,39454.36,3231.71,9.7
2023-06-09 14:38:17.259451888,South America,Sports,601,27528.22,1060.84,8.4
2023-06-09 19:53:42.644528904,South America,Clothing,536,27577.89,4383.34,8.2
2023-06-10 01:09:08.029605920,Asia,Sports,697,3140.34,3447.35,5.6
2023-06-10 06:24:33.414682936,Asia,Beauty,465,20230.68,1313.93,9.5
2023-06-10 11:39:58.799759952,South America,Electronics,278,13901.32,3031.56,5.1
2023-06-10 16:55:24.184836968,North America,Electronics,640,49967.09,8875.72,9.4
2023-06-10 22:10:49.569913984,South America,Home,820,15763.58,3090.28,5.9
2023-06-11 03:26:14.954991000,Asia,Home,197,44282.58,7168.16,4.8
2023-06-11 08:41:40.340068008,North America,Home,578,33973.57,6159.27,9.0
2023-06-11 13:57:05.725145024,Asia,Clothing,720,17375.36,4329.09,4.0
2023-06-11 19:12:31.110222040,North America,Beauty,538,27404.95,2466.35,9.0
2023-06-12 00:27:56.495299056,Europe,Beauty,443,42106.53,3753.25,5.6
2023-06-12 05:43:21.880376072,Asia,Beauty,297,44226.73,5961.86,9.3
2023-06-12 10:58:47.265453088,Asia,Beauty,927,8439.5,3572.46,8.1
2023-06-12 16:14:12.650530104,South America,Home,576,17308.87,2227.47,8.0
2023-06-12 21:29:38.035607120,Asia,Electronics,508,17093.55,1252.98,6.2
2023-06-13 02:45:03.420684136,Asia,Home,450,2581.22,8809.69,4.4
2023-06-13 08:00:28.805761152,Europe,Beauty,790,30112.77,4459.1,9.0
2023-06-13 13:15:54.190838168,Asia,Home,312,42813.59,6289.56,5.0
2023-06-13 18:31:19.575915184,Europe,Beauty,96,19387.93,4955.06,6.2
2023-06-13 23:46:44.960992200,Europe,Sports,839,37131.78,8738.41,7.6
2023-06-14 05:02:10.346069216,Europe,Electronics,447,31571.17,5514.66,6.9
2023-06-14 10:17:35.731146224,Europe,Sports,550,19094.61,4859.74,5.2
2023-06-14 15:33:01.116223240,North America,Clothing,31,7482.46,9253.55,4.8
2023-06-14 20:48:26.501300256,South America,Home,842,35611.53,7224.93,4.7
2023-06-15 02:03:51.886377272,North America,Clothing,806,42800.98,1204.34,9.2
2023-06-15 07:19:17.271454288,Asia,Home,569,34449.8,1859.27,4.2
2023-06-15 12:34:42.656531304,North America,Sports,526,1384.98,7892.52,9.9
2023-06-15 17:50:08.041608320,North America,Beauty,771,11203.53,8374.93,5.2
2023-06-15 23:05:33.426685336,Asia,Beauty,684,3939.26,5497.39,4.7
2023-06-16 04:20:58.811762352,Asia,Home,512,28734.11,5589.11,7.5
2023-06-16 09:36:24.196839368,Asia,Beauty,723,37945.65,6356.14,4.5
2023-06-16 14:51:49.581916384,North America,Sports,476,5973.67,4447.25,7.6
2023-06-16 20:07:14.966993400,North America,Beauty,110,41997.72,6833.97,9.1
2023-06-17 01:22:40.352070416,Asia,Sports,592,27997.69,1173.96,4.3
2023-06-17 06:38:05.737147424,South America,Clothing,951,34653.47,9616.66,8.8
2023-06-17 11:53:31.122224440,South America,Sports,684,48584.39,7526.53,6.4
2023-06-17 17:08:56.507301456,Europe,Electronics,694,4642.21,6348.62,5.0
2023-06-17 22:24:21.892378472,Asia,Electronics,150,45110.59,3231.59,5.1
2023-06-18 03:39:47.277455488,Europe,Electronics,147,6742.08,1693.46,9.5
2023-06-18 08:55:12.662532504,South America,Home,587,19951.46,4152.5,4.7
2023-06-18 14:10:38.047609520,Europe,Home,719,42646.22,6649.61,9.2
2023-06-18 19:26:03.432686536,Asia,Home,849,45359.58,6373.73,7.3
2023-06-19 00:41:28.817763552,Asia,Sports,237,25565.4,3888.15,4.2
2023-06-19 05:56:54.202840568,Asia,Home,290,29908.18,6171.54,6.8
2023-06-19 11:12:19.587917584,North America,Clothing,693,35553.29,8156.11,8.9
2023-06-19 16:27:44.972994600,Europe,Electronics,837,41721.55,360.22,8.4
2023-06-19 21:43:10.358071616,South America,Sports,440,6514.8,4561.15,6.9
2023-06-20 02:58:35.743148624,South America,Electronics,49,40598.43,7609.7,9.2
2023-06-20 08:14:01.128225640,South America,Home,528,24323.17,5506.83,4.7
2023-06-20 13:29:26.513302656,North America,Sports,695,22805.86,6549.61,9.5
2023-06-20 18:44:51.898379672,North America,Beauty,672,21483.04,5215.1,9.1
2023-06-21 00:00:17.283456688,Asia,Clothing,220,25705.97,9919.56,8.2
2023-06-21 05:15:42.668533704,South America,Home,311,47280.0,640.75,8.9
2023-06-21 10:31:08.053610720,North America,Home,95,27636.09,4961.34,7.3
2023-06-21 15:46:33.438687736,Asia,Clothing,406,47682.29,1005.02,8.1
2023-06-21 21:01:58.823764752,South America,Clothing,262,9424.36,1681.88,7.4
2023-06-22 02:17:24.208841768,Europe,Beauty,542,36344.73,3892.08,6.1
2023-06-22 07:32:49.593918784,Asia,Home,778,40705.86,1639.85,7.4
2023-06-22 12:48:14.978995800,North America,Home,900,34116.88,9640.5,5.5
2023-06-22 18:03:40.364072816,North America,Electronics,924,30542.65,9473.22,6.6
2023-06-22 23:19:05.749149832,Asia,Sports,390,28458.23,3427.49,5.7
2023-06-23 04:34:31.134226840,Asia,Sports,453,43116.06,6433.5,4.7
2023-06-23 09:49:56.519303856,North America,Electronics,42,41171.51,5384.16,5.9
2023-06-23 15:05:21.904380872,Europe,Sports,269,6553.29,8174.31,9.1
2023-06-23 20:20:47.289457888,South America,Clothing,243,42505.09,6311.71,6.3
2023-06-24 01:36:12.674534904,Europe,Sports,524,20996.4,102.5,8.5
2023-06-24 06:51:38.059611920,Asia,Sports,868,13057.99,7655.43,5.1
2023-06-24 12:07:03.444688936,Europe,Electronics,317,43553.54,7493.8,6.5
2023-06-24 17:22:28.829765952,North America,Beauty,748,21885.23,5146.25,4.7
2023-06-24 22:37:54.214842968,Asia,Sports,805,40514.05,9038.9,4.8
2023-06-25 03:53:19.599919984,South America,Sports,79,13538.48,9093.62,7.7
2023-06-25 09:08:44.984997000,North America,Beauty,463,694.5,5286.73,7.6
2023-06-25 14:24:10.370074016,North America,Electronics,448,25025.23,6119.08,5.3
2023-06-25 19:39:35.755151032,South America,Beauty,834,5461.3,9965.57,6.8
2023-06-26 00:55:01.140228040,South America,Electronics,373,37841.61,3058.32,9.2
2023-06-26 06:10:26.525305056,Europe,Clothing,992,14165.72,3313.71,5.0
2023-06-26 11:25:51.910382072,Asia,Electronics,775,22460.46,1909.46,4.1
2023-06-26 16:41:17.295459088,South America,Clothing,490,4808.16,8969.08,7.9
2023-06-26 21:56:42.680536104,South America,Clothing,153,14689.63,7470.44,4.3
2023-06-27 03:12:08.065613120,Asia,Electronics,33,39183.77,1145.86,9.9
2023-06-27 08:27:33.450690136,South America,Home,974,8003.6,9819.5,7.7
2023-06-27 13:42:58.835767152,South America,Electronics,434,32534.4,7336.52,6.8
2023-06-27 18:58:24.220844168,Europe,Sports,755,45912.58,8520.17,6.6
2023-06-28 00:13:49.605921184,North America,Sports,854,34151.92,576.69,7.4
2023-06-28 05:29:14.990998200,North America,Home,184,40645.57,5099.11,4.5
2023-06-28 10:44:40.376075216,North America,Clothing,853,5894.1,7016.12,9.6
2023-06-28 16:00:05.761152232,North America,Home,334,12911.23,5475.17,7.8
2023-06-28 21:15:31.146229248,South America,Sports,878,44779.67,6699.81,5.1
2023-06-29 02:30:56.531306256,Asia,Home,680,35897.73,8196.95,7.4
2023-06-29 07:46:21.916383272,Asia,Electronics,869,32157.91,3805.94,4.8
2023-06-29 13:01:47.301460288,Europe,Home,357,33356.45,8501.82,4.1
2023-06-29 18:17:12.686537304,Europe,Clothing,807,21002.93,1712.87,7.8
2023-06-29 23:32:38.071614320,South America,Electronics,27,2705.55,2781.77,7.9
2023-06-30 04:48:03.456691336,Asia,Beauty,53,39329.86,529.12,7.5
2023-06-30 10:03:28.841768352,Asia,Sports,164,34096.31,3707.83,5.1
2023-06-30 15:18:54.226845368,North America,Sports,876,23903.82,3861.1,7.6
2023-06-30 20:34:19.611922384,South America,Home,931,45038.1,8072.18,4.3
2023-07-01 01:49:44.996999400,South America,Electronics,386,17139.9,6565.99,7.7
2023-07-01 07:05:10.382076416,North America,Beauty,752,15068.93,4423.55,7.3
2023-07-01 12:20:35.767153432,South America,Electronics,892,43703.42,6555.93,7.9
2023-07-01 17:36:01.152230448,South America,Sports,837,39950.89,622.56,9.4
2023-07-01 22:51:26.537307456,Europe,Electronics,411,25991.5,1884.69,9.1
2023-07-02 04:06:51.922384472,Asia,Beauty,234,6971.37,6306.78,9.9
2023-07-02 09:22:17.307461488,South America,Home,226,11146.04,6449.53,9.9
2023-07-02 14:37:42.692538504,Europe,Clothing,577,32983.29,7763.93,8.6
2023-07-02 19:53:08.077615520,Asia,Electronics,40,19559.54,4089.7,9.7
2023-07-03 01:08:33.462692536,North America,Clothing,878,41905.42,7253.29,9.2
2023-07-03 06:23:58.847769552,Europe,Sports,68,47522.77,6871.41,8.4
2023-07-03 11:39:24.232846568,Europe,Home,901,40379.03,9637.59,4.5
2023-07-03 16:54:49.617923584,Asia,Home,907,19188.5,2229.79,4.3
2023-07-03 22:10:15.003000600,North America,Electronics,362,39539.98,5561.63,9.0
2023-07-04 03:25:40.388077616,Europe,Home,944,17896.36,6057.47,6.9
2023-07-04 08:41:05.773154632,South America,Electronics,454,8771.45,9986.61,8.9
2023-07-04 13:56:31.158231648,South America,Electronics,244,2152.96,2091.72,5.9
2023-07-04 19:11:56.543308656,South America,Clothing,116,19592.98,5279.86,6.4
2023-07-05 00:27:21.928385672,North America,Home,200,45226.19,3527.23,8.2
2023-07-05 05:42:47.313462688,Europe,Electronics,539,12329.84,5306.34,9.5
2023-07-05 10:58:12.698539704,South America,Clothing,922,10722.4,2398.07,4.5
2023-07-05 16:13:38.083616720,North America,Beauty,747,48506.13,571.36,9.2
2023-07-05 21:29:03.468693736,South America,Clothing,688,1737.7,5768.4,8.8
2023-07-06 02:44:28.853770752,Asia,Clothing,592,39396.22,3424.96,5.9
2023-07-06 07:59:54.238847768,Europe,Electronics,883,16407.81,1901.22,6.1
2023-07-06 13:15:19.623924784,Europe,Sports,575,2355.65,3306.96,4.3
2023-07-06 18:30:45.009001800,North America,Sports,254,45931.23,587.87,4.1
2023-07-06 23:46:10.394078816,North America,Sports,871,7412.3,9509.38,6.9
2023-07-07 05:01:35.779155832,Europe,Clothing,85,27813.07,5853.36,4.6
2023-07-07 10:17:01.164232848,South America,Electronics,556,14065.68,8166.21,5.2
2023-07-07 15:32:26.549309864,South America,Home,276,3727.04,4288.87,9.1
2023-07-07 20:47:51.934386872,Asia,Clothing,326,2971.16,9042.82,7.4
2023-07-08 02:03:17.319463888,South America,Clothing,821,6220.06,4884.85,7.8
2023-07-08 07:18:42.704540904,North America,Electronics,130,4032.67,5782.06,5.1
2023-07-08 12:34:08.089617920,North America,Beauty,845,38147.63,4968.76,9.0
2023-07-08 17:49:33.474694936,South America,Clothing,34,24535.53,7359.46,9.2
2023-07-08 23:04:58.859771952,North America,Beauty,441,17473.16,5709.9,7.1
2023-07-09 04:20:24.244848968,Europe,Beauty,169,21209.26,2788.83,9.5
2023-07-09 09:35:49.629925984,Europe,Sports,605,46482.86,1540.84,9.1
2023-07-09 14:51:15.015003000,South America,Electronics,123,45582.21,6100.63,8.4
2023-07-09 20:06:40.400080016,Europe,Beauty,744,35925.99,4942.88,8.4
2023-07-10 01:22:05.785157032,Europe,Electronics,909,44291.78,1050.16,4.6
2023-07-10 06:37:31.170234048,Asia,Sports,511,16322.58,4016.61,5.6
2023-07-10 11:52:56.555311064,Asia,Electronics,175,19364.91,5196.29,4.4
2023-07-10 17:08:21.940388072,Europe,Clothing,712,30878.75,8286.24,4.1
2023-07-10 22:23:47.325465088,South America,Beauty,184,31369.48,853.4,4.9
2023-07-11 03:39:12.710542104,Asia,Electronics,10,24344.14,3550.1,9.3
2023-07-11 08:54:38.095619120,North America,Home,908,20332.56,8244.3,5.4
2023-07-11 14:10:03.480696136,North America,Electronics,750,49315.93,6519.4,9.8
2023-07-11 19:25:28.865773152,North America,Beauty,95,41145.62,2970.59,7.6
2023-07-12 00:40:54.250850168,South America,Sports,583,22031.52,8468.82,5.4
2023-07-12 05:56:19.635927184,Europe,Sports,329,36500.98,4983.61,7.0
2023-07-12 11:11:45.021004200,North America,Beauty,410,13843.3,5033.68,5.3
2023-07-12 16:27:10.406081216,South America,Clothing,391,5458.38,9768.21,9.9
2023-07-12 21:42:35.791158232,Asia,Clothing,727,17945.34,9476.45,9.1
2023-07-13 02:58:01.176235248,Europe,Sports,626,20447.15,3649.47,4.2
2023-07-13 08:13:26.561312264,Asia,Sports,327,1318.59,1491.73,9.7
2023-07-13 13:28:51.946389272,South America,Beauty,812,40832.2,3324.1,8.3
2023-07-13 18:44:17.331466288,North America,Clothing,259,18280.07,401.78,4.5
2023-07-13 23:59:42.716543304,North America,Sports,534,29230.7,305.6,8.0
2023-07-14 05:15:08.101620320,South America,Clothing,684,4161.18,4015.67,7.9
2023-07-14 10:30:33.486697336,North America,Sports,564,9162.34,9416.1,5.3
2023-07-14 15:45:58.871774352,Europe,Electronics,907,44539.84,8726.44,8.6
2023-07-14 21:01:24.256851368,South America,Home,961,30630.03,5163.28,4.5
2023-07-15 02:16:49.641928384,Asia,Electronics,632,47539.06,5695.74,6.9
2023-07-15 07:32:15.027005400,South America,Sports,726,49938.13,158.74,4.1
2023-07-15 12:47:40.412082416,Europe,Home,905,18907.08,2233.46,9.8
2023-07-15 18:03:05.797159432,Europe,Home,265,15290.75,345.26,8.5
2023-07-15 23:18:31.182236448,South America,Sports,316,42988.62,7569.94,5.0
2023-07-16 04:33:56.567313464,South America,Sports,959,49931.27,1541.89,6.1
2023-07-16 09:49:21.952390480,North America,Clothing,153,31667.24,8703.57,5.0
2023-07-16 15:04:47.337467488,Europe,Sports,667,39859.47,6468.91,8.6
2023-07-16 20:20:12.722544504,South America,Beauty,400,39196.42,2371.24,4.4
2023-07-17 01:35:38.107621520,South America,Sports,822,18089.32,1661.43,9.0
2023-07-17 06:51:03.492698536,Europe,Beauty,685,28926.38,6313.48,9.7
2023-07-17 12:06:28.877775552,South America,Sports,178,41736.32,9018.29,8.1
2023-07-17 17:21:54.262852568,North America,Clothing,999,34561.64,7211.77,5.3
2023-07-17 22:37:19.647929584,Europe,Beauty,307,1547.61,3550.61,6.2
2023-07-18 03:52:45.033006600,North America,Electronics,242,17166.93,5915.1,6.9
2023-07-18 09:08:10.418083616,North America,Beauty,912,7651.55,3176.54,7.6
2023-07-18 14:23:35.803160632,North America,Clothing,280,12032.12,9991.58,8.0
2023-07-18 19:39:01.188237648,North America,Beauty,69,45321.73,7513.51,7.3
2023-07-19 00:54:26.573314664,Europe,Sports,305,2326.22,6182.38,6.1
2023-07-19 06:09:51.958391680,North America,Sports,476,11380.14,4290.27,9.3
2023-07-19 11:25:17.343468688,North America,Clothing,244,15823.68,6219.71,4.5
2023-07-19 16:40:42.728545704,South America,Home,686,31035.76,3482.0,6.8
2023-07-19 21:56:08.113622720,Europe,Sports,715,26938.03,385.76,8.7
2023-07-20 03:11:33.498699736,Europe,Electronics,243,11304.34,4011.38,4.4
2023-07-20 08:26:58.883776752,Asia,Clothing,377,8629.93,9311.76,8.2
2023-07-20 13:42:24.268853768,Europe,Beauty,704,12221.5,6300.38,8.9
2023-07-20 18:57:49.653930784,Europe,Beauty,854,25375.22,931.16,8.0
2023-07-21 00:13:15.039007800,Asia,Electronics,241,13923.3,8861.44,4.1
2023-07-21 05:28:40.424084816,Europe,Sports,882,47406.32,2761.86,5.1
2023-07-21 10:44:05.809161832,Europe,Clothing,500,23461.33,2513.32,6.1
2023-07-21 15:59:31.194238848,Europe,Electronics,628,3410.4,3041.2,5.4
2023-07-21 21:14:56.579315864,Europe,Sports,512,36598.69,5814.3,9.8
2023-07-22 02:30:21.964392880,Asia,Clothing,899,16777.84,5492.41,7.9
2023-07-22 07:45:47.349469896,Europe,Beauty,744,32847.7,4965.0,5.8
2023-07-22 13:01:12.734546904,Europe,Clothing,601,14339.92,7203.61,9.6
2023-07-22 18:16:38.119623920,Asia,Home,755,28751.82,3233.72,8.4
2023-07-22 23:32:03.504700936,South America,Clothing,390,38721.55,7842.44,5.7
2023-07-23 04:47:28.889777952,North America,Home,705,46436.43,1835.68,6.3
2023-07-23 10:02:54.274854968,South America,Clothing,437,13425.79,7847.95,5.2
2023-07-23 15:18:19.659931984,Asia,Home,706,17075.42,6671.72,9.8
2023-07-23 20:33:45.045009000,North America,Beauty,655,23481.19,6863.76,7.1
2023-07-24 01:49:10.430086016,Asia,Sports,741,46395.15,4867.38,9.4
2023-07-24 07:04:35.815163032,Asia,Home,809,45118.65,6703.32,6.1
2023-07-24 12:20:01.200240048,Europe,Home,373,4948.97,889.99,9.2
2023-07-24 17:35:26.585317064,North America,Beauty,211,7030.53,8530.36,4.3
2023-07-24 22:50:51.970394080,Europe,Home,891,25027.7,649.92,9.9
2023-07-25 04:06:17.355471096,North America,Electronics,155,5777.65,1572.54,9.5
2023-07-25 09:21:42.740548104,Asia,Beauty,845,17606.25,5810.22,6.2
2023-07-25 14:37:08.125625120,Asia,Electronics,648,7845.08,7420.17,8.6
2023-07-25 19:52:33.510702136,South America,Beauty,466,31984.0,854.89,8.5
2023-07-26 01:07:58.895779152,North America,Home,144,47500.02,9215.57,9.4
2023-07-26 06:23:24.280856168,Europe,Electronics,635,49838.32,9738.72,5.8
2023-07-26 11:38:49.665933184,South America,Home,273,19074.44,6098.91,6.8
2023-07-26 16:54:15.051010200,South America,Beauty,73,30151.13,4864.31,9.2
2023-07-26 22:09:40.436087216,South America,Home,500,42885.25,7439.81,8.7
2023-07-27 03:25:05.821164232,Europe,Electronics,656,6314.37,3350.74,6.4
2023-07-27 08:40:31.206241248,South America,Electronics,50,34633.44,4983.32,9.1
2023-07-27 13:55:56.591318264,Europe,Home,305,20737.76,9169.9,4.3
2023-07-27 19:11:21.976395280,South America,Clothing,12,10704.23,9560.99,8.7
2023-07-28 00:26:47.361472296,Europe,Beauty,922,20436.3,9277.98,5.2
2023-07-28 05:42:12.746549304,Asia,Beauty,715,4260.03,2698.24,5.7
2023-07-28 10:57:38.131626320,Asia,Home,984,34922.65,2401.44,7.0
2023-07-28 16:13:03.516703336,Asia,Clothing,119,13010.76,3046.88,6.7
2023-07-28 21:28:28.901780352,Asia,Electronics,230,15914.58,4468.98,7.1
2023-07-29 02:43:54.286857368,Asia,Sports,379,6493.52,3210.26,7.3
2023-07-29 07:59:19.671934384,South America,Sports,377,43300.63,3804.71,6.0
2023-07-29 13:14:45.057011400,South America,Home,445,24925.49,6244.31,5.1
2023-07-29 18:30:10.442088416,South America,Clothing,927,28821.27,7649.0,8.6
2023-07-29 23:45:35.827165432,Europe,Clothing,13,28686.92,7382.03,6.4
2023-07-30 05:01:01.212242448,Europe,Beauty,253,20819.41,8162.79,7.0
2023-07-30 10:16:26.597319464,Europe,Electronics,911,10030.23,418.63,7.9
2023-07-30 15:31:51.982396480,Europe,Clothing,175,37384.07,572.56,9.5
2023-07-30 20:47:17.367473496,Asia,Sports,35,6789.29,7914.89,8.2
2023-07-31 02:02:42.752550512,Asia,Electronics,404,5641.75,5377.48,4.3
2023-07-31 07:18:08.137627520,Asia,Electronics,483,35652.18,5823.59,9.0
2023-07-31 12:33:33.522704536,North America,Home,26,10837.43,620.61,9.9
2023-07-31 17:48:58.907781552,South America,Clothing,737,15685.25,2627.61,6.8
2023-07-31 23:04:24.292858568,Europe,Home,101,24023.76,6419.71,9.8
2023-08-01 04:19:49.677935584,Europe,Clothing,492,22742.89,8605.9,7.3
2023-08-01 09:35:15.063012600,Asia,Beauty,552,35574.67,9178.14,6.8
2023-08-01 14:50:40.448089616,Europe,Home,214,31359.87,5054.15,6.0
2023-08-01 20:06:05.833166632,Europe,Home,511,32397.61,5500.19,7.9
2023-08-02 01:21:31.218243648,South America,Sports,940,35845.69,8347.19,5.4
2023-08-02 06:36:56.603320664,Asia,Home,409,14984.33,5422.48,4.6
2023-08-02 11:52:21.988397680,South America,Clothing,216,16455.5,5216.9,4.2
2023-08-02 17:07:47.373474696,North America,Sports,628,22180.89,9060.33,5.8
2023-08-02 22:23:12.758551712,North America,Home,155,15719.38,7920.33,6.4
2023-08-03 03:38:38.143628720,North America,Home,888,49254.42,9099.82,7.3
2023-08-03 08:54:03.528705736,Asia,Beauty,110,40795.57,2260.65,5.8
2023-08-03 14:09:28.913782752,Europe,Home,889,8650.41,5291.32,9.9
2023-08-03 19:24:54.298859768,Asia,Electronics,839,776.91,8440.47,5.8
2023-08-04 00:40:19.683936784,Asia,Sports,889,2617.77,1200.36,6.6
2023-08-04 05:55:45.069013800,Europe,Electronics,250,12581.14,7967.16,4.6
2023-08-04 11:11:10.454090816,South America,Sports,932,6157.42,1911.44,5.6
2023-08-04 16:26:35.839167832,North America,Beauty,768,26900.24,8100.38,4.3
2023-08-04 21:42:01.224244848,South America,Home,172,42970.76,6158.81,7.4
2023-08-05 02:57:26.609321864,North America,Home,893,36969.14,2013.04,8.5
2023-08-05 08:12:51.994398880,Asia,Home,182,11172.65,4786.21,5.2
2023-08-05 13:28:17.379475896,North America,Sports,511,20265.31,6850.86,6.2
2023-08-05 18:43:42.764552912,Asia,Home,556,25640.76,6375.14,4.1
2023-08-05 23:59:08.149629928,South America,Electronics,293,40605.19,4329.75,9.0
2023-08-06 05:14:33.534706936,Asia,Home,368,42036.52,9003.73,8.7
2023-08-06 10:29:58.919783952,South America,Beauty,390,45531.06,5240.71,4.4
2023-08-06 15:45:24.304860968,Europe,Electronics,879,25707.64,5108.09,6.2
2023-08-06 21:00:49.689937984,Europe,Home,914,34866.6,716.28,9.7
2023-08-07 02:16:15.075015000,Europe,Home,981,6034.12,9228.99,6.4
2023-08-07 07:31:40.460092016,Asia,Clothing,920,28481.8,1853.45,7.2
2023-08-07 12:47:05.845169032,Europe,Sports,542,12810.24,5330.61,6.1
2023-08-07 18:02:31.230246048,North America,Electronics,829,21869.99,8055.32,7.6
2023-08-07 23:17:56.615323064,South America,Clothing,172,31885.5,2232.99,9.9
2023-08-08 04:33:22.000400080,South America,Beauty,618,13220.8,5321.0,10.0
2023-08-08 09:48:47.385477096,North America,Sports,316,3083.16,2482.78,8.6
2023-08-08 15:04:12.770554112,Asia,Electronics,348,1006.58,7620.98,6.4
2023-08-08 20:19:38.155631128,Asia,Home,64,1596.9,5686.98,7.0
2023-08-09 01:35:03.540708136,South America,Electronics,992,913.31,8574.16,6.1
2023-08-09 06:50:28.925785152,Europe,Home,342,5962.58,8956.12,9.9
2023-08-09 12:05:54.310862168,Asia,Sports,136,12354.69,6522.46,8.2
2023-08-09 17:21:19.695939184,Asia,Home,949,11450.46,7281.37,6.7
2023-08-09 22:36:45.081016200,North America,Beauty,714,49346.43,5537.28,4.1
2023-08-10 03:52:10.466093216,North America,Home,252,15647.3,3905.84,7.1
2023-08-10 09:07:35.851170232,Europe,Beauty,870,6807.33,6516.37,9.9
2023-08-10 14:23:01.236247248,Asia,Sports,609,27505.35,9092.06,7.1
2023-08-10 19:38:26.621324264,Asia,Sports,857,42968.89,4225.14,5.1
2023-08-11 00:53:52.006401280,North America,Electronics,418,34063.99,3212.66,4.1
2023-08-11 06:09:17.391478296,Asia,Beauty,512,15156.06,3945.53,6.1
2023-08-11 11:24:42.776555312,South America,Beauty,736,28300.0,4410.44,9.5
2023-08-11 16:40:08.161632328,North America,Clothing,613,35885.37,828.25,10.0
2023-08-11 21:55:33.546709336,Europe,Clothing,312,36541.17,5034.57,9.7
2023-08-12 03:10:58.931786352,North America,Clothing,473,33493.65,4993.71,8.4
2023-08-12 08:26:24.316863368,Asia,Home,244,43605.12,5925.59,7.3
2023-08-12 13:41:49.701940384,Europe,Clothing,705,43570.22,3691.92,7.5
2023-08-12 18:57:15.087017400,North America,Beauty,47,29157.36,6169.77,7.2
2023-08-13 00:12:40.472094416,South America,Home,148,21777.89,8794.34,8.2
2023-08-13 05:28:05.857171432,South America,Sports,204,32257.73,9559.16,6.5
2023-08-13 10:43:31.242248448,North America,Electronics,536,41001.49,5877.76,8.0
2023-08-13 15:58:56.627325464,South America,Clothing,778,779.78,521.65,4.7
2023-08-13 21:14:22.012402480,South America,Sports,656,49603.85,9695.44,5.6
2023-08-14 02:29:47.397479496,South America,Beauty,10,9553.24,7088.03,9.0
2023-08-14 07:45:12.782556512,Europe,Electronics,570,23777.32,3426.04,9.4
2023-08-14 13:00:38.167633528,South America,Sports,105,43665.47,1556.86,7.2
2023-08-14 18:16:03.552710544,South America,Electronics,722,11639.5,1519.84,4.2
2023-08-14 23:31:28.937787552,South America,Clothing,422,24101.36,1760.67,9.6
2023-08-15 04:46:54.322864568,Europe,Beauty,547,7062.82,551.17,8.2
2023-08-15 10:02:19.707941584,North America,Electronics,864,20056.28,9031.33,6.5
2023-08-15 15:17:45.093018600,Asia,Sports,438,9268.21,5453.61,7.6
2023-08-15 20:33:10.478095616,South America,Clothing,244,18499.57,7029.6,6.6
2023-08-16 01:48:35.863172632,North America,Clothing,358,18986.48,8298.27,6.8
2023-08-16 07:04:01.248249648,South America,Sports,765,49661.95,7936.26,9.3
2023-08-16 12:19:26.633326664,Europe,Sports,879,49743.24,8837.8,5.0
2023-08-16 17:34:52.018403680,North America,Electronics,490,6181.92,9675.82,4.6
2023-08-16 22:50:17.403480696,Europe,Home,848,36435.45,4446.8,4.0
2023-08-17 04:05:42.788557712,South America,Clothing,405,3061.4,9508.32,5.9
2023-08-17 09:21:08.173634728,South America,Electronics,360,1994.5,7260.57,4.9
2023-08-17 14:36:33.558711744,Europe,Sports,425,5714.03,799.62,5.3
2023-08-17 19:51:58.943788752,Asia,Electronics,895,48291.54,6849.65,4.1
2023-08-18 01:07:24.328865768,Europe,Sports,925,47072.75,6898.49,5.4
2023-08-18 06:22:49.713942784,South America,Beauty,896,10099.43,9068.02,6.0
2023-08-18 11:38:15.099019800,Europe,Sports,60,8502.78,3792.03,4.2
2023-08-18 16:53:40.484096816,Asia,Sports,90,12406.49,5890.62,7.6
2023-08-18 22:09:05.869173832,Europe,Sports,45,26019.58,220.66,7.4
2023-08-19 03:24:31.254250848,Asia,Home,76,28700.38,3387.54,4.6
2023-08-19 08:39:56.639327864,Asia,Sports,650,11468.87,716.21,7.6
2023-08-19 13:55:22.024404880,Europe,Clothing,891,37952.83,5266.54,10.0
2023-08-19 19:10:47.409481896,Europe,Clothing,676,15822.88,8192.73,9.7
2023-08-20 00:26:12.794558912,North America,Electronics,766,46145.5,2143.78,4.0
2023-08-20 05:41:38.179635928,South America,Home,632,33007.77,5321.67,8.8
2023-08-20 10:57:03.564712944,Asia,Electronics,689,22099.38,2119.69,6.1
2023-08-20 16:12:28.949789952,North America,Clothing,490,39600.64,1294.82,4.4
2023-08-20 21:27:54.334866968,Europe,Clothing,477,40986.77,5158.87,5.8
2023-08-21 02:43:19.719943984,South America,Beauty,151,14878.84,883.57,5.9
2023-08-21 07:58:45.105021000,North America,Sports,365,17315.87,5914.81,7.1
2023-08-21 13:14:10.490098016,Asia,Clothing,718,46829.78,410.24,8.0
2023-08-21 18:29:35.875175032,North America,Electronics,480,8654.68,1156.48,8.5
2023-08-21 23:45:01.260252048,Asia,Electronics,630,2586.45,5544.98,5.5
2023-08-22 05:00:26.645329064,Europe,Sports,897,22975.74,5954.93,5.9
2023-08-22 10:15:52.030406080,South America,Sports,600,40159.89,386.97,5.9
2023-08-22 15:31:17.415483096,South America,Beauty,911,38697.57,5776.43,6.2
2023-08-22 20:46:42.800560112,South America,Home,682,46016.77,8401.18,10.0
2023-08-23 02:02:08.185637128,Europe,Electronics,448,26893.43,7250.93,8.7
2023-08-23 07:17:33.570714144,Asia,Sports,540,5453.2,1398.73,9.8
2023-08-23 12:32:58.955791160,Europe,Electronics,136,29640.1,5965.5,8.2
2023-08-23 17:48:24.340868168,South America,Sports,214,39030.58,6755.3,6.4
2023-08-23 23:03:49.725945184,Europe,Clothing,38,5119.74,468.59,6.3
2023-08-24 04:19:15.111022200,Europe,Electronics,454,9046.54,8567.94,6.9
2023-08-24 09:34:40.496099216,Europe,Clothing,975,1108.39,9072.05,6.5
2023-08-24 14:50:05.881176232,Asia,Electronics,728,29885.8,8519.48,9.0
2023-08-24 20:05:31.266253248,North America,Home,473,44393.35,8263.85,6.8
2023-08-25 01:20:56.651330264,North America,Beauty,289,33697.83,7475.16,5.8
2023-08-25 06:36:22.036407280,Europe,Clothing,160,49110.98,6370.98,8.6
2023-08-25 11:51:47.421484296,North America,Sports,249,3620.17,6818.41,9.1
2023-08-25 17:07:12.806561312,North America,Home,275,45198.55,8083.31,6.5
2023-08-25 22:22:38.191638328,Europe,Electronics,703,40796.38,6658.73,8.0
2023-08-26 03:38:03.576715344,Europe,Clothing,114,16054.96,3344.5,4.4
2023-08-26 08:53:28.961792360,South America,Electronics,946,48689.56,3822.01,7.2
2023-08-26 14:08:54.346869368,North America,Electronics,442,14752.92,8980.87,4.3
2023-08-26 19:24:19.731946384,Asia,Electronics,922,44520.58,269.51,4.2
2023-08-27 00:39:45.117023400,Europe,Beauty,506,44097.05,7018.32,7.7
2023-08-27 05:55:10.502100416,South America,Beauty,449,38004.05,9552.3,5.8
2023-08-27 11:10:35.887177432,Asia,Sports,757,28391.79,7091.66,8.5
2023-08-27 16:26:01.272254448,North America,Clothing,694,6440.14,9939.73,9.4
2023-08-27 21:41:26.657331464,South America,Home,167,26832.6,6906.69,4.8
2023-08-28 02:56:52.042408480,Europe,Home,181,18161.41,440.19,8.3
2023-08-28 08:12:17.427485496,Asia,Home,503,39714.74,8287.4,7.1
2023-08-28 13:27:42.812562512,Europe,Electronics,979,38027.4,2917.84,4.7
2023-08-28 18:43:08.197639528,North America,Beauty,320,45575.32,4515.97,7.9
2023-08-28 23:58:33.582716544,Asia,Clothing,412,1234.09,3189.71,7.7
2023-08-29 05:13:58.967793560,North America,Electronics,678,40550.61,2758.69,7.1
2023-08-29 10:29:24.352870576,North America,Beauty,779,46953.87,4370.92,9.6
2023-08-29 15:44:49.737947584,South America,Beauty,685,39570.37,3849.64,7.1
2023-08-29 21:00:15.123024600,Europe,Clothing,668,6944.63,6370.05,9.9
2023-08-30 02:15:40.508101616,Asia,Clothing,912,4523.32,8150.2,7.1
2023-08-30 07:31:05.893178632,North America,Clothing,675,1531.84,3041.18,4.7
2023-08-30 12:46:31.278255648,North America,Electronics,472,31622.89,2215.84,6.8
2023-08-30 18:01:56.663332664,Asia,Sports,376,31668.8,6702.26,5.1
2023-08-30 23:17:22.048409680,North America,Clothing,559,49352.23,6736.17,7.6
2023-08-31 04:32:47.433486696,South America,Sports,652,20203.14,9021.2,8.2
2023-08-31 09:48:12.818563712,South America,Electronics,879,16929.36,257.86,6.8
2023-08-31 15:03:38.203640728,South America,Sports,264,31409.03,8545.1,4.6
2023-08-31 20:19:03.588717744,South America,Home,217,41367.63,5257.92,6.8
2023-09-01 01:34:28.973794760,North America,Sports,459,46870.31,6250.89,4.5
2023-09-01 06:49:54.358871776,Asia,Clothing,104,40254.65,1004.58,8.1
2023-09-01 12:05:19.743948784,Asia,Electronics,869,21620.36,4382.89,8.7
2023-09-01 17:20:45.129025800,Asia,Clothing,848,31928.25,2350.29,9.8
2023-09-01 22:36:10.514102816,Asia,Home,487,42886.82,2616.83,4.9
2023-09-02 03:51:35.899179832,Europe,Clothing,692,24785.18,5090.54,7.2
2023-09-02 09:07:01.284256848,Asia,Clothing,771,11225.99,8143.31,7.4
2023-09-02 14:22:26.669333864,Europe,Clothing,199,8901.31,7463.43,9.5
2023-09-02 19:37:52.054410880,Europe,Beauty,720,507.81,5950.9,7.8
2023-09-03 00:53:17.439487896,South America,Home,493,36052.78,5440.24,4.9
2023-09-03 06:08:42.824564912,Europe,Clothing,742,5999.31,4330.33,6.6
2023-09-03 11:24:08.209641928,North America,Clothing,545,12570.04,9729.83,7.9
2023-09-03 16:39:33.594718944,Europe,Clothing,765,15244.88,5645.91,8.2
2023-09-03 21:54:58.979795960,South America,Electronics,432,28238.8,2614.27,9.2
2023-09-04 03:10:24.364872976,Europe,Beauty,845,20198.89,2377.9,5.1
2023-09-04 08:25:49.749949984,North America,Electronics,649,33896.36,6152.4,9.7
2023-09-04 13:41:15.135027000,North America,Beauty,614,3254.11,5275.99,4.4
2023-09-04 18:56:40.520104016,North America,Clothing,821,6634.99,176.21,9.9
2023-09-05 00:12:05.905181032,South America,Home,142,25210.97,8317.65,9.1
2023-09-05 05:27:31.290258048,South America,Sports,64,17179.76,7070.81,8.0
2023-09-05 10:42:56.675335064,Asia,Sports,998,15142.76,6652.11,8.4
2023-09-05 15:58:22.060412080,South America,Clothing,519,3817.89,780.93,4.4
2023-09-05 21:13:47.445489096,North America,Electronics,679,44838.1,3684.35,4.2
2023-09-06 02:29:12.830566112,North America,Home,550,34745.02,9360.28,4.6
2023-09-06 07:44:38.215643128,South America,Beauty,419,6520.1,8639.63,4.5
2023-09-06 13:00:03.600720144,Europe,Clothing,220,3719.77,2926.88,7.3
2023-09-06 18:15:28.985797160,South America,Home,675,48756.19,1654.88,5.3
2023-09-06 23:30:54.370874176,South America,Home,302,34218.04,4545.97,9.2
2023-09-07 04:46:19.755951192,North America,Beauty,996,21164.08,3622.72,6.7
2023-09-07 10:01:45.141028200,Asia,Home,743,35235.69,6854.04,8.2
2023-09-07 15:17:10.526105216,North America,Electronics,124,37938.42,9667.7,7.9
2023-09-07 20:32:35.911182232,Asia,Electronics,958,39108.13,3693.71,5.9
2023-09-08 01:48:01.296259248,North America,Electronics,679,24154.93,716.02,5.5
2023-09-08 07:03:26.681336264,South America,Home,268,21779.2,8986.38,6.1
2023-09-08 12:18:52.066413280,North America,Electronics,772,1045.89,475.7,8.8
2023-09-08 17:34:17.451490296,North America,Beauty,131,46364.58,9532.38,7.5
2023-09-08 22:49:42.836567312,North America,Home,308,30363.74,6679.34,5.5
2023-09-09 04:05:08.221644328,South America,Sports,784,10556.12,9422.72,8.9
2023-09-09 09:20:33.606721344,South America,Home,390,46020.37,2076.63,4.3
2023-09-09 14:35:58.991798360,South America,Beauty,570,45789.13,502.93,8.2
2023-09-09 19:51:24.376875376,South America,Sports,898,49464.62,4933.28,6.6
2023-09-10 01:06:49.761952392,Asia,Home,850,43765.8,4561.17,8.4
2023-09-10 06:22:15.147029400,Asia,Electronics,510,49890.33,3381.77,9.6
2023-09-10 11:37:40.532106416,Europe,Clothing,306,12611.97,9580.8,8.5
2023-09-10 16:53:05.917183432,South America,Clothing,371,42191.35,8243.58,6.7
2023-09-10 22:08:31.302260448,Asia,Electronics,598,41239.9,6649.66,4.9
2023-09-11 03:23:56.687337464,North America,Clothing,472,11931.55,1712.3,8.8
2023-09-11 08:39:22.072414480,South America,Clothing,447,5372.66,7369.8,6.8
2023-09-11 13:54:47.457491496,Europe,Electronics,136,48981.32,7297.42,4.5
2023-09-11 19:10:12.842568512,Europe,Electronics,206,15153.22,4308.17,8.3
2023-09-12 00:25:38.227645528,Europe,Home,230,43609.14,9255.38,5.8
2023-09-12 05:41:03.612722544,North America,Home,100,704.29,1753.08,4.3
2023-09-12 10:56:28.997799560,Asia,Electronics,420,1540.73,2746.64,9.4
2023-09-12 16:11:54.382876576,North America,Beauty,17,23560.63,725.92,6.9
2023-09-12 21:27:19.767953592,South America,Clothing,553,12316.38,7974.96,5.7
2023-09-13 02:42:45.153030608,Europe,Home,477,34647.14,6255.42,8.3
2023-09-13 07:58:10.538107616,North America,Clothing,329,28495.43,3217.91,9.3
2023-09-13 13:13:35.923184632,North America,Sports,403,4335.55,1721.76,4.0
2023-09-13 18:29:01.308261648,Asia,Electronics,278,8550.1,497.46,8.1
2023-09-13 23:44:26.693338664,Asia,Beauty,200,19708.44,1750.78,8.6
2023-09-14 04:59:52.078415680,Europe,Sports,870,9687.4,4587.52,5.3
2023-09-14 10:15:17.463492696,North America,Sports,684,39715.01,2547.05,6.9
2023-09-14 15:30:42.848569712,North America,Sports,70,21095.48,2663.92,4.5
2023-09-14 20:46:08.233646728,Asia,Electronics,447,5124.88,8768.21,8.5
2023-09-15 02:01:33.618723744,North America,Home,273,24474.97,5199.86,9.1
2023-09-15 07:16:59.003800760,North America,Electronics,806,4996.49,7319.59,4.6
2023-09-15 12:32:24.388877776,North America,Home,104,6882.4,453.54,8.9
2023-09-15 17:47:49.773954792,Asia,Sports,562,12360.69,3715.12,8.6
2023-09-15 23:03:15.159031808,Europe,Sports,935,43046.62,4843.78,6.1
2023-09-16 04:18:40.544108816,South America,Beauty,479,46268.32,1945.53,8.1
2023-09-16 09:34:05.929185832,Europe,Home,670,41399.76,1289.9,4.0
2023-09-16 14:49:31.314262848,South America,Sports,725,17036.82,8716.01,9.6
2023-09-16 20:04:56.699339864,North America,Clothing,788,13986.1,9400.37,7.3
2023-09-17 01:20:22.084416880,Europe,Beauty,523,27683.21,880.19,7.7
2023-09-17 06:35:47.469493896,South America,Electronics,699,36231.73,3555.29,8.0
2023-09-17 11:51:12.854570912,Asia,Beauty,946,49671.95,9587.03,7.4
2023-09-17 17:06:38.239647928,Asia,Clothing,203,7012.75,923.3,9.1
2023-09-17 22:22:03.624724944,Europe,Home,491,2939.95,6472.05,7.7
2023-09-18 03:37:29.009801960,Europe,Electronics,908,34870.62,9724.99,9.4
2023-09-18 08:52:54.394878976,North America,Electronics,345,41695.18,9784.41,7.5
2023-09-18 14:08:19.779955992,Europe,Home,444,42394.26,4765.11,5.0
2023-09-18 19:23:45.165033008,North America,Beauty,205,34083.95,1711.22,9.5
2023-09-19 00:39:10.550110016,North America,Sports,864,47723.78,2100.63,8.1
2023-09-19 05:54:35.935187032,Asia,Beauty,258,25794.74,8907.05,8.2
2023-09-19 11:10:01.320264048,Asia,Clothing,507,45733.83,9125.66,9.9
2023-09-19 16:25:26.705341064,South America,Sports,221,48406.7,6118.01,4.5
2023-09-19 21:40:52.090418080,Asia,Beauty,674,42434.29,7685.15,6.6
2023-09-20 02:56:17.475495096,Asia,Home,679,15833.05,7425.32,5.4
2023-09-20 08:11:42.860572112,Europe,Clothing,475,10212.67,6652.03,7.8
2023-09-20 13:27:08.245649128,Asia,Clothing,883,27631.94,8290.04,8.8
2023-09-20 18:42:33.630726144,South America,Clothing,660,22924.23,6885.53,9.8
2023-09-20 23:57:59.015803160,Europe,Sports,230,43949.04,5386.62,6.7
2023-09-21 05:13:24.400880176,South America,Electronics,282,5451.57,2445.87,8.7
2023-09-21 10:28:49.785957192,Asia,Sports,163,13258.13,7464.49,9.5
2023-09-21 15:44:15.171034208,South America,Beauty,258,37714.05,4787.03,8.1
2023-09-21 20:59:40.556111224,Europe,Electronics,288,5201.84,3018.44,5.5
2023-09-22 02:15:05.941188232,North America,Beauty,449,16377.84,8039.27,7.6
2023-09-22 07:30:31.326265248,South America,Electronics,957,19664.19,6997.46,9.8
2023-09-22 12:45:56.711342264,South America,Sports,825,31318.39,9379.66,9.9
2023-09-22 18:01:22.096419280,Europe,Clothing,285,8327.57,1737.87,7.9
2023-09-22 23:16:47.481496296,Europe,Home,523,43099.92,6526.97,9.3
2023-09-23 04:32:12.866573312,South America,Clothing,97,22653.34,2517.97,5.2
2023-09-23 09:47:38.251650328,Asia,Sports,808,45892.57,9045.47,5.5
2023-09-23 15:03:03.636727344,South America,Electronics,932,23659.56,1085.04,9.7
2023-09-23 20:18:29.021804360,Europe,Clothing,651,14114.49,6596.0,4.8
2023-09-24 01:33:54.406881376,North America,Sports,514,7520.53,7931.75,5.1
2023-09-24 06:49:19.791958392,North America,Beauty,599,685.38,3613.69,6.5
2023-09-24 12:04:45.177035408,Asia,Home,781,26841.8,9545.97,7.5
2023-09-24 17:20:10.562112424,South America,Clothing,250,5804.26,8522.23,7.6
2023-09-24 22:35:35.947189432,North America,Electronics,662,19890.52,3016.72,5.8
2023-09-25 03:51:01.332266448,South America,Beauty,749,29668.95,174.66,9.5
2023-09-25 09:06:26.717343464,Europe,Sports,684,14146.45,3036.91,9.5
2023-09-25 14:21:52.102420480,North America,Home,245,9173.6,2884.97,6.4
2023-09-25 19:37:17.487497496,Asia,Electronics,137,38848.72,8910.65,6.6
2023-09-26 00:52:42.872574512,Europe,Sports,512,47366.16,9674.5,8.2
2023-09-26 06:08:08.257651528,Asia,Sports,209,5471.8,797.36,8.0
2023-09-26 11:23:33.642728544,Europe,Clothing,971,8201.72,4765.82,6.3
2023-09-26 16:38:59.027805560,North America,Clothing,911,48020.63,5528.49,6.5
2023-09-26 21:54:24.412882576,Asia,Electronics,552,2370.32,1019.83,6.1
2023-09-27 03:09:49.797959592,Asia,Sports,511,48892.8,3837.23,5.4
2023-09-27 08:25:15.183036608,Europe,Clothing,659,729.9,3239.12,6.7
2023-09-27 13:40:40.568113624,Asia,Home,501,43746.6,5406.96,8.1
2023-09-27 18:56:05.953190632,Europe,Home,30,15712.6,6645.79,8.5
2023-09-28 00:11:31.338267648,Europe,Sports,243,46960.15,7064.5,8.7
2023-09-28 05:26:56.723344664,Europe,Clothing,723,16188.79,1453.87,6.2
2023-09-28 10:42:22.108421680,Europe,Electronics,800,32888.16,8148.18,8.6
2023-09-28 15:57:47.493498696,North America,Electronics,652,4461.61,6817.57,4.0
2023-09-28 21:13:12.878575712,Europe,Electronics,425,12495.33,8901.84,6.9
2023-09-29 02:28:38.263652728,South America,Home,157,38797.13,4548.43,8.8
2023-09-29 07:44:03.648729744,Asia,Clothing,979,26669.95,8949.51,7.8
2023-09-29 12:59:29.033806760,South America,Clothing,38,46434.47,8671.16,6.8
2023-09-29 18:14:54.418883776,North America,Home,370,21723.19,4440.25,7.9
2023-09-29 23:30:19.803960792,South America,Electronics,317,43555.71,3873.32,9.4
2023-09-30 04:45:45.189037808,Asia,Electronics,892,22723.29,9334.84,7.4
2023-09-30 10:01:10.574114824,South America,Sports,951,48972.79,7180.13,8.8
2023-09-30 15:16:35.959191840,North America,Beauty,171,48011.8,9289.63,9.9
2023-09-30 20:32:01.344268848,Europe,Clothing,878,16792.27,7990.05,8.2
2023-10-01 01:47:26.729345864,South America,Clothing,861,44353.22,6132.04,7.4
2023-10-01 07:02:52.114422880,North America,Clothing,70,42456.76,1246.94,4.2
2023-10-01 12:18:17.499499896,North America,Beauty,134,10928.68,2985.66,6.2
2023-10-01 17:33:42.884576912,Asia,Sports,465,31402.37,9691.54,7.4
2023-10-01 22:49:08.269653928,Asia,Beauty,80,4097.77,3262.28,8.8
2023-10-02 04:04:33.654730944,South America,Electronics,847,41917.18,1023.22,6.6
2023-10-02 09:19:59.039807960,Europe,Electronics,916,9140.02,7104.78,9.8
2023-10-02 14:35:24.424884976,North America,Clothing,885,4005.33,7366.64,5.6
2023-10-02 19:50:49.809961992,South America,Home,475,20310.85,2926.03,8.5
2023-10-03 01:06:15.195039008,North America,Clothing,252,29057.65,3046.95,6.5
2023-10-03 06:21:40.580116024,North America,Home,499,42818.39,4742.04,6.9
2023-10-03 11:37:05.965193040,Europe,Beauty,770,48725.01,315.71,8.8
2023-10-03 16:52:31.350270048,Europe,Electronics,230,22254.88,7914.3,5.8
2023-10-03 22:07:56.735347064,South America,Home,482,3492.12,3239.18,4.6
2023-10-04 03:23:22.120424080,Europe,Beauty,968,37581.22,8552.25,7.1
2023-10-04 08:38:47.505501096,Europe,Electronics,542,28476.08,8046.04,7.2
2023-10-04 13:54:12.890578112,South America,Home,503,22670.62,6647.88,8.8
2023-10-04 19:09:38.275655128,Europe,Clothing,908,15808.81,3316.26,9.8
2023-10-05 00:25:03.660732144,Asia,Clothing,91,25368.73,5211.53,4.3
2023-10-05 05:40:29.045809160,North America,Clothing,865,17264.64,4503.81,7.6
2023-10-05 10:55:54.430886176,North America,Beauty,888,37972.09,3454.93,8.1
2023-10-05 16:11:19.815963192,North America,Clothing,531,27422.74,8496.55,9.9
2023-10-05 21:26:45.201040208,North America,Sports,932,43903.96,4886.72,9.7
2023-10-06 02:42:10.586117224,South America,Electronics,21,27405.42,8343.96,8.3
2023-10-06 07:57:35.971194240,North America,Beauty,272,12293.99,1141.66,7.1
2023-10-06 13:13:01.356271256,North America,Clothing,666,42629.05,1496.15,5.0
2023-10-06 18:28:26.741348264,North America,Electronics,458,28082.34,9775.47,6.3
2023-10-06 23:43:52.126425280,North America,Home,201,10738.63,5918.91,7.5
2023-10-07 04:59:17.511502296,Asia,Clothing,771,31363.64,5146.72,8.4
2023-10-07 10:14:42.896579312,North America,Electronics,123,18206.98,5279.25,7.8
2023-10-07 15:30:08.281656328,Asia,Sports,35,42298.08,2231.16,8.3
2023-10-07 20:45:33.666733344,South America,Home,792,22938.34,7215.17,6.6
2023-10-08 02:00:59.051810360,Europe,Sports,508,36458.85,939.33,8.4
2023-10-08 07:16:24.436887376,North America,Electronics,517,5229.04,5775.9,4.9
2023-10-08 12:31:49.821964392,Europe,Sports,554,20103.21,5750.61,5.0
2023-10-08 17:47:15.207041408,Europe,Electronics,71,49170.45,9150.47,5.0
2023-10-08 23:02:40.592118424,South America,Electronics,238,40518.78,5309.21,9.3
2023-10-09 04:18:05.977195440,Europe,Sports,824,8417.07,1456.92,4.5
2023-10-09 09:33:31.362272456,Asia,Electronics,616,14249.32,5770.26,8.8
2023-10-09 14:48:56.747349464,Europe,Clothing,44,16825.88,1004.14,5.4
2023-10-09 20:04:22.132426480,Europe,Electronics,714,32693.1,2117.56,6.8
2023-10-10 01:19:47.517503496,Europe,Beauty,465,37971.24,407.97,9.5
2023-10-10 06:35:12.902580512,North America,Electronics,597,37601.57,5181.61,7.5
2023-10-10 11:50:38.287657528,North America,Beauty,900,25738.77,936.87,5.3
2023-10-10 17:06:03.672734544,Asia,Electronics,511,40635.62,4747.0,5.7
2023-10-10 22:21:29.057811560,Asia,Electronics,770,22135.37,9336.16,9.5
2023-10-11 03:36:54.442888576,North America,Sports,604,6632.09,7225.64,6.6
2023-10-11 08:52:19.827965592,Asia,Clothing,34,28439.87,866.38,7.5
2023-10-11 14:07:45.213042608,North America,Clothing,578,47638.92,2319.68,6.8
2023-10-11 19:23:10.598119624,South America,Home,41,39753.19,6769.26,6.3
2023-10-12 00:38:35.983196640,Europe,Sports,840,29145.68,8957.55,5.3
2023-10-12 05:54:01.368273656,Europe,Sports,21,32516.88,425.89,8.1
2023-10-12 11:09:26.753350664,Asia,Clothing,328,46562.82,8143.27,8.3
2023-10-12 16:24:52.138427680,North America,Sports,854,21702.97,5661.96,5.6
2023-10-12 21:40:17.523504696,North America,Clothing,613,16904.01,5506.3,8.7
2023-10-13 02:55:42.908581712,Asia,Sports,10,48873.46,9582.35,9.1
2023-10-13 08:11:08.293658728,North America,Electronics,444,43240.44,7501.68,9.5
2023-10-13 13:26:33.678735744,South America,Clothing,847,16490.66,8516.18,5.0
2023-10-13 18:41:59.063812760,Europe,Clothing,145,23457.14,3604.56,5.8
2023-10-13 23:57:24.448889776,Asia,Beauty,205,21046.37,5588.2,9.2
2023-10-14 05:12:49.833966792,Asia,Sports,142,7880.24,6192.52,5.2
2023-10-14 10:28:15.219043808,North America,Sports,994,47912.06,3283.68,4.0
2023-10-14 15:43:40.604120824,Asia,Clothing,95,20513.47,5745.46,9.2
2023-10-14 20:59:05.989197840,South America,Electronics,485,43828.79,2442.89,6.0
2023-10-15 02:14:31.374274856,North America,Electronics,816,9873.13,1519.42,6.5
2023-10-15 07:29:56.759351872,North America,Electronics,800,27619.61,3802.31,6.7
2023-10-15 12:45:22.144428880,North America,Sports,333,1686.09,7418.97,9.1
2023-10-15 18:00:47.529505896,North America,Beauty,189,38328.91,9170.25,6.0
2023-10-15 23:16:12.914582912,South America,Clothing,525,29255.24,4631.37,9.4
2023-10-16 04:31:38.299659928,North America,Home,647,31466.68,6463.95,7.7
2023-10-16 09:47:03.684736944,Asia,Beauty,184,3060.18,1120.07,7.2
2023-10-16 15:02:29.069813960,South America,Home,772,10946.4,9054.19,6.0
2023-10-16 20:17:54.454890976,Europe,Beauty,30,4179.38,5729.18,5.5
2023-10-17 01:33:19.839967992,Europe,Electronics,961,14801.26,7825.35,7.7
2023-10-17 06:48:45.225045008,Asia,Sports,114,31558.23,7964.97,6.7
2023-10-17 12:04:10.610122024,Asia,Home,587,28526.21,2639.16,9.5
2023-10-17 17:19:35.995199040,South America,Beauty,452,30801.42,5338.83,6.9
2023-10-17 22:35:01.380276056,Europe,Sports,784,27687.94,9608.75,7.1
2023-10-18 03:50:26.765353072,Europe,Home,58,14014.93,987.38,6.5
2023-10-18 09:05:52.150430080,Europe,Clothing,537,12603.12,6862.19,8.7
2023-10-18 14:21:17.535507096,Europe,Beauty,154,7284.45,9626.41,6.5
2023-10-18 19:36:42.920584112,Europe,Clothing,349,42529.01,3075.71,5.6
2023-10-19 00:52:08.305661128,North America,Electronics,771,31015.73,8628.33,9.2
2023-10-19 06:07:33.690738144,Asia,Clothing,864,9732.3,9343.21,7.6
2023-10-19 11:22:59.075815160,North America,Clothing,363,9271.86,7496.15,7.5
2023-10-19 16:38:24.460892176,Europe,Beauty,84,43715.26,2390.15,7.7
2023-10-19 21:53:49.845969192,South America,Electronics,811,37265.18,3406.61,8.3
2023-10-20 03:09:15.231046208,South America,Clothing,938,33140.25,454.51,5.9
2023-10-20 08:24:40.616123224,Europe,Sports,803,20639.77,8331.39,4.2
2023-10-20 13:40:06.001200240,Europe,Home,587,13467.79,8511.15,8.9
2023-10-20 18:55:31.386277256,South America,Clothing,646,48982.81,6363.83,4.8
2023-10-21 00:10:56.771354272,North America,Electronics,328,39963.36,3590.03,8.3
2023-10-21 05:26:22.156431288,North America,Clothing,96,15438.07,860.43,4.5
2023-10-21 10:41:47.541508296,Europe,Home,562,42454.46,7555.27,6.3
2023-10-21 15:57:12.926585312,North America,Electronics,991,38067.13,7292.61,4.4
2023-10-21 21:12:38.311662328,South America,Beauty,707,15205.49,9134.76,7.1
2023-10-22 02:28:03.696739344,North America,Electronics,875,21614.37,7332.27,7.9
2023-10-22 07:43:29.081816360,Europe,Beauty,901,9704.7,8304.08,5.0
2023-10-22 12:58:54.466893376,South America,Electronics,856,5997.1,7484.95,6.2
2023-10-22 18:14:19.851970392,North America,Home,787,36276.72,6343.8,9.6
2023-10-22 23:29:45.237047408,Asia,Home,792,13741.84,4326.97,6.7
2023-10-23 04:45:10.622124424,South America,Electronics,51,41092.94,9030.96,8.8
2023-10-23 10:00:36.007201440,South America,Clothing,102,49782.63,6544.59,9.6
2023-10-23 15:16:01.392278456,Asia,Home,706,4292.68,4043.72,9.8
2023-10-23 20:31:26.777355472,Asia,Beauty,736,23915.24,926.35,9.4
2023-10-24 01:46:52.162432488,South America,Beauty,516,40202.1,2977.98,5.9
2023-10-24 07:02:17.547509496,Asia,Sports,538,39553.07,5482.89,9.8
2023-10-24 12:17:42.932586512,Europe,Beauty,965,38119.86,2828.79,8.9
2023-10-24 17:33:08.317663528,Europe,Sports,274,17775.25,2290.23,9.0
2023-10-24 22:48:33.702740544,Europe,Electronics,635,22965.74,5321.2,4.1
2023-10-25 04:03:59.087817560,South America,Electronics,301,29950.93,1781.22,9.7
2023-10-25 09:19:24.472894576,Asia,Electronics,978,48710.06,8024.06,8.7
2023-10-25 14:34:49.857971592,Asia,Clothing,473,16713.59,4895.24,8.6
2023-10-25 19:50:15.243048608,North America,Clothing,813,46195.62,5781.24,4.5
2023-10-26 01:05:40.628125624,North America,Sports,569,13833.17,1559.09,5.4
2023-10-26 06:21:06.013202640,Asia,Beauty,828,49459.19,3313.31,9.8
2023-10-26 11:36:31.398279656,Asia,Beauty,106,33678.05,4159.89,7.0
2023-10-26 16:51:56.783356672,Asia,Electronics,896,23443.82,8101.31,6.4
2023-10-26 22:07:22.168433688,South America,Home,104,30862.83,7724.58,9.0
2023-10-27 03:22:47.553510696,Asia,Clothing,335,13990.29,2307.48,4.5
2023-10-27 08:38:12.938587712,North America,Clothing,83,14071.61,6200.17,6.5
2023-10-27 13:53:38.323664728,South America,Electronics,345,6120.95,2510.22,6.3
2023-10-27 19:09:03.708741744,Asia,Clothing,77,6145.49,9883.65,6.1
2023-10-28 00:24:29.093818760,North America,Electronics,767,17709.75,9526.03,5.8
2023-10-28 05:39:54.478895776,South America,Sports,927,38261.35,5676.32,5.3
2023-10-28 10:55:19.863972792,Asia,Beauty,86,30594.57,7019.14,5.0
2023-10-28 16:10:45.249049808,Asia,Home,217,5577.94,8034.16,7.8
2023-10-28 21:26:10.634126824,Asia,Beauty,893,42685.71,7237.88,9.5
2023-10-29 02:41:36.019203840,South America,Beauty,775,30267.7,7028.3,7.1
2023-10-29 07:57:01.404280856,North America,Sports,230,48062.35,9589.68,5.8
2023-10-29 13:12:26.789357872,North America,Clothing,271,33674.18,6004.92,5.0
2023-10-29 18:27:52.174434888,Europe,Home,419,9171.16,6399.4,9.0
2023-10-29 23:43:17.559511904,Asia,Clothing,340,23952.28,8507.76,9.8
2023-10-30 04:58:42.944588912,Europe,Beauty,353,32600.63,6731.92,6.1
2023-10-30 10:14:08.329665928,Europe,Electronics,998,1899.1,7356.03,5.7
2023-10-30 15:29:33.714742944,North America,Beauty,780,1238.06,2418.27,7.6
2023-10-30 20:44:59.099819960,South America,Clothing,829,6905.45,3775.54,8.7
2023-10-31 02:00:24.484896976,South America,Beauty,83,12957.39,1558.28,6.7
2023-10-31 07:15:49.869973992,North America,Electronics,646,21762.68,5107.08,7.8
2023-10-31 12:31:15.255051008,South America,Sports,709,24628.3,4611.7,8.3
2023-10-31 17:46:40.640128024,Europe,Clothing,263,7332.37,9971.91,9.8
2023-10-31 23:02:06.025205040,Asia,Beauty,968,33832.88,6150.97,5.0
2023-11-01 04:17:31.410282056,North America,Clothing,842,30008.83,7885.8,10.0
2023-11-01 09:32:56.795359072,Asia,Sports,829,15075.97,3406.75,6.4
2023-11-01 14:48:22.180436088,South America,Beauty,756,1176.16,8332.3,8.3
2023-11-01 20:03:47.565513104,Asia,Beauty,995,4343.57,6189.34,7.4
2023-11-02 01:19:12.950590112,South America,Clothing,771,19888.89,7000.22,6.9
2023-11-02 06:34:38.335667128,South America,Clothing,341,8121.73,3014.86,8.2
2023-11-02 11:50:03.720744144,Europe,Electronics,407,19152.57,5531.52,6.4
2023-11-02 17:05:29.105821160,South America,Sports,354,31595.04,6376.97,4.8
2023-11-02 22:20:54.490898176,Europe,Electronics,593,27588.25,5932.04,6.9
2023-11-03 03:36:19.875975192,Europe,Beauty,756,11943.21,9160.42,7.1
2023-11-03 08:51:45.261052208,Europe,Clothing,845,17519.21,8992.9,5.2
2023-11-03 14:07:10.646129224,North America,Beauty,677,30894.54,9712.74,9.6
2023-11-03 19:22:36.031206240,North America,Beauty,464,43112.32,6707.54,5.4
2023-11-04 00:38:01.416283256,South America,Home,915,37784.07,9721.95,6.5
2023-11-04 05:53:26.801360272,Europe,Home,124,27893.3,8341.53,4.9
2023-11-04 11:08:52.186437288,North America,Beauty,322,18433.5,2781.24,7.2
2023-11-04 16:24:17.571514304,Europe,Clothing,237,18570.04,4331.61,5.8
2023-11-04 21:39:42.956591312,Asia,Beauty,843,44031.16,2460.09,6.9
2023-11-05 02:55:08.341668328,Asia,Home,867,2442.56,141.55,5.3
2023-11-05 08:10:33.726745344,Asia,Clothing,254,49405.14,1961.68,4.3
2023-11-05 13:25:59.111822360,South America,Beauty,827,33386.58,140.2,8.7
2023-11-05 18:41:24.496899376,Europe,Sports,535,34216.32,7226.4,7.8
2023-11-05 23:56:49.881976392,Asia,Sports,537,2380.89,4312.79,6.0
2023-11-06 05:12:15.267053408,North America,Beauty,959,30473.7,3194.49,4.3
2023-11-06 10:27:40.652130424,Asia,Clothing,436,24496.51,7641.04,9.2
2023-11-06 15:43:06.037207440,Asia,Beauty,51,5736.06,8341.62,5.0
2023-11-06 20:58:31.422284456,Asia,Beauty,474,14257.14,9755.47,9.6
2023-11-07 02:13:56.807361472,South America,Home,631,44570.57,6455.93,6.9
2023-11-07 07:29:22.192438488,North America,Sports,287,27724.43,4669.14,6.0
2023-11-07 12:44:47.577515504,Europe,Home,845,20964.12,3122.12,8.5
2023-11-07 18:00:12.962592520,North America,Home,28,4097.77,2300.95,9.3
2023-11-07 23:15:38.347669528,Europe,Beauty,75,35849.02,2207.97,6.2
2023-11-08 04:31:03.732746544,South America,Home,176,35291.12,4150.97,6.4
2023-11-08 09:46:29.117823560,South America,Sports,594,30895.16,9918.68,6.6
2023-11-08 15:01:54.502900576,South America,Home,412,25758.0,108.45,9.5
2023-11-08 20:17:19.887977592,South America,Sports,921,21972.33,2052.34,8.2
2023-11-09 01:32:45.273054608,Europe,Home,831,29866.92,1965.09,5.5
2023-11-09 06:48:10.658131624,Asia,Sports,418,12053.07,7199.48,5.1
2023-11-09 12:03:36.043208640,Europe,Home,121,47092.32,3589.6,5.4
2023-11-09 17:19:01.428285656,North America,Home,283,29645.33,4626.88,5.6
2023-11-09 22:34:26.813362672,South America,Clothing,416,15904.03,1571.38,5.4
2023-11-10 03:49:52.198439688,South America,Sports,382,22759.15,4109.47,8.0
2023-11-10 09:05:17.583516704,North America,Sports,606,40381.4,1121.68,4.7
2023-11-10 14:20:42.968593720,Europe,Sports,660,8500.0,5377.13,6.3
2023-11-10 19:36:08.353670728,Asia,Electronics,48,14995.36,1069.59,7.8
2023-11-11 00:51:33.738747744,Asia,Home,114,34135.65,7926.03,5.7
2023-11-11 06:06:59.123824760,North America,Sports,333,16116.72,5709.36,4.4
2023-11-11 11:22:24.508901776,Asia,Electronics,802,39728.83,7267.28,4.5
2023-11-11 16:37:49.893978792,Europe,Clothing,968,6957.45,4243.31,4.8
2023-11-11 21:53:15.279055808,Europe,Sports,423,38252.97,3876.76,9.0
2023-11-12 03:08:40.664132824,North America,Sports,438,3883.41,1072.27,7.9
2023-11-12 08:24:06.049209840,Europe,Electronics,644,1123.33,5286.17,4.4
2023-11-12 13:39:31.434286856,South America,Home,739,44962.06,5193.57,6.3
2023-11-12 18:54:56.819363872,North America,Clothing,898,29276.29,4734.21,5.7
2023-11-13 00:10:22.204440888,Europe,Sports,70,17915.43,7431.13,7.5
2023-11-13 05:25:47.589517904,North America,Home,621,12013.43,8341.79,7.1
2023-11-13 10:41:12.974594920,Asia,Clothing,316,31035.85,7532.82,6.9
2023-11-13 15:56:38.359671936,Europe,Beauty,363,25695.61,1524.27,5.9
2023-11-13 21:12:03.744748944,South America,Beauty,402,49584.09,6258.39,4.8
2023-11-14 02:27:29.129825960,Europe,Clothing,213,49169.19,895.2,8.5
2023-11-14 07:42:54.514902976,North America,Electronics,267,31933.72,6976.76,9.3
2023-11-14 12:58:19.899979992,North America,Clothing,495,22422.09,3880.21,9.7
2023-11-14 18:13:45.285057008,Europe,Clothing,526,24811.48,1411.74,4.4
2023-11-14 23:29:10.670134024,South America,Electronics,455,34282.71,8634.3,8.4
2023-11-15 04:44:36.055211040,South America,Electronics,718,5527.94,6178.68,8.4
2023-11-15 10:00:01.440288056,South America,Home,189,16753.43,3611.78,9.7
2023-11-15 15:15:26.825365072,North America,Home,351,4225.98,404.2,5.5
2023-11-15 20:30:52.210442088,Europe,Electronics,142,4131.36,5419.37,8.5
2023-11-16 01:46:17.595519104,Asia,Beauty,452,10194.04,9239.94,4.3
2023-11-16 07:01:42.980596120,North America,Beauty,845,24520.04,6004.16,7.8
2023-11-16 12:17:08.365673136,South America,Clothing,262,39346.33,9719.34,6.1
2023-11-16 17:32:33.750750144,Europe,Sports,274,24532.05,1450.87,8.6
2023-11-16 22:47:59.135827160,South America,Clothing,102,17106.09,5726.22,9.2
2023-11-17 04:03:24.520904176,Asia,Clothing,671,4576.47,8001.44,6.2
2023-11-17 09:18:49.905981192,South America,Sports,420,27739.63,5302.85,7.2
2023-11-17 14:34:15.291058208,South America,Electronics,147,13927.8,1001.56,4.7
2023-11-17 19:49:40.676135224,Asia,Beauty,217,30939.24,5870.57,6.5
2023-11-18 01:05:06.061212240,Europe,Clothing,646,48870.79,6156.21,6.2
2023-11-18 06:20:31.446289256,North America,Sports,755,6010.06,7314.22,5.1
2023-11-18 11:35:56.831366272,Europe,Home,582,11000.21,7635.99,9.4
2023-11-18 16:51:22.216443288,Asia,Clothing,316,23918.18,7730.65,4.9
2023-11-18 22:06:47.601520304,South America,Beauty,275,48446.38,6668.1,7.8
2023-11-19 03:22:12.986597320,Europe,Electronics,655,38704.58,2236.53,9.3
2023-11-19 08:37:38.371674336,North America,Clothing,327,44962.35,4101.93,9.5
2023-11-19 13:53:03.756751344,Asia,Clothing,122,17018.88,7783.69,8.8
2023-11-19 19:08:29.141828360,Europe,Sports,910,49605.9,9538.93,5.1
2023-11-20 00:23:54.526905376,North America,Home,387,5590.22,881.57,8.9
2023-11-20 05:39:19.911982392,Asia,Home,463,3122.16,5401.81,5.7
2023-11-20 10:54:45.297059408,North America,Electronics,200,42852.33,3193.97,9.5
2023-11-20 16:10:10.682136424,Asia,Beauty,900,46399.61,2331.4,8.3
2023-11-20 21:25:36.067213440,South America,Electronics,449,4983.98,5107.53,8.7
2023-11-21 02:41:01.452290456,Europe,Clothing,196,6114.66,6100.28,4.5
2023-11-21 07:56:26.837367472,North America,Clothing,840,2142.12,196.75,7.5
2023-11-21 13:11:52.222444488,Asia,Home,376,5673.12,7824.05,8.9
2023-11-21 18:27:17.607521504,North America,Beauty,98,10866.28,8216.83,9.2
2023-11-21 23:42:42.992598520,North America,Sports,196,48518.79,9658.56,4.2
2023-11-22 04:58:08.377675536,Europe,Beauty,828,33559.08,1888.37,9.6
2023-11-22 10:13:33.762752552,South America,Clothing,955,39038.37,5986.07,4.3
2023-11-22 15:28:59.147829560,North America,Sports,141,38918.9,4323.59,7.7
2023-11-22 20:44:24.532906576,Asia,Beauty,881,26986.15,3414.8,8.2
2023-11-23 01:59:49.917983592,Asia,Beauty,644,39975.7,5699.77,4.6
2023-11-23 07:15:15.303060608,South America,Sports,569,29992.47,7845.59,4.3
2023-11-23 12:30:40.688137624,Asia,Clothing,809,16070.03,328.22,8.7
2023-11-23 17:46:06.073214640,South America,Beauty,385,28274.95,9697.06,6.3
2023-11-23 23:01:31.458291656,Asia,Sports,700,26908.68,8117.83,4.6
2023-11-24 04:16:56.843368672,Europe,Clothing,701,41260.93,7536.42,8.6
2023-11-24 09:32:22.228445688,North America,Sports,108,49095.5,7627.84,9.1
2023-11-24 14:47:47.613522704,Europe,Sports,851,20846.61,3951.7,7.5
2023-11-24 20:03:12.998599720,North America,Beauty,43,38287.84,7541.04,5.0
2023-11-25 01:18:38.383676736,North America,Clothing,941,5438.27,3929.03,4.1
2023-11-25 06:34:03.768753752,North America,Beauty,591,38953.15,8997.2,8.2
2023-11-25 11:49:29.153830760,Europe,Electronics,180,18885.14,1854.5,7.3
2023-11-25 17:04:54.538907776,North America,Electronics,375,2449.81,2994.24,7.9
2023-11-25 22:20:19.923984792,Europe,Clothing,793,18480.69,5558.24,8.9
2023-11-26 03:35:45.309061808,South America,Sports,68,30726.82,3260.19,6.6
2023-11-26 08:51:10.694138824,Asia,Beauty,190,6402.88,4299.95,4.7
2023-11-26 14:06:36.079215840,Asia,Beauty,28,46239.71,4974.98,9.6
2023-11-26 19:22:01.464292856,North America,Clothing,235,4344.78,8577.9,7.3
2023-11-27 00:37:26.849369872,Europe,Clothing,482,46535.33,5279.6,7.7
2023-11-27 05:52:52.234446888,Asia,Electronics,104,35503.31,3688.35,9.6
2023-11-27 11:08:17.619523904,Europe,Home,890,16820.75,2552.59,9.6
2023-11-27 16:23:43.004600920,Europe,Clothing,306,19842.14,4145.89,7.4
2023-11-27 21:39:08.389677936,North America,Home,602,37170.06,5205.79,5.8
2023-11-28 02:54:33.774754952,Asia,Clothing,184,30272.82,7486.54,10.0
2023-11-28 08:09:59.159831968,North America,Sports,231,33746.32,1298.38,8.1
2023-11-28 13:25:24.544908976,North America,Sports,624,19763.65,2293.93,6.5
2023-11-28 18:40:49.929985992,Asia,Electronics,63,24646.77,3858.57,7.4
2023-11-28 23:56:15.315063008,Asia,Electronics,704,49498.44,3667.94,6.5
2023-11-29 05:11:40.700140024,South America,Home,872,11089.18,3978.31,9.3
2023-11-29 10:27:06.085217040,South America,Clothing,412,21183.88,7955.86,6.9
2023-11-29 15:42:31.470294056,Europe,Beauty,327,14945.25,3309.13,8.9
2023-11-29 20:57:56.855371072,Asia,Electronics,876,38373.02,5068.79,9.0
2023-11-30 02:13:22.240448088,South America,Beauty,358,38318.62,6276.68,8.9
2023-11-30 07:28:47.625525104,Europe,Beauty,452,14976.05,2398.57,8.3
2023-11-30 12:44:13.010602120,Europe,Clothing,842,4528.82,7215.08,9.1
2023-11-30 17:59:38.395679136,Europe,Home,589,1065.92,5516.4,6.3
2023-11-30 23:15:03.780756152,South America,Clothing,549,21658.8,4523.13,4.7
2023-12-01 04:30:29.165833168,Asia,Electronics,795,20811.71,8116.86,9.1
2023-12-01 09:45:54.550910176,North America,Beauty,291,49425.3,2510.6,7.0
2023-12-01 15:01:19.935987192,Europe,Clothing,369,23755.2,8843.44,4.8
2023-12-01 20:16:45.321064208,South America,Clothing,924,13192.71,5654.38,4.7
2023-12-02 01:32:10.706141224,South America,Clothing,832,44615.86,6130.83,5.0
2023-12-02 06:47:36.091218240,North America,Electronics,640,24807.86,8763.08,8.5
2023-12-02 12:03:01.476295256,North America,Home,901,30159.19,8194.07,8.3
2023-12-02 17:18:26.861372272,South America,Clothing,962,5235.6,6055.46,5.2
2023-12-02 22:33:52.246449288,Asia,Electronics,655,19454.36,7556.56,9.1
2023-12-03 03:49:17.631526304,North America,Beauty,650,47239.07,4389.86,5.7
2023-12-03 09:04:43.016603320,South America,Sports,17,29680.52,5519.04,8.8
2023-12-03 14:20:08.401680336,North America,Electronics,572,17552.84,714.49,6.9
2023-12-03 19:35:33.786757352,Asia,Sports,500,31470.53,989.59,8.4
2023-12-04 00:50:59.171834368,Europe,Clothing,350,45565.35,8311.31,6.3
2023-12-04 06:06:24.556911376,North America,Clothing,481,14062.53,690.75,6.1
2023-12-04 11:21:49.941988392,Asia,Electronics,802,25503.28,1777.05,9.0
2023-12-04 16:37:15.327065408,South America,Sports,696,47955.19,7978.74,4.2
2023-12-04 21:52:40.712142424,North America,Clothing,704,9033.61,111.34,9.8
2023-12-05 03:08:06.097219440,North America,Beauty,713,36123.36,2895.8,7.9
2023-12-05 08:23:31.482296456,South America,Home,258,30916.81,5881.98,6.6
2023-12-05 13:38:56.867373472,Europe,Home,244,34143.92,5994.95,7.8
2023-12-05 18:54:22.252450488,South America,Clothing,92,17885.37,7793.81,4.7
2023-12-06 00:09:47.637527504,North America,Sports,102,16037.03,5108.67,7.1
2023-12-06 05:25:13.022604520,South America,Clothing,894,34368.38,5143.08,9.9
2023-12-06 10:40:38.407681536,Asia,Sports,403,11169.39,7280.57,5.4
2023-12-06 15:56:03.792758552,South America,Beauty,833,21272.91,5036.38,8.3
2023-12-06 21:11:29.177835568,North America,Sports,277,9814.64,6124.06,6.6
2023-12-07 02:26:54.562912584,South America,Clothing,426,911.09,8987.96,7.9
2023-12-07 07:42:19.947989592,Europe,Beauty,641,48517.84,4074.36,5.2
2023-12-07 12:57:45.333066608,South America,Electronics,592,21869.3,3912.74,6.8
2023-12-07 18:13:10.718143624,Europe,Home,538,48482.81,135.14,9.9
2023-12-07 23:28:36.103220640,Asia,Clothing,262,7446.01,6172.92,5.2
2023-12-08 04:44:01.488297656,Europe,Clothing,966,29574.66,394.74,7.8
2023-12-08 09:59:26.873374672,South America,Clothing,131,10448.21,5091.07,7.5
2023-12-08 15:14:52.258451688,North America,Beauty,901,39608.67,8061.91,7.4
2023-12-08 20:30:17.643528704,Europe,Electronics,19,39293.3,5544.22,7.7
2023-12-09 01:45:43.028605720,Asia,Sports,808,6074.05,2769.4,7.0
2023-12-09 07:01:08.413682736,Europe,Electronics,325,45647.19,7883.07,4.1
2023-12-09 12:16:33.798759752,Europe,Beauty,847,10134.17,2770.2,9.4
2023-12-09 17:31:59.183836768,Europe,Clothing,282,30842.38,7357.01,9.0
2023-12-09 22:47:24.568913784,Asia,Home,315,49288.86,6141.56,5.0
2023-12-10 04:02:49.953990792,South America,Clothing,814,44178.63,1782.96,6.5
2023-12-10 09:18:15.339067808,Europe,Sports,219,47849.91,9060.83,8.6
2023-12-10 14:33:40.724144824,Europe,Home,967,17458.64,2086.37,9.9
2023-12-10 19:49:06.109221840,North America,Clothing,739,5725.99,9896.91,9.7
2023-12-11 01:04:31.494298856,Asia,Home,762,9823.17,172.37,9.4
2023-12-11 06:19:56.879375872,Europe,Electronics,895,25274.5,2708.49,5.0
2023-12-11 11:35:22.264452888,Asia,Beauty,473,39764.87,2078.62,9.5
2023-12-11 16:50:47.649529904,Europe,Clothing,721,7932.61,238.53,9.3
2023-12-11 22:06:13.034606920,South America,Sports,737,33156.71,7350.44,6.3
2023-12-12 03:21:38.419683936,South America,Electronics,726,16517.09,6964.92,6.4
2023-12-12 08:37:03.804760952,Europe,Clothing,934,17389.5,7944.27,6.8
2023-12-12 13:52:29.189837968,South America,Electronics,425,33264.93,2641.32,7.9
2023-12-12 19:07:54.574914984,Europe,Sports,225,23616.47,4498.92,5.6
2023-12-13 00:23:19.959992000,South America,Clothing,89,40695.65,6625.22,4.1
2023-12-13 05:38:45.345069008,North America,Sports,788,8217.97,4453.71,4.8
2023-12-13 10:54:10.730146024,North America,Home,489,39602.44,7003.53,6.6
2023-12-13 16:09:36.115223040,North America,Sports,911,3679.64,6376.34,5.7
2023-12-13 21:25:01.500300056,Asia,Home,900,10105.67,1235.01,8.6
2023-12-14 02:40:26.885377072,Asia,Clothing,556,32979.41,7832.33,4.6
2023-12-14 07:55:52.270454088,North America,Home,810,42818.82,7234.7,9.5
2023-12-14 13:11:17.655531104,Asia,Clothing,27,13007.64,6592.76,9.4
2023-12-14 18:26:43.040608120,South America,Clothing,174,16695.98,1635.43,9.5
2023-12-14 23:42:08.425685136,Europe,Beauty,534,27087.48,2753.16,8.4
2023-12-15 04:57:33.810762152,Europe,Clothing,211,10972.85,3992.45,4.6
2023-12-15 10:12:59.195839168,Europe,Home,750,40652.23,2871.3,6.6
2023-12-15 15:28:24.580916184,North America,Beauty,355,38795.01,2355.32,4.8
2023-12-15 20:43:49.965993200,Asia,Beauty,375,7691.94,8073.04,9.9
2023-12-16 01:59:15.351070208,South America,Clothing,986,23459.57,6418.5,6.0
2023-12-16 07:14:40.736147224,South America,Sports,457,38853.97,5698.17,7.5
2023-12-16 12:30:06.121224240,North America,Sports,522,17197.81,2336.93,8.7
2023-12-16 17:45:31.506301256,South America,Beauty,328,31838.79,9188.96,9.5
2023-12-16 23:00:56.891378272,South America,Clothing,226,2985.55,1992.71,8.5
2023-12-17 04:16:22.276455288,South America,Sports,43,30630.09,7970.01,8.0
2023-12-17 09:31:47.661532304,South America,Clothing,880,8056.32,9670.06,6.8
2023-12-17 14:47:13.046609320,Asia,Clothing,275,41613.87,7298.22,7.6
2023-12-17 20:02:38.431686336,South America,Beauty,649,18094.75,9929.3,4.6
2023-12-18 01:18:03.816763352,Europe,Beauty,733,14436.92,6545.41,9.3
2023-12-18 06:33:29.201840368,North America,Electronics,784,42124.0,2252.86,7.3
2023-12-18 11:48:54.586917384,Asia,Sports,833,2982.13,2117.81,4.2
2023-12-18 17:04:19.971994400,South America,Sports,89,20132.14,3313.19,9.5
2023-12-18 22:19:45.357071408,Asia,Sports,686,18815.18,170.59,6.9
2023-12-19 03:35:10.742148424,South America,Home,422,14597.62,6848.81,9.2
2023-12-19 08:50:36.127225440,Europe,Clothing,261,45631.84,2759.81,9.1
2023-12-19 14:06:01.512302456,North America,Beauty,21,37670.96,8170.31,8.9
2023-12-19 19:21:26.897379472,South America,Sports,410,3664.2,3655.81,4.4
2023-12-20 00:36:52.282456488,South America,Electronics,825,35877.03,4851.57,5.5
2023-12-20 05:52:17.667533504,South America,Sports,733,26601.31,9660.32,9.3
2023-12-20 11:07:43.052610520,South America,Clothing,291,45092.96,2497.5,9.4
2023-12-20 16:23:08.437687536,North America,Clothing,121,15990.81,7240.42,6.7
2023-12-20 21:38:33.822764552,North America,Beauty,732,28921.02,7575.67,6.6
2023-12-21 02:53:59.207841568,Europe,Home,387,25287.39,2287.88,5.1
2023-12-21 08:09:24.592918584,North America,Beauty,760,24733.26,5059.87,9.8
2023-12-21 13:24:49.977995600,South America,Sports,277,23077.22,3567.0,5.3
2023-12-21 18:40:15.363072616,Europe,Electronics,926,10678.66,7741.87,5.1
2023-12-21 23:55:40.748149624,Europe,Beauty,307,37907.64,6262.58,8.0
2023-12-22 05:11:06.133226640,Europe,Home,326,22841.13,4812.23,5.5
2023-12-22 10:26:31.518303656,South America,Beauty,579,47946.56,7815.7,9.6
2023-12-22 15:41:56.903380672,Asia,Clothing,518,13410.02,2428.04,4.1
2023-12-22 20:57:22.288457688,South America,Sports,959,34295.82,7560.86,4.0
2023-12-23 02:12:47.673534704,North America,Sports,555,47065.5,8667.21,7.0
2023-12-23 07:28:13.058611720,North America,Sports,784,33341.19,8798.35,6.9
2023-12-23 12:43:38.443688736,South America,Sports,374,43628.01,7858.37,5.0
2023-12-23 17:59:03.828765752,South America,Sports,556,41460.31,4139.34,7.0
2023-12-23 23:14:29.213842768,Europe,Sports,280,18325.83,9819.9,6.5
2023-12-24 04:29:54.598919784,South America,Electronics,970,30206.14,3857.98,9.3
2023-12-24 09:45:19.983996800,Europe,Home,483,8234.94,6422.39,4.1
2023-12-24 15:00:45.369073816,North America,Sports,748,27008.53,1694.63,9.9
2023-12-24 20:16:10.754150824,Europe,Home,546,11905.89,9806.44,7.7
2023-12-25 01:31:36.139227840,South America,Sports,243,37314.97,7069.46,4.9
2023-12-25 06:47:01.524304856,North America,Beauty,68,26638.89,7558.44,4.3
2023-12-25 12:02:26.909381872,Asia,Sports,260,20855.75,751.19,7.2
2023-12-25 17:17:52.294458888,Europe,Clothing,856,13805.46,7657.84,5.4
2023-12-25 22:33:17.679535904,North America,Electronics,95,49935.57,7769.76,5.8
2023-12-26 03:48:43.064612920,Europe,Beauty,772,4049.67,6750.55,5.5
2023-12-26 09:04:08.449689936,North America,Beauty,399,2656.25,2989.91,7.9
2023-12-26 14:19:33.834766952,North America,Clothing,189,11254.24,4947.93,7.3
2023-12-26 19:34:59.219843968,Europe,Sports,728,48568.09,1193.3,4.5
2023-12-27 00:50:24.604920984,Asia,Electronics,865,48972.29,4768.71,7.2
2023-12-27 06:05:49.989998000,North America,Beauty,158,32918.92,2513.86,8.7
2023-12-27 11:21:15.375075016,North America,Electronics,592,44065.28,3556.06,4.5
2023-12-27 16:36:40.760152024,North America,Beauty,130,11091.11,1709.74,9.3
2023-12-27 21:52:06.145229040,Asia,Sports,774,48616.08,2377.54,7.5
2023-12-28 03:07:31.530306056,Asia,Beauty,614,7567.85,858.03,9.7
2023-12-28 08:22:56.915383072,South America,Beauty,265,5505.7,9207.02,4.9
2023-12-28 13:38:22.300460088,Europe,Home,775,6054.47,5351.07,10.0
2023-12-28 18:53:47.685537104,Asia,Sports,873,28869.83,4027.75,7.9
2023-12-29 00:09:13.070614120,Europe,Clothing,809,39158.23,5396.79,7.4
2023-12-29 05:24:38.455691136,South America,Clothing,318,18650.03,6320.1,7.1
2023-12-29 10:40:03.840768152,Europe,Sports,68,48905.85,9226.6,4.1
2023-12-29 15:55:29.225845168,Asia,Clothing,78,22003.8,1869.06,9.6
2023-12-29 21:10:54.610922184,Europe,Sports,455,7947.2,3025.97,7.9
2023-12-30 02:26:19.995999200,Asia,Clothing,397,23565.35,9760.31,4.5
2023-12-30 07:41:45.381076216,Europe,Home,95,34112.34,3774.81,4.1
2023-12-30 12:57:10.766153232,Asia,Clothing,795,41695.18,323.36,4.3
2023-12-30 18:12:36.151230240,Asia,Beauty,236,23209.03,1561.67,7.7
2023-12-30 23:28:01.536307256,Europe,Sports,602,29883.54,360.75,7.7
2023-12-31 04:43:26.921384272,South America,Electronics,635,13733.56,9900.24,7.0
2023-12-31 09:58:52.306461288,North America,Electronics,193,32472.87,2860.82,5.8
2023-12-31 15:14:17.691538304,South America,Sports,801,49305.61,9243.07,7.2
2023-12-31 20:29:43.076615320,Europe,Home,331,2928.15,9959.27,7.1
2024-01-01 01:45:08.461692336,South America,Clothing,918,44383.27,6038.43,4.1
2024-01-01 07:00:33.846769352,Asia,Home,327,28332.98,428.64,5.7
2024-01-01 12:15:59.231846368,North America,Electronics,575,12978.88,907.76,4.3
2024-01-01 17:31:24.616923384,Europe,Sports,408,47767.04,4867.73,9.4
2024-01-01 22:46:50.002000400,Europe,Sports,718,24426.04,4121.1,8.4
2024-01-02 04:02:15.387077416,Europe,Home,908,16918.67,6101.16,10.0
2024-01-02 09:17:40.772154432,North America,Home,302,9484.13,4444.59,5.8
2024-01-02 14:33:06.157231440,Asia,Clothing,302,12600.38,9347.36,9.3
2024-01-02 19:48:31.542308456,Europe,Beauty,494,41726.03,5393.92,7.6
2024-01-03 01:03:56.927385472,South America,Beauty,908,30913.3,6967.89,6.7
2024-01-03 06:19:22.312462488,Europe,Clothing,456,45705.66,8975.2,5.3
2024-01-03 11:34:47.697539504,Europe,Beauty,812,11982.44,1554.03,8.4
2024-01-03 16:50:13.082616520,Europe,Electronics,701,6496.36,2374.37,9.4
2024-01-03 22:05:38.467693536,Europe,Beauty,992,801.33,1162.45,5.4
2024-01-04 03:21:03.852770552,Asia,Clothing,901,25639.17,1482.42,5.1
2024-01-04 08:36:29.237847568,South America,Beauty,421,49916.19,5174.58,8.2
2024-01-04 13:51:54.622924584,Asia,Sports,517,34900.78,3279.67,9.9
2024-01-04 19:07:20.008001600,South America,Home,743,15765.53,4289.41,8.5
2024-01-05 00:22:45.393078616,Europe,Electronics,795,43904.5,9826.65,5.7
2024-01-05 05:38:10.778155632,North America,Sports,899,39195.25,1651.37,6.5
2024-01-05 10:53:36.163232648,Asia,Sports,253,1263.05,5454.04,6.3
2024-01-05 16:09:01.548309656,North America,Clothing,429,40934.59,1078.82,9.1
2024-01-05 21:24:26.933386672,Asia,Home,938,15376.07,3253.11,8.6
2024-01-06 02:39:52.318463688,Europe,Home,969,7908.84,5322.51,7.5
2024-01-06 07:55:17.703540704,Asia,Electronics,163,11703.38,9471.65,5.6
2024-01-06 13:10:43.088617720,Europe,Clothing,825,23694.7,3973.16,9.6
2024-01-06 18:26:08.473694736,Asia,Electronics,433,21530.96,742.58,7.9
2024-01-06 23:41:33.858771752,Europe,Beauty,282,14799.92,3942.8,9.8
2024-01-07 04:56:59.243848768,Europe,Sports,945,9024.81,1542.84,7.5
2024-01-07 10:12:24.628925784,South America,Electronics,656,38230.42,2376.9,8.9
2024-01-07 15:27:50.014002800,Europe,Sports,834,49510.43,6219.1,8.9
2024-01-07 20:43:15.399079816,South America,Clothing,529,39000.68,767.5,6.0
2024-01-08 01:58:40.784156832,Europe,Beauty,137,15148.88,4700.77,9.8
2024-01-08 07:14:06.169233848,North America,Clothing,382,12618.04,6133.67,4.1
2024-01-08 12:29:31.554310856,Europe,Beauty,577,11274.46,4276.4,8.6
2024-01-08 17:44:56.939387872,North America,Beauty,647,7266.41,289.35,9.8
2024-01-08 23:00:22.324464888,North America,Sports,168,27790.86,9856.64,6.0
2024-01-09 04:15:47.709541904,Europe,Clothing,580,30467.32,3734.45,7.9
2024-01-09 09:31:13.094618920,North America,Clothing,579,35422.38,7807.91,7.4
2024-01-09 14:46:38.479695936,South America,Electronics,661,34170.56,3323.9,8.6
2024-01-09 20:02:03.864772952,Asia,Clothing,185,14970.5,4802.67,9.2
2024-01-10 01:17:29.249849968,Europe,Electronics,936,16850.39,3945.79,7.6
2024-01-10 06:32:54.634926984,North America,Home,629,34234.97,3491.14,8.9
2024-01-10 11:48:20.020004000,Europe,Home,220,17797.66,316.33,5.9
2024-01-10 17:03:45.405081016,South America,Home,456,11024.85,3664.21,5.4
2024-01-10 22:19:10.790158032,Europe,Clothing,595,19029.64,8905.95,6.6
2024-01-11 03:34:36.175235048,Europe,Clothing,176,13968.17,6934.89,8.1
2024-01-11 08:50:01.560312056,North America,Electronics,469,4871.48,1539.69,5.1
2024-01-11 14:05:26.945389072,South America,Beauty,925,41591.88,5952.43,8.1
2024-01-11 19:20:52.330466088,Asia,Electronics,366,42729.01,8933.09,6.4
2024-01-12 00:36:17.715543104,Asia,Home,313,11377.64,7030.34,8.8
2024-01-12 05:51:43.100620120,North America,Electronics,242,3706.22,1571.98,4.2
2024-01-12 11:07:08.485697136,Europe,Beauty,336,37071.96,8691.54,8.0
2024-01-12 16:22:33.870774152,North America,Clothing,893,10970.67,3085.29,7.9
2024-01-12 21:37:59.255851168,North America,Electronics,191,19975.06,4595.35,9.6
2024-01-13 02:53:24.640928184,North America,Home,643,3674.69,5308.81,8.3
2024-01-13 08:08:50.026005200,Europe,Home,343,11700.34,8520.02,8.8
2024-01-13 13:24:15.411082216,South America,Clothing,724,39748.66,9322.91,9.4
2024-01-13 18:39:40.796159232,North America,Electronics,976,40317.62,9303.56,8.1
2024-01-13 23:55:06.181236248,Europe,Beauty,38,10750.7,178.75,5.7
2024-01-14 05:10:31.566313264,South America,Clothing,723,17127.74,9226.7,9.2
2024-01-14 10:25:56.951390272,North America,Electronics,102,7144.8,638.43,8.5
2024-01-14 15:41:22.336467288,Asia,Sports,850,4171.55,2731.16,6.5
2024-01-14 20:56:47.721544304,South America,Home,877,49612.5,5198.38,8.3
2024-01-15 02:12:13.106621320,North America,Beauty,697,32951.9,4851.26,9.2
2024-01-15 07:27:38.491698336,South America,Beauty,339,27333.78,6086.63,9.9
2024-01-15 12:43:03.876775352,South America,Beauty,732,38392.18,4846.52,9.7
2024-01-15 17:58:29.261852368,South America,Home,193,42083.82,9350.32,6.0
2024-01-15 23:13:54.646929384,South America,Electronics,104,40432.38,2481.43,6.5
2024-01-16 04:29:20.032006400,South America,Clothing,794,1318.7,2812.84,4.7
2024-01-16 09:44:45.417083416,South America,Electronics,658,9746.99,9215.31,5.5
2024-01-16 15:00:10.802160432,North America,Clothing,758,32917.81,859.72,9.3
2024-01-16 20:15:36.187237448,Asia,Beauty,362,19100.09,6134.65,6.2
2024-01-17 01:31:01.572314464,Europe,Electronics,939,49132.89,6849.19,7.7
2024-01-17 06:46:26.957391472,South America,Beauty,950,33437.54,5104.86,8.0
2024-01-17 12:01:52.342468488,Europe,Sports,993,47849.17,6972.9,8.7
2024-01-17 17:17:17.727545504,North America,Beauty,274,10471.6,1810.27,5.1
2024-01-17 22:32:43.112622520,South America,Beauty,656,43265.87,8541.06,5.8
2024-01-18 03:48:08.497699536,Asia,Clothing,665,16406.94,1486.25,6.7
2024-01-18 09:03:33.882776552,Europe,Sports,28,49483.46,4068.04,6.2
2024-01-18 14:18:59.267853568,South America,Beauty,752,8305.59,845.05,9.9
2024-01-18 19:34:24.652930584,North America,Beauty,655,26058.82,5497.59,9.0
2024-01-19 00:49:50.038007600,Asia,Sports,635,39745.8,6730.48,6.9
2024-01-19 06:05:15.423084616,Europe,Sports,508,21915.8,9418.09,9.3
2024-01-19 11:20:40.808161632,Europe,Electronics,148,23670.16,7419.43,6.1
2024-01-19 16:36:06.193238648,South America,Clothing,646,49324.61,5456.92,8.7
2024-01-19 21:51:31.578315664,Asia,Sports,725,21552.75,9332.91,5.3
2024-01-20 03:06:56.963392680,Asia,Sports,582,30401.57,4836.52,8.6
2024-01-20 08:22:22.348469688,Asia,Home,771,3199.71,5655.94,6.7
2024-01-20 13:37:47.733546704,Asia,Sports,819,42189.4,6001.38,4.6
2024-01-20 18:53:13.118623720,North America,Clothing,534,32584.32,4158.8,5.6
2024-01-21 00:08:38.503700736,Asia,Beauty,917,20499.0,8400.98,6.4
2024-01-21 05:24:03.888777752,Europe,Beauty,264,1300.39,1933.24,8.5
2024-01-21 10:39:29.273854768,Europe,Beauty,94,29787.61,5592.94,4.4
2024-01-21 15:54:54.658931784,North America,Beauty,467,1126.56,7250.11,8.0
2024-01-21 21:10:20.044008800,Europe,Home,541,559.58,9049.36,8.3
2024-01-22 02:25:45.429085816,Europe,Sports,571,30996.88,8850.79,7.9
2024-01-22 07:41:10.814162832,Asia,Beauty,685,9856.34,5136.53,8.6
2024-01-22 12:56:36.199239848,Europe,Electronics,101,9998.43,6467.3,5.1
2024-01-22 18:12:01.584316864,North America,Beauty,609,32836.94,4002.95,7.5
2024-01-22 23:27:26.969393880,Asia,Sports,78,3158.01,4734.96,9.6
2024-01-23 04:42:52.354470888,South America,Beauty,46,16013.58,9072.03,7.7
2024-01-23 09:58:17.739547904,Asia,Home,774,7896.88,9313.97,7.7
2024-01-23 15:13:43.124624920,North America,Clothing,773,29218.73,8964.6,8.4
2024-01-23 20:29:08.509701936,Asia,Clothing,149,33257.38,1469.87,6.0
2024-01-24 01:44:33.894778952,Asia,Sports,876,36196.22,8515.83,8.2
2024-01-24 06:59:59.279855968,North America,Clothing,902,13133.95,9488.8,9.5
2024-01-24 12:15:24.664932984,Asia,Clothing,689,4917.86,3676.37,4.1
2024-01-24 17:30:50.050010000,North America,Electronics,575,4394.84,5234.6,9.2
2024-01-24 22:46:15.435087016,North America,Sports,907,21594.5,7813.04,5.3
2024-01-25 04:01:40.820164032,South America,Sports,187,47319.3,5664.57,6.7
2024-01-25 09:17:06.205241048,Europe,Clothing,818,11277.59,9935.49,9.1
2024-01-25 14:32:31.590318064,Europe,Clothing,822,13208.71,4611.56,8.9
2024-01-25 19:47:56.975395080,Asia,Clothing,880,5494.0,7168.03,9.4
2024-01-26 01:03:22.360472088,Asia,Home,627,30475.73,7946.65,9.6
2024-01-26 06:18:47.745549104,South America,Beauty,146,34153.71,4991.59,6.7
2024-01-26 11:34:13.130626120,South America,Home,199,32325.09,8584.14,7.9
2024-01-26 16:49:38.515703136,South America,Sports,649,43125.95,5506.93,6.3
2024-01-26 22:05:03.900780152,North America,Electronics,351,24578.08,4175.34,6.1
2024-01-27 03:20:29.285857168,South America,Beauty,568,7155.62,1167.45,6.6
2024-01-27 08:35:54.670934184,South America,Electronics,14,14825.55,3994.79,8.5
2024-01-27 13:51:20.056011200,Asia,Sports,981,33290.28,7365.97,7.0
2024-01-27 19:06:45.441088216,South America,Sports,266,30849.54,9220.74,8.9
2024-01-28 00:22:10.826165232,North America,Electronics,821,26784.65,2591.63,8.5
2024-01-28 05:37:36.211242248,North America,Electronics,671,34306.74,3616.83,4.1
2024-01-28 10:53:01.596319264,Asia,Electronics,815,32050.85,1624.21,7.8
2024-01-28 16:08:26.981396280,South America,Sports,252,44125.58,6938.16,6.6
2024-01-28 21:23:52.366473296,South America,Clothing,796,29507.81,9605.87,6.7
2024-01-29 02:39:17.751550304,North America,Electronics,729,39040.77,6445.43,8.9
2024-01-29 07:54:43.136627320,South America,Beauty,424,12811.0,6209.06,7.3
2024-01-29 13:10:08.521704336,South America,Sports,636,34070.04,5579.55,9.3
2024-01-29 18:25:33.906781352,South America,Home,716,45158.61,975.71,8.3
2024-01-29 23:40:59.291858368,Europe,Home,352,19593.75,7322.09,7.3
2024-01-30 04:56:24.676935384,Asia,Beauty,691,39065.66,6060.29,8.5
2024-01-30 10:11:50.062012400,Europe,Clothing,388,36377.07,6648.62,4.2
2024-01-30 15:27:15.447089416,Asia,Electronics,603,3446.55,8998.23,4.2
2024-01-30 20:42:40.832166432,North America,Sports,675,29284.66,7861.21,4.5
2024-01-31 01:58:06.217243448,South America,Electronics,662,6944.37,7831.06,6.6
2024-01-31 07:13:31.602320464,Asia,Sports,835,48382.3,9279.12,5.4
2024-01-31 12:28:56.987397480,Europe,Home,155,40664.67,9900.36,9.9
2024-01-31 17:44:22.372474496,South America,Electronics,332,5931.33,5854.7,7.3
2024-01-31 22:59:47.757551504,North America,Beauty,131,6526.72,1177.93,8.0
2024-02-01 04:15:13.142628520,Asia,Clothing,261,29926.46,4645.39,5.7
2024-02-01 09:30:38.527705536,Asia,Beauty,864,17572.01,7897.25,5.9
2024-02-01 14:46:03.912782552,Asia,Clothing,908,2227.84,374.48,6.0
2024-02-01 20:01:29.297859568,South America,Electronics,320,27311.25,663.19,8.2
2024-02-02 01:16:54.682936584,Europe,Electronics,610,19698.33,764.86,6.8
2024-02-02 06:32:20.068013600,Europe,Clothing,484,5503.29,7337.25,7.1
2024-02-02 11:47:45.453090616,Asia,Home,579,40195.06,5061.55,7.6
2024-02-02 17:03:10.838167632,North America,Sports,501,45796.3,3752.09,8.6
2024-02-02 22:18:36.223244648,North America,Beauty,584,37951.4,1145.61,4.5
2024-02-03 03:34:01.608321664,Europe,Beauty,356,41209.9,7349.18,8.7
2024-02-03 08:49:26.993398680,North America,Beauty,829,11216.28,3278.1,7.4
2024-02-03 14:04:52.378475696,Europe,Electronics,496,13546.86,2726.71,8.0
2024-02-03 19:20:17.763552704,Asia,Beauty,482,10822.11,6557.96,6.0
2024-02-04 00:35:43.148629720,Europe,Sports,391,38370.64,5634.21,6.5
2024-02-04 05:51:08.533706736,Europe,Sports,289,47421.9,3687.87,5.4
2024-02-04 11:06:33.918783752,Asia,Clothing,81,35983.44,6450.73,9.9
2024-02-04 16:21:59.303860768,North America,Electronics,530,44132.6,2785.09,7.0
2024-02-04 21:37:24.688937784,Europe,Sports,375,32115.61,7968.82,10.0
2024-02-05 02:52:50.074014800,Europe,Home,942,19689.17,2370.26,6.9
2024-02-05 08:08:15.459091816,Asia,Electronics,103,21575.2,1672.49,5.3
2024-02-05 13:23:40.844168832,North America,Electronics,382,4228.41,7846.15,7.0
2024-02-05 18:39:06.229245848,Europe,Sports,348,2057.13,7108.13,4.2
2024-02-05 23:54:31.614322864,Asia,Home,446,34926.04,1908.13,9.4
2024-02-06 05:09:56.999399880,Europe,Clothing,345,22202.23,1250.83,8.9
2024-02-06 10:25:22.384476896,South America,Sports,673,27834.65,8400.15,8.4
2024-02-06 15:40:47.769553912,Asia,Home,501,28104.23,7788.32,7.7
2024-02-06 20:56:13.154630920,North America,Electronics,926,14230.1,3339.85,7.5
2024-02-07 02:11:38.539707936,North America,Home,877,24056.68,6616.15,10.0
2024-02-07 07:27:03.924784952,North America,Electronics,49,23802.63,1329.19,5.7
2024-02-07 12:42:29.309861968,North America,Sports,368,19727.15,5119.77,8.7
2024-02-07 17:57:54.694938984,Europe,Sports,583,41123.43,285.43,7.5
2024-02-07 23:13:20.080016000,Europe,Beauty,263,22832.62,3976.86,9.9
2024-02-08 04:28:45.465093016,North America,Beauty,975,30380.4,840.94,9.0
2024-02-08 09:44:10.850170032,North America,Beauty,590,44828.25,4803.96,10.0
2024-02-08 14:59:36.235247048,North America,Sports,407,43378.56,4274.65,7.5
2024-02-08 20:15:01.620324064,Europe,Clothing,766,44575.9,4499.41,5.2
2024-02-09 01:30:27.005401080,North America,Sports,886,13865.25,548.78,7.0
2024-02-09 06:45:52.390478096,North America,Home,179,2231.63,3680.0,8.3
2024-02-09 12:01:17.775555112,South America,Sports,699,13422.81,7589.19,8.6
2024-02-09 17:16:43.160632120,South America,Sports,710,14296.01,3752.25,4.0
2024-02-09 22:32:08.545709136,North America,Electronics,520,45513.34,7180.2,7.0
2024-02-10 03:47:33.930786152,Asia,Electronics,269,32637.52,3757.84,5.4
2024-02-10 09:02:59.315863168,North America,Electronics,593,4544.35,4290.07,9.2
2024-02-10 14:18:24.700940184,South America,Sports,993,7201.24,5682.53,4.9
2024-02-10 19:33:50.086017200,Asia,Clothing,468,8205.97,9511.75,8.0
2024-02-11 00:49:15.471094216,Asia,Home,538,31705.88,1177.72,5.6
2024-02-11 06:04:40.856171232,North America,Home,891,36902.99,425.85,6.1
2024-02-11 11:20:06.241248248,South America,Clothing,350,43052.37,6118.78,9.6
2024-02-11 16:35:31.626325264,South America,Clothing,66,47061.51,9496.06,5.4
2024-02-11 21:50:57.011402280,Asia,Home,227,10484.38,9898.26,4.6
2024-02-12 03:06:22.396479296,North America,Beauty,628,15833.74,4893.23,4.4
2024-02-12 08:21:47.781556312,Europe,Electronics,825,12395.98,4734.01,7.0
2024-02-12 13:37:13.166633328,Europe,Electronics,949,18258.7,6485.14,7.9
2024-02-12 18:52:38.551710336,South America,Home,694,45775.92,5600.78,6.0
2024-02-13 00:08:03.936787352,Europe,Clothing,740,28968.07,6377.47,8.1
2024-02-13 05:23:29.321864368,South America,Beauty,473,37040.5,8752.59,4.4
2024-02-13 10:38:54.706941384,South America,Home,256,24760.9,7488.43,9.1
2024-02-13 15:54:20.092018400,South America,Electronics,739,1928.47,5019.09,8.9
2024-02-13 21:09:45.477095416,Europe,Sports,382,3677.68,4672.46,9.9
2024-02-14 02:25:10.862172432,South America,Clothing,426,27127.19,6432.06,9.6
2024-02-14 07:40:36.247249448,Asia,Sports,40,36080.06,4611.49,6.1
2024-02-14 12:56:01.632326464,North America,Home,377,11158.86,4632.02,6.4
2024-02-14 18:11:27.017403480,North America,Electronics,568,36234.52,261.43,8.5
2024-02-14 23:26:52.402480496,South America,Beauty,655,40627.96,1823.23,4.8
2024-02-15 04:42:17.787557512,North America,Sports,117,20888.93,4936.29,5.9
2024-02-15 09:57:43.172634528,Europe,Beauty,593,37447.75,8244.27,4.7
2024-02-15 15:13:08.557711536,Europe,Electronics,848,20499.48,2859.4,6.7
2024-02-15 20:28:33.942788552,North America,Sports,427,34078.36,5274.17,7.3
2024-02-16 01:43:59.327865568,Europe,Beauty,629,38317.85,3515.12,5.3
2024-02-16 06:59:24.712942584,North America,Beauty,830,49600.37,1137.56,4.2
2024-02-16 12:14:50.098019600,North America,Sports,407,17597.13,9587.15,8.3
2024-02-16 17:30:15.483096616,North America,Electronics,281,20846.52,8561.27,4.1
2024-02-16 22:45:40.868173632,South America,Beauty,692,8698.19,877.08,9.8
2024-02-17 04:01:06.253250648,North America,Home,125,10601.62,7225.89,5.3
2024-02-17 09:16:31.638327664,South America,Sports,850,34823.05,3541.04,8.0
2024-02-17 14:31:57.023404680,North America,Clothing,595,45893.76,9949.01,6.6
2024-02-17 19:47:22.408481696,North America,Clothing,265,20032.95,3093.75,4.4
2024-02-18 01:02:47.793558712,North America,Electronics,90,9402.3,2463.51,6.8
2024-02-18 06:18:13.178635728,Europe,Home,789,14612.43,5722.12,7.1
2024-02-18 11:33:38.563712736,South America,Beauty,137,23025.06,8367.75,9.1
2024-02-18 16:49:03.948789752,South America,Clothing,847,14887.19,2005.94,8.4
2024-02-18 22:04:29.333866768,North America,Electronics,924,12062.16,7123.09,4.5
2024-02-19 03:19:54.718943784,North America,Home,244,36931.23,707.93,5.3
2024-02-19 08:35:20.104020800,Europe,Home,562,888.32,9197.45,5.9
2024-02-19 13:50:45.489097816,Europe,Electronics,190,27191.91,902.64,4.7
2024-02-19 19:06:10.874174832,Europe,Electronics,166,39791.46,9150.89,6.7
2024-02-20 00:21:36.259251848,South America,Beauty,463,13678.3,4958.99,9.9
2024-02-20 05:37:01.644328864,South America,Electronics,580,30362.93,4536.1,7.1
2024-02-20 10:52:27.029405880,South America,Beauty,866,33610.56,9735.74,8.5
2024-02-20 16:07:52.414482896,North America,Beauty,770,32923.72,9904.8,8.1
2024-02-20 21:23:17.799559912,South America,Sports,713,22569.56,6536.76,9.1
2024-02-21 02:38:43.184636928,Asia,Home,33,17655.61,1358.48,5.3
2024-02-21 07:54:08.569713944,Asia,Home,482,41878.24,5111.08,8.5
2024-02-21 13:09:33.954790952,Europe,Home,409,38043.07,5338.71,9.3
2024-02-21 18:24:59.339867968,South America,Sports,957,16402.13,5193.02,5.0
2024-02-21 23:40:24.724944984,Asia,Beauty,601,5599.45,5737.97,6.1
2024-02-22 04:55:50.110022000,Europe,Beauty,143,4054.47,285.37,9.8
2024-02-22 10:11:15.495099016,South America,Electronics,430,5166.66,7141.15,8.7
2024-02-22 15:26:40.880176032,North America,Sports,222,29352.03,7152.7,5.7
2024-02-22 20:42:06.265253048,Asia,Electronics,909,3057.28,1243.15,7.4
2024-02-23 01:57:31.650330064,North America,Sports,491,17177.88,5745.37,6.4
2024-02-23 07:12:57.035407080,South America,Electronics,357,37783.39,5726.78,6.9
2024-02-23 12:28:22.420484096,Asia,Clothing,175,15070.23,6856.26,6.1
2024-02-23 17:43:47.805561112,South America,Home,946,38283.75,945.44,5.7
2024-02-23 22:59:13.190638128,North America,Home,357,37400.62,6302.38,8.0
2024-02-24 04:14:38.575715144,Asia,Beauty,858,12668.44,2879.44,8.7
2024-02-24 09:30:03.960792152,North America,Clothing,407,36576.7,5119.33,9.2
2024-02-24 14:45:29.345869168,South America,Home,592,37514.94,7755.9,4.9
2024-02-24 20:00:54.730946184,South America,Beauty,735,20173.97,7085.89,8.9
2024-02-25 01:16:20.116023200,North America,Clothing,444,10915.81,1277.14,5.5
2024-02-25 06:31:45.501100216,Asia,Home,586,26302.9,5952.73,6.6
2024-02-25 11:47:10.886177232,North America,Electronics,230,46109.18,9694.25,9.4
2024-02-25 17:02:36.271254248,South America,Sports,317,32161.03,1652.02,6.7
2024-02-25 22:18:01.656331264,North America,Clothing,807,9059.66,8543.78,5.2
2024-02-26 03:33:27.041408280,South America,Beauty,706,34296.47,7055.23,5.0
2024-02-26 08:48:52.426485296,North America,Clothing,728,21646.55,7762.63,6.8
2024-02-26 14:04:17.811562312,Asia,Beauty,475,29780.68,2891.39,8.6
2024-02-26 19:19:43.196639328,Asia,Clothing,108,36836.17,2950.1,10.0
2024-02-27 00:35:08.581716344,North America,Beauty,251,25989.89,9069.59,8.7
2024-02-27 05:50:33.966793360,North America,Home,167,40792.21,3662.34,9.3
2024-02-27 11:05:59.351870368,Asia,Electronics,619,36246.7,723.85,8.5
2024-02-27 16:21:24.736947384,South America,Home,563,30946.13,6045.91,9.4
2024-02-27 21:36:50.122024400,Asia,Electronics,660,7964.24,1335.69,4.5
2024-02-28 02:52:15.507101416,South America,Home,804,41879.48,7986.3,9.6
2024-02-28 08:07:40.892178432,North America,Home,929,46827.33,6453.29,6.4
2024-02-28 13:23:06.277255448,North America,Clothing,236,7279.77,8759.79,9.5
2024-02-28 18:38:31.662332464,South America,Sports,432,24667.94,7869.89,4.5
2024-02-28 23:53:57.047409480,North America,Beauty,81,13314.99,1209.93,8.3
2024-02-29 05:09:22.432486496,South America,Beauty,252,37848.9,3872.6,8.4
2024-02-29 10:24:47.817563512,Europe,Beauty,539,36220.67,7768.15,10.0
2024-02-29 15:40:13.202640528,Asia,Electronics,598,7473.81,4231.68,8.6
2024-02-29 20:55:38.587717544,Europe,Beauty,54,43912.85,9726.42,6.3
2024-03-01 02:11:03.972794560,South America,Beauty,481,9458.17,7383.83,7.3
2024-03-01 07:26:29.357871568,Asia,Clothing,380,39964.32,253.45,6.2
2024-03-01 12:41:54.742948584,South America,Home,864,23120.53,8811.86,5.2
2024-03-01 17:57:20.128025600,Asia,Beauty,661,16749.48,1097.97,5.5
2024-03-01 23:12:45.513102616,Asia,Sports,698,8332.84,1491.18,5.3
2024-03-02 04:28:10.898179632,Asia,Beauty,743,8796.91,7371.47,7.3
2024-03-02 09:43:36.283256648,Asia,Electronics,936,33263.58,8663.19,9.4
2024-03-02 14:59:01.668333664,South America,Electronics,101,27746.3,5409.86,9.5
2024-03-02 20:14:27.053410680,Asia,Electronics,31,6543.23,2961.59,4.3
2024-03-03 01:29:52.438487696,Asia,Beauty,181,6078.54,3578.02,4.5
2024-03-03 06:45:17.823564712,Europe,Clothing,613,4079.37,3494.6,5.5
2024-03-03 12:00:43.208641728,North America,Sports,201,37316.48,3334.11,5.5
2024-03-03 17:16:08.593718744,North America,Beauty,86,35738.16,2504.81,4.6
2024-03-03 22:31:33.978795760,Europe,Clothing,290,3392.33,6127.78,6.3
2024-03-04 03:46:59.363872768,Europe,Clothing,373,28233.37,9014.01,7.5
2024-03-04 09:02:24.748949784,South America,Beauty,188,4691.47,3140.12,7.5
2024-03-04 14:17:50.134026800,South America,Beauty,247,45235.42,1948.27,7.3
2024-03-04 19:33:15.519103816,South America,Clothing,144,45402.31,8401.92,6.0
2024-03-05 00:48:40.904180832,Europe,Clothing,886,35062.53,7443.65,8.2
2024-03-05 06:04:06.289257848,Europe,Clothing,911,46346.35,9315.29,9.0
2024-03-05 11:19:31.674334864,Asia,Beauty,289,40666.93,1738.65,6.1
2024-03-05 16:34:57.059411880,South America,Clothing,28,41512.66,1528.09,4.5
2024-03-05 21:50:22.444488896,South America,Electronics,604,28700.54,5460.15,5.8
2024-03-06 03:05:47.829565912,South America,Beauty,749,15649.93,6182.89,4.8
2024-03-06 08:21:13.214642928,North America,Electronics,380,11281.06,4853.72,6.8
2024-03-06 13:36:38.599719944,Asia,Home,786,16696.4,6029.77,4.9
2024-03-06 18:52:03.984796960,South America,Beauty,121,31610.52,1885.76,6.8
2024-03-07 00:07:29.369873976,South America,Home,772,9046.5,4848.18,5.3
2024-03-07 05:22:54.754950984,South America,Clothing,685,13302.69,6615.12,8.4
2024-03-07 10:38:20.140028000,North America,Clothing,879,23669.01,4383.79,4.2
2024-03-07 15:53:45.525105016,North America,Sports,689,12035.98,6826.53,7.3
2024-03-07 21:09:10.910182032,Europe,Clothing,230,29637.86,4566.79,5.0
2024-03-08 02:24:36.295259048,Asia,Home,929,46197.21,3402.64,4.0
2024-03-08 07:40:01.680336064,Europe,Clothing,313,37530.42,3105.69,9.2
2024-03-08 12:55:27.065413080,Asia,Beauty,712,33488.12,4167.93,8.0
2024-03-08 18:10:52.450490096,North America,Clothing,334,29344.71,328.59,4.6
2024-03-08 23:26:17.835567112,South America,Sports,446,24653.42,6718.4,8.0
2024-03-09 04:41:43.220644128,Europe,Clothing,447,9734.91,8466.55,7.7
2024-03-09 09:57:08.605721144,South America,Home,179,44788.17,3610.81,6.8
2024-03-09 15:12:33.990798160,Europe,Home,384,12802.53,555.73,6.5
2024-03-09 20:27:59.375875176,North America,Clothing,566,5019.79,9869.08,9.3
2024-03-10 01:43:24.760952184,North America,Home,390,37625.75,2710.61,5.5
2024-03-10 06:58:50.146029200,North America,Home,995,9192.97,1353.55,6.4
2024-03-10 12:14:15.531106216,Europe,Sports,23,18908.85,3760.55,6.0
2024-03-10 17:29:40.916183232,Asia,Beauty,752,1900.1,7411.71,8.6
2024-03-10 22:45:06.301260248,Europe,Sports,678,7284.86,3009.77,9.5
2024-03-11 04:00:31.686337264,Asia,Electronics,509,9073.58,5789.56,9.1
2024-03-11 09:15:57.071414280,Europe,Sports,655,3193.3,4214.04,8.8
2024-03-11 14:31:22.456491296,Europe,Clothing,400,33004.52,1265.86,9.9
2024-03-11 19:46:47.841568312,North America,Beauty,558,41931.89,3369.84,8.2
2024-03-12 01:02:13.226645328,South America,Clothing,574,18979.11,7276.22,8.5
2024-03-12 06:17:38.611722344,South America,Electronics,539,43791.54,6158.84,9.9
2024-03-12 11:33:03.996799360,Asia,Beauty,992,11060.66,1285.81,4.0
2024-03-12 16:48:29.381876376,South America,Home,501,16606.83,1716.89,7.8
2024-03-12 22:03:54.766953384,Europe,Sports,559,7961.48,6443.26,8.4
2024-03-13 03:19:20.152030400,Europe,Clothing,708,31217.68,8152.81,9.5
2024-03-13 08:34:45.537107416,North America,Electronics,394,21283.54,3559.8,9.3
2024-03-13 13:50:10.922184432,North America,Home,205,30857.53,5993.58,9.1
2024-03-13 19:05:36.307261448,South America,Sports,764,38202.91,1789.37,9.7
2024-03-14 00:21:01.692338464,Asia,Home,309,27512.3,3182.63,7.2
2024-03-14 05:36:27.077415480,South America,Sports,824,31567.7,300.68,4.0
2024-03-14 10:51:52.462492496,South America,Beauty,556,46794.89,7705.93,4.1
2024-03-14 16:07:17.847569512,South America,Home,736,15303.68,4070.0,7.3
2024-03-14 21:22:43.232646528,South America,Home,740,18278.61,8179.64,6.6
2024-03-15 02:38:08.617723544,Europe,Home,837,36026.32,7112.89,6.7
2024-03-15 07:53:34.002800560,Asia,Beauty,611,30759.62,8304.57,6.4
2024-03-15 13:08:59.387877576,Europe,Electronics,317,9337.38,2928.02,9.5
2024-03-15 18:24:24.772954592,Asia,Sports,261,19119.29,1932.58,6.2
2024-03-15 23:39:50.158031600,North America,Home,17,23657.98,9721.87,9.1
2024-03-16 04:55:15.543108616,South America,Beauty,777,21259.8,7201.55,9.4
2024-03-16 10:10:40.928185632,Europe,Electronics,884,9324.6,8357.02,7.0
2024-03-16 15:26:06.313262648,Asia,Sports,217,46259.29,230.02,6.7
2024-03-16 20:41:31.698339664,North America,Beauty,946,38234.78,3609.17,8.6
2024-03-17 01:56:57.083416680,North America,Sports,140,24327.11,7453.89,8.2
2024-03-17 07:12:22.468493696,South America,Home,745,34163.02,872.03,6.0
2024-03-17 12:27:47.853570712,Asia,Electronics,718,44915.49,5716.67,4.6
2024-03-17 17:43:13.238647728,Europe,Beauty,989,7240.62,4347.82,5.6
2024-03-17 22:58:38.623724744,South America,Electronics,663,12893.47,274.4,4.8
2024-03-18 04:14:04.008801760,Europe,Home,773,27363.71,2436.16,5.8
2024-03-18 09:29:29.393878776,North America,Electronics,617,40051.01,2919.44,5.6
2024-03-18 14:44:54.778955792,Europe,Electronics,35,2294.62,1207.41,7.8
2024-03-18 20:00:20.164032800,Europe,Clothing,632,49208.9,6352.22,9.7
2024-03-19 01:15:45.549109816,South America,Electronics,463,23017.88,2499.74,8.1
2024-03-19 06:31:10.934186832,Europe,Sports,644,18281.94,2848.43,9.6
2024-03-19 11:46:36.319263848,South America,Beauty,195,14989.86,8992.56,8.7
2024-03-19 17:02:01.704340864,North America,Clothing,493,9130.66,4724.52,8.4
2024-03-19 22:17:27.089417880,South America,Beauty,689,39682.91,3982.07,6.5
2024-03-20 03:32:52.474494896,South America,Beauty,60,47793.0,7266.32,5.9
2024-03-20 08:48:17.859571912,Asia,Home,900,20975.42,9105.18,9.1
2024-03-20 14:03:43.244648928,Europe,Home,14,47644.82,347.86,9.4
2024-03-20 19:19:08.629725944,North America,Clothing,598,41277.98,4537.56,6.7
2024-03-21 00:34:34.014802960,South America,Home,169,24312.03,6146.74,4.1
2024-03-21 05:49:59.399879976,North America,Home,217,33864.3,3253.77,8.8
2024-03-21 11:05:24.784956992,Asia,Home,266,22031.72,7746.84,5.7
2024-03-21 16:20:50.170034008,Europe,Beauty,214,28156.81,9717.62,4.1
2024-03-21 21:36:15.555111016,South America,Clothing,776,3373.29,9439.93,8.8
2024-03-22 02:51:40.940188032,Europe,Beauty,959,34965.04,2733.23,7.1
2024-03-22 08:07:06.325265048,Asia,Sports,20,3114.82,2340.75,8.1
2024-03-22 13:22:31.710342064,Asia,Beauty,958,40945.7,9579.16,9.5
2024-03-22 18:37:57.095419080,North America,Sports,17,41334.87,4640.42,7.2
2024-03-22 23:53:22.480496096,South America,Electronics,418,12235.33,2162.15,7.0
2024-03-23 05:08:47.865573112,North America,Electronics,945,16521.31,7099.27,5.7
2024-03-23 10:24:13.250650128,Asia,Sports,41,24324.86,2915.76,5.8
2024-03-23 15:39:38.635727144,Europe,Sports,993,30034.81,2745.75,8.8
2024-03-23 20:55:04.020804160,North America,Beauty,549,14724.01,8804.57,6.7
2024-03-24 02:10:29.405881176,North America,Sports,727,29828.08,1708.54,5.0
2024-03-24 07:25:54.790958192,Europe,Clothing,396,15240.46,737.49,4.6
2024-03-24 12:41:20.176035208,North America,Electronics,237,3246.79,2764.95,6.8
2024-03-24 17:56:45.561112216,Europe,Electronics,649,625.11,6108.76,6.8
2024-03-24 23:12:10.946189232,South America,Sports,776,5506.98,1318.57,7.9
2024-03-25 04:27:36.331266248,Europe,Home,484,39716.41,4768.79,6.8
2024-03-25 09:43:01.716343264,South America,Home,733,48090.85,6310.64,4.9
2024-03-25 14:58:27.101420280,Europe,Sports,760,21634.83,8502.5,7.0
2024-03-25 20:13:52.486497296,Asia,Clothing,216,25877.86,2375.71,9.4
2024-03-26 01:29:17.871574312,Asia,Home,327,7768.98,8191.73,5.0
2024-03-26 06:44:43.256651328,South America,Sports,804,27776.05,2425.57,8.1
2024-03-26 12:00:08.641728344,South America,Clothing,766,7660.42,6799.99,7.6
2024-03-26 17:15:34.026805360,Asia,Clothing,566,30755.11,4363.67,8.5
2024-03-26 22:30:59.411882376,South America,Beauty,626,46696.3,1235.34,4.9
2024-03-27 03:46:24.796959392,Europe,Clothing,357,10187.08,7171.21,9.6
2024-03-27 09:01:50.182036408,Europe,Home,802,38345.9,2255.85,7.7
2024-03-27 14:17:15.567113416,Asia,Home,243,1663.37,1848.57,9.1
2024-03-27 19:32:40.952190432,North America,Sports,710,19087.11,3647.4,5.5
2024-03-28 00:48:06.337267448,Europe,Sports,53,5982.05,6567.57,8.4
2024-03-28 06:03:31.722344464,South America,Clothing,746,17947.53,2416.57,8.7
2024-03-28 11:18:57.107421480,North America,Electronics,951,9090.08,1918.25,6.4
2024-03-28 16:34:22.492498496,North America,Beauty,151,18978.6,198.54,6.3
2024-03-28 21:49:47.877575512,Europe,Electronics,657,21167.38,4769.27,7.9
2024-03-29 03:05:13.262652528,Europe,Clothing,185,15379.26,4343.59,4.6
2024-03-29 08:20:38.647729544,North America,Clothing,663,33002.79,2415.29,8.4
2024-03-29 13:36:04.032806560,North America,Electronics,458,45983.18,631.16,4.3
2024-03-29 18:51:29.417883576,Asia,Beauty,601,20329.47,4349.63,5.1
2024-03-30 00:06:54.802960592,South America,Electronics,91,10020.99,7903.23,8.0
2024-03-30 05:22:20.188037608,Asia,Sports,144,13900.78,7181.29,4.6
2024-03-30 10:37:45.573114624,Europe,Home,728,42773.04,8621.87,9.8
2024-03-30 15:53:10.958191632,Asia,Sports,865,28796.17,194.87,9.2
2024-03-30 21:08:36.343268648,Asia,Home,186,23023.05,9667.55,7.8
2024-03-31 02:24:01.728345664,Asia,Clothing,392,7907.02,3479.98,8.9
2024-03-31 07:39:27.113422680,Asia,Beauty,252,22761.5,9904.94,9.3
2024-03-31 12:54:52.498499696,South America,Electronics,576,14285.35,2600.93,5.6
2024-03-31 18:10:17.883576712,South America,Beauty,150,47186.57,4768.21,9.1
2024-03-31 23:25:43.268653728,North America,Electronics,466,44261.47,3603.88,5.2
2024-04-01 04:41:08.653730744,Europe,Sports,449,4653.18,3622.03,6.5
2024-04-01 09:56:34.038807760,Asia,Sports,65,26074.35,8438.59,7.3
2024-04-01 15:11:59.423884776,North America,Electronics,536,11640.39,7489.55,8.3
2024-04-01 20:27:24.808961792,North America,Beauty,706,20833.47,9922.3,4.2
2024-04-02 01:42:50.194038808,North America,Electronics,835,43903.98,6173.8,5.7
2024-04-02 06:58:15.579115824,South America,Clothing,428,26611.97,4686.24,7.7
2024-04-02 12:13:40.964192832,Asia,Sports,97,17043.66,991.73,6.1
2024-04-02 17:29:06.349269848,Asia,Clothing,618,10790.47,9965.96,8.7
2024-04-02 22:44:31.734346864,Europe,Sports,665,40116.08,5560.15,7.9
2024-04-03 03:59:57.119423880,Asia,Sports,17,31413.64,7034.73,5.4
2024-04-03 09:15:22.504500896,Asia,Home,486,23669.24,4126.75,4.9
2024-04-03 14:30:47.889577912,North America,Clothing,224,11265.48,5522.39,7.8
2024-04-03 19:46:13.274654928,Europe,Clothing,694,17045.2,9431.52,6.7
2024-04-04 01:01:38.659731944,Asia,Home,744,48012.25,1747.55,5.0
2024-04-04 06:17:04.044808960,South America,Beauty,561,26244.45,2994.49,6.0
2024-04-04 11:32:29.429885976,Asia,Clothing,506,20334.61,1605.39,5.8
2024-04-04 16:47:54.814962992,North America,Electronics,703,26310.39,7942.94,4.6
2024-04-04 22:03:20.200040008,South America,Home,512,39059.93,714.25,7.3
2024-04-05 03:18:45.585117024,North America,Clothing,791,17335.39,908.15,8.6
2024-04-05 08:34:10.970194040,Asia,Beauty,708,9345.95,3055.09,7.5
2024-04-05 13:49:36.355271048,South America,Clothing,254,29454.34,5190.46,9.0
2024-04-05 19:05:01.740348064,Europe,Sports,487,33427.6,4122.12,4.8
2024-04-06 00:20:27.125425080,Europe,Electronics,318,35779.54,543.68,6.6
2024-04-06 05:35:52.510502096,South America,Home,240,44158.39,9579.17,7.7
2024-04-06 10:51:17.895579112,South America,Sports,392,18873.12,9533.41,8.1
2024-04-06 16:06:43.280656128,North America,Beauty,164,4230.07,2865.63,8.2
2024-04-06 21:22:08.665733144,South America,Sports,184,47938.25,7342.1,8.4
2024-04-07 02:37:34.050810160,North America,Sports,857,22033.09,5827.9,7.9
2024-04-07 07:52:59.435887176,Asia,Beauty,124,31351.25,2451.02,4.6
2024-04-07 13:08:24.820964192,North America,Sports,399,33482.11,2695.5,8.2
2024-04-07 18:23:50.206041208,South America,Home,320,27552.43,4962.42,8.3
2024-04-07 23:39:15.591118224,South America,Clothing,309,10660.25,4250.45,10.0
2024-04-08 04:54:40.976195240,Asia,Sports,27,37879.58,2983.17,8.2
2024-04-08 10:10:06.361272248,South America,Home,793,40285.72,8094.36,8.1
2024-04-08 15:25:31.746349264,South America,Clothing,21,27872.29,4866.48,7.1
2024-04-08 20:40:57.131426280,Europe,Clothing,413,24683.78,6583.0,9.2
2024-04-09 01:56:22.516503296,Europe,Sports,822,6139.94,1973.81,10.0
2024-04-09 07:11:47.901580312,Asia,Home,713,4655.61,5381.73,8.7
2024-04-09 12:27:13.286657328,North America,Sports,241,17308.46,3247.96,7.7
2024-04-09 17:42:38.671734344,Europe,Beauty,964,15886.88,5311.49,4.5
2024-04-09 22:58:04.056811360,North America,Clothing,614,47705.99,7830.18,8.4
2024-04-10 04:13:29.441888376,South America,Sports,999,39289.33,7712.24,8.3
2024-04-10 09:28:54.826965392,Europe,Clothing,739,33166.25,3606.78,8.7
2024-04-10 14:44:20.212042408,Asia,Home,287,26123.58,6973.34,4.7
2024-04-10 19:59:45.597119424,Asia,Electronics,362,8784.69,9418.77,7.9
2024-04-11 01:15:10.982196440,Asia,Sports,312,48933.61,6294.13,5.8
2024-04-11 06:30:36.367273448,Europe,Sports,550,19064.51,1569.26,8.6
2024-04-11 11:46:01.752350464,North America,Clothing,479,5792.82,6829.12,5.4
2024-04-11 17:01:27.137427480,South America,Home,822,24943.05,1138.55,8.1
2024-04-11 22:16:52.522504496,North America,Beauty,86,43762.9,8733.89,5.8
2024-04-12 03:32:17.907581512,North America,Home,530,44420.9,5214.94,4.1
2024-04-12 08:47:43.292658528,South America,Sports,33,1042.81,3912.89,7.8
2024-04-12 14:03:08.677735544,South America,Beauty,24,44371.64,664.37,4.7
2024-04-12 19:18:34.062812560,Europe,Home,685,13938.47,3869.76,8.0
2024-04-13 00:33:59.447889576,Europe,Electronics,534,2429.13,9041.75,9.6
2024-04-13 05:49:24.832966592,Europe,Clothing,356,42465.62,307.73,9.8
2024-04-13 11:04:50.218043608,Europe,Home,181,43261.4,4799.02,5.4
2024-04-13 16:20:15.603120624,Europe,Home,878,30013.44,9318.47,8.9
2024-04-13 21:35:40.988197640,South America,Electronics,336,28934.47,4008.93,6.1
2024-04-14 02:51:06.373274656,North America,Sports,721,40749.45,4338.94,9.4
2024-04-14 08:06:31.758351664,Europe,Clothing,494,39422.32,5827.74,8.7
2024-04-14 13:21:57.143428688,Europe,Home,498,44560.22,4683.08,4.4
2024-04-14 18:37:22.528505696,North America,Beauty,471,27861.0,1769.16,6.4
2024-04-14 23:52:47.913582720,Europe,Home,387,48398.53,283.7,6.0
2024-04-15 05:08:13.298659728,North America,Clothing,597,49809.27,6137.14,8.7
2024-04-15 10:23:38.683736752,North America,Home,173,6268.96,9215.99,6.5
2024-04-15 15:39:04.068813760,South America,Electronics,381,42552.42,1153.0,8.1
2024-04-15 20:54:29.453890768,Asia,Home,582,25241.2,2188.43,7.6
2024-04-16 02:09:54.838967792,South America,Home,986,19684.53,3765.27,9.9
2024-04-16 07:25:20.224044800,Asia,Beauty,433,30847.08,8106.55,9.6
2024-04-16 12:40:45.609121824,Asia,Electronics,766,3270.3,2765.68,6.6
2024-04-16 17:56:10.994198832,Asia,Electronics,486,25569.83,8832.34,8.3
2024-04-16 23:11:36.379275856,Europe,Home,391,43609.08,644.08,9.0
2024-04-17 04:27:01.764352864,South America,Beauty,164,11066.35,9415.47,9.4
2024-04-17 09:42:27.149429888,Asia,Home,266,21606.3,5651.4,4.4
2024-04-17 14:57:52.534506896,North America,Home,765,47004.3,6621.9,5.8
2024-04-17 20:13:17.919583920,Europe,Clothing,683,21713.91,3740.13,5.9
2024-04-18 01:28:43.304660928,South America,Clothing,77,18239.2,7841.74,6.6
2024-04-18 06:44:08.689737952,Asia,Beauty,353,22306.56,1749.01,5.0
2024-04-18 11:59:34.074814960,North America,Sports,286,26212.91,584.23,7.0
2024-04-18 17:14:59.459891968,South America,Clothing,682,31783.57,4015.62,8.0
2024-04-18 22:30:24.844968992,South America,Sports,400,40134.29,8551.59,7.0
2024-04-19 03:45:50.230046000,Europe,Electronics,458,22879.06,7573.78,8.0
2024-04-19 09:01:15.615123024,South America,Clothing,268,40965.31,5219.84,4.4
2024-04-19 14:16:41.000200032,Europe,Clothing,316,26919.17,5764.16,9.3
2024-04-19 19:32:06.385277056,Asia,Beauty,856,17254.79,1385.94,9.6
2024-04-20 00:47:31.770354064,Europe,Sports,104,33068.57,8422.75,7.7
2024-04-20 06:02:57.155431088,North America,Clothing,959,36027.25,7890.9,9.3
2024-04-20 11:18:22.540508096,Europe,Clothing,473,28123.42,6599.06,4.8
2024-04-20 16:33:47.925585120,North America,Beauty,979,3302.44,4715.29,8.8
2024-04-20 21:49:13.310662128,Europe,Beauty,255,8909.2,9648.15,4.7
2024-04-21 03:04:38.695739152,South America,Sports,742,14622.24,8802.42,6.4
2024-04-21 08:20:04.080816160,Asia,Electronics,644,14489.97,6479.86,5.9
2024-04-21 13:35:29.465893168,North America,Electronics,196,33834.33,3780.83,7.5
2024-04-21 18:50:54.850970192,Europe,Home,783,1408.26,6218.42,5.8
2024-04-22 00:06:20.236047200,Europe,Clothing,934,37906.25,5796.87,7.8
2024-04-22 05:21:45.621124224,Europe,Sports,794,13634.45,4003.0,6.2
2024-04-22 10:37:11.006201232,South America,Clothing,382,15846.08,3136.07,9.2
2024-04-22 15:52:36.391278256,South America,Sports,581,26631.54,4129.41,7.8
2024-04-22 21:08:01.776355264,North America,Sports,415,11188.32,5781.72,5.3
2024-04-23 02:23:27.161432288,North America,Sports,417,44281.33,4338.53,6.0
2024-04-23 07:38:52.546509296,South America,Clothing,134,4725.75,2709.39,9.1
2024-04-23 12:54:17.931586320,North America,Beauty,346,22496.93,7633.54,6.3
2024-04-23 18:09:43.316663328,Asia,Clothing,350,42546.4,5361.53,7.2
2024-04-23 23:25:08.701740352,Asia,Sports,572,30984.27,769.98,7.9
2024-04-24 04:40:34.086817360,South America,Home,187,14970.31,3746.33,6.1
2024-04-24 09:55:59.471894384,North America,Electronics,660,21327.63,8860.64,5.8
2024-04-24 15:11:24.856971392,Europe,Sports,961,35481.37,7576.84,6.9
2024-04-24 20:26:50.242048400,Asia,Home,848,48676.41,3300.14,5.3
2024-04-25 01:42:15.627125424,South America,Beauty,179,44710.37,9388.01,5.7
2024-04-25 06:57:41.012202432,North America,Sports,48,17450.42,858.37,4.4
2024-04-25 12:13:06.397279456,South America,Home,78,49910.8,9616.22,5.8
2024-04-25 17:28:31.782356464,Europe,Sports,245,673.48,2532.48,5.9
2024-04-25 22:43:57.167433488,Asia,Clothing,569,1867.67,190.03,9.8
2024-04-26 03:59:22.552510496,South America,Home,390,41280.11,4394.7,7.5
2024-04-26 09:14:47.937587520,South America,Clothing,66,10373.4,3653.81,8.7
2024-04-26 14:30:13.322664528,South America,Clothing,286,3508.08,5436.98,4.3
2024-04-26 19:45:38.707741552,Europe,Home,859,12238.83,7988.05,4.6
2024-04-27 01:01:04.092818560,South America,Electronics,108,21591.96,8440.06,8.9
2024-04-27 06:16:29.477895584,Europe,Home,925,36663.03,4072.18,7.7
2024-04-27 11:31:54.862972592,Europe,Electronics,536,31404.61,4355.47,5.1
2024-04-27 16:47:20.248049600,Europe,Sports,334,12262.25,1566.96,6.4
2024-04-27 22:02:45.633126624,Asia,Sports,470,25411.89,570.72,7.2
2024-04-28 03:18:11.018203632,Asia,Home,188,46347.6,6448.03,9.1
2024-04-28 08:33:36.403280656,South America,Sports,853,40842.88,737.93,4.4
2024-04-28 13:49:01.788357664,South America,Beauty,583,16497.89,7364.92,7.6
2024-04-28 19:04:27.173434688,Asia,Clothing,128,49122.1,5436.99,8.3
2024-04-29 00:19:52.558511696,North America,Clothing,478,35576.71,2065.97,9.9
2024-04-29 05:35:17.943588720,Asia,Electronics,558,3591.24,5441.28,8.8
2024-04-29 10:50:43.328665728,Europe,Sports,655,2240.46,1911.68,5.7
2024-04-29 16:06:08.713742752,Asia,Electronics,464,8836.19,4443.5,8.3
2024-04-29 21:21:34.098819760,Europe,Clothing,35,36528.87,8015.65,8.6
2024-04-30 02:36:59.483896784,South America,Clothing,499,9595.08,4673.0,8.4
2024-04-30 07:52:24.868973792,North America,Sports,17,25818.6,1572.12,8.9
2024-04-30 13:07:50.254050800,South America,Beauty,978,5116.38,7265.9,9.4
2024-04-30 18:23:15.639127824,Europe,Beauty,996,46083.86,1949.01,4.6
2024-04-30 23:38:41.024204832,Europe,Sports,525,17526.05,7411.64,4.6
2024-05-01 04:54:06.409281856,Europe,Sports,542,45452.54,4845.59,8.8
2024-05-01 10:09:31.794358864,North America,Electronics,936,47271.34,4592.04,5.5
2024-05-01 15:24:57.179435888,Asia,Sports,158,803.37,8529.21,4.4
2024-05-01 20:40:22.564512896,South America,Beauty,497,23474.69,7115.17,6.4
2024-05-02 01:55:47.949589920,South America,Sports,34,1720.47,425.82,8.9
2024-05-02 07:11:13.334666928,Asia,Electronics,664,45480.29,3032.13,4.8
2024-05-02 12:26:38.719743952,South America,Electronics,766,26161.17,8722.11,8.0
2024-05-02 17:42:04.104820960,North America,Electronics,940,4209.73,281.43,4.0
2024-05-02 22:57:29.489897984,South America,Electronics,954,5958.7,5498.01,4.7
2024-05-03 04:12:54.874974992,Europe,Home,564,19483.7,7305.47,6.1
2024-05-03 09:28:20.260052000,Asia,Sports,434,47041.59,6256.38,4.5
2024-05-03 14:43:45.645129024,North America,Clothing,302,34799.0,7629.27,9.1
2024-05-03 19:59:11.030206032,Asia,Sports,194,43447.13,7284.35,9.2
2024-05-04 01:14:36.415283056,North America,Home,563,18639.6,6951.1,8.5
2024-05-04 06:30:01.800360064,Europe,Electronics,440,2639.08,8233.24,5.5
2024-05-04 11:45:27.185437088,Asia,Home,613,48728.72,6492.34,7.1
2024-05-04 17:00:52.570514096,South America,Beauty,326,1350.06,4083.94,5.1
2024-05-04 22:16:17.955591120,North America,Beauty,407,47408.76,4771.9,5.7
2024-05-05 03:31:43.340668128,Asia,Sports,333,18749.53,7195.58,7.1
2024-05-05 08:47:08.725745152,South America,Sports,574,999.48,8775.43,8.4
2024-05-05 14:02:34.110822160,Asia,Clothing,605,34613.28,2794.97,4.6
2024-05-05 19:17:59.495899184,Asia,Clothing,555,49036.75,3486.56,5.8
2024-05-06 00:33:24.880976192,Asia,Beauty,85,48298.47,9314.32,9.6
2024-05-06 05:48:50.266053200,North America,Electronics,874,8466.38,5827.27,6.6
2024-05-06 11:04:15.651130224,South America,Home,929,9471.77,1871.72,9.6
2024-05-06 16:19:41.036207232,Europe,Clothing,925,28494.18,6670.58,9.9
2024-05-06 21:35:06.421284256,North America,Clothing,718,32046.59,9908.55,7.2
2024-05-07 02:50:31.806361264,North America,Electronics,495,37101.19,8252.19,5.7
2024-05-07 08:05:57.191438288,North America,Electronics,807,9461.99,7482.84,8.7
2024-05-07 13:21:22.576515296,Europe,Sports,97,47970.85,2159.66,5.0
2024-05-07 18:36:47.961592320,South America,Home,756,32117.59,8773.78,5.5
2024-05-07 23:52:13.346669328,South America,Electronics,241,42428.82,5305.31,8.7
2024-05-08 05:07:38.731746352,South America,Clothing,16,27233.25,8903.97,6.6
2024-05-08 10:23:04.116823360,Asia,Clothing,813,21006.7,3365.3,5.2
2024-05-08 15:38:29.501900384,Asia,Beauty,559,48870.55,714.31,7.9
2024-05-08 20:53:54.886977392,Asia,Electronics,985,29315.01,4812.16,8.4
2024-05-09 02:09:20.272054400,Europe,Sports,61,43410.24,2771.39,4.8
2024-05-09 07:24:45.657131424,Asia,Home,664,47687.97,7180.77,5.7
2024-05-09 12:40:11.042208432,Europe,Sports,951,33930.05,9575.35,5.3
2024-05-09 17:55:36.427285456,South America,Clothing,928,27672.46,6940.64,6.3
2024-05-09 23:11:01.812362464,Asia,Sports,405,673.79,8880.65,8.6
2024-05-10 04:26:27.197439488,Asia,Clothing,230,2480.97,4584.94,8.3
2024-05-10 09:41:52.582516496,North America,Clothing,437,10442.14,7739.24,8.0
2024-05-10 14:57:17.967593520,Europe,Clothing,761,9707.42,8446.13,4.0
2024-05-10 20:12:43.352670528,South America,Clothing,152,13110.56,7137.67,4.9
2024-05-11 01:28:08.737747552,North America,Clothing,870,15594.26,5127.0,5.3
2024-05-11 06:43:34.122824560,North America,Beauty,372,18323.24,6296.07,5.6
2024-05-11 11:58:59.507901584,South America,Sports,391,21316.62,7035.02,4.9
2024-05-11 17:14:24.892978592,North America,Beauty,570,5393.88,2605.54,6.5
2024-05-11 22:29:50.278055616,Europe,Beauty,286,2596.92,8114.83,4.5
2024-05-12 03:45:15.663132624,Europe,Electronics,280,33860.25,9508.21,8.5
2024-05-12 09:00:41.048209632,Asia,Electronics,23,27098.07,4705.87,8.7
2024-05-12 14:16:06.433286656,North America,Electronics,307,22485.14,7040.57,7.4
2024-05-12 19:31:31.818363664,Asia,Home,473,31904.78,7396.56,4.5
2024-05-13 00:46:57.203440688,North America,Electronics,536,41470.13,6656.25,9.3
2024-05-13 06:02:22.588517696,Europe,Sports,243,21670.8,5516.44,9.8
2024-05-13 11:17:47.973594720,Europe,Beauty,584,32235.41,8828.31,5.2
2024-05-13 16:33:13.358671728,Europe,Sports,717,47701.83,4544.37,8.2
2024-05-13 21:48:38.743748752,North America,Electronics,36,42061.41,704.92,9.1
2024-05-14 03:04:04.128825760,Europe,Home,480,21587.04,8461.11,7.2
2024-05-14 08:19:29.513902784,North America,Home,102,32413.48,6772.41,5.9
2024-05-14 13:34:54.898979792,Asia,Beauty,626,9265.01,8507.66,6.9
2024-05-14 18:50:20.284056816,North America,Sports,318,28245.85,1471.62,7.1
2024-05-15 00:05:45.669133824,Asia,Clothing,61,49075.75,404.45,6.4
2024-05-15 05:21:11.054210832,North America,Sports,328,26156.6,9350.31,9.6
2024-05-15 10:36:36.439287856,Asia,Electronics,978,46418.1,1562.51,8.5
2024-05-15 15:52:01.824364864,Europe,Clothing,190,20663.08,8115.56,5.4
2024-05-15 21:07:27.209441888,Asia,Home,578,49942.82,8249.78,7.5
2024-05-16 02:22:52.594518896,Europe,Beauty,129,29171.39,7116.18,8.1
2024-05-16 07:38:17.979595920,Europe,Beauty,829,2592.32,1399.5,4.8
2024-05-16 12:53:43.364672928,Asia,Home,884,29544.36,6707.25,6.2
2024-05-16 18:09:08.749749952,North America,Electronics,52,14091.35,8901.96,9.4
2024-05-16 23:24:34.134826960,North America,Home,656,2107.83,4312.76,7.4
2024-05-17 04:39:59.519903984,South America,Electronics,894,41132.24,4193.82,5.3
2024-05-17 09:55:24.904980992,North America,Clothing,947,14148.62,4484.3,4.7
2024-05-17 15:10:50.290058016,South America,Home,269,39929.15,914.49,7.1
2024-05-17 20:26:15.675135024,North America,Electronics,206,14766.77,8931.05,7.3
2024-05-18 01:41:41.060212032,North America,Clothing,654,10119.15,8704.91,6.0
2024-05-18 06:57:06.445289056,Europe,Home,980,48709.81,9979.3,7.8
2024-05-18 12:12:31.830366064,South America,Beauty,264,18401.44,5893.31,4.4
2024-05-18 17:27:57.215443088,North America,Home,741,30268.12,7536.8,4.9
2024-05-18 22:43:22.600520096,South America,Sports,345,30694.08,2106.45,7.3
2024-05-19 03:58:47.985597120,Europe,Home,562,28243.44,6708.54,4.4
2024-05-19 09:14:13.370674128,Europe,Sports,511,45777.44,6532.36,9.3
2024-05-19 14:29:38.755751152,South America,Clothing,999,33884.83,9021.97,4.9
2024-05-19 19:45:04.140828160,Europe,Home,909,20484.78,8324.85,8.0
2024-05-20 01:00:29.525905184,Asia,Clothing,264,43187.83,9390.82,6.3
2024-05-20 06:15:54.910982192,Asia,Clothing,523,9462.61,8701.45,6.4
2024-05-20 11:31:20.296059216,Europe,Electronics,716,27439.72,8700.07,8.6
2024-05-20 16:46:45.681136224,Asia,Clothing,251,47552.24,730.86,7.0
2024-05-20 22:02:11.066213232,North America,Clothing,158,31457.18,8475.02,8.4
2024-05-21 03:17:36.451290256,South America,Home,719,40939.94,6114.04,7.0
2024-05-21 08:33:01.836367264,North America,Home,308,32851.26,3866.4,7.6
2024-05-21 13:48:27.221444288,South America,Beauty,766,42048.86,659.49,8.6
2024-05-21 19:03:52.606521296,Europe,Electronics,859,47252.15,6808.97,7.6
2024-05-22 00:19:17.991598320,North America,Clothing,629,14009.63,3349.2,7.7
2024-05-22 05:34:43.376675328,Europe,Electronics,462,8898.22,4730.99,8.7
2024-05-22 10:50:08.761752352,Europe,Sports,402,24457.54,6849.11,9.7
2024-05-22 16:05:34.146829360,South America,Clothing,221,35242.19,9126.57,6.3
2024-05-22 21:20:59.531906384,South America,Electronics,677,11745.97,8271.83,7.5
2024-05-23 02:36:24.916983392,South America,Beauty,547,703.02,4560.91,4.5
2024-05-23 07:51:50.302060416,North America,Beauty,603,17475.29,3939.05,6.2
2024-05-23 13:07:15.687137424,Asia,Clothing,604,48458.54,2473.82,6.5
2024-05-23 18:22:41.072214432,South America,Sports,140,34900.89,3787.02,9.0
2024-05-23 23:38:06.457291456,South America,Beauty,338,20365.61,1199.36,7.1
2024-05-24 04:53:31.842368464,North America,Beauty,621,10032.52,9713.94,8.4
2024-05-24 10:08:57.227445488,South America,Sports,265,18126.44,5781.78,4.1
2024-05-24 15:24:22.612522496,North America,Electronics,488,8907.05,1365.28,6.8
2024-05-24 20:39:47.997599520,Europe,Beauty,570,5762.14,3592.78,9.4
2024-05-25 01:55:13.382676528,South America,Home,922,45383.75,5515.69,5.3
2024-05-25 07:10:38.767753552,South America,Beauty,72,49883.69,5375.57,4.2
2024-05-25 12:26:04.152830560,Europe,Electronics,320,8623.66,451.48,6.6
2024-05-25 17:41:29.537907584,Europe,Electronics,416,3198.87,9513.33,8.2
2024-05-25 22:56:54.922984592,Europe,Clothing,811,16821.69,2826.22,6.7
2024-05-26 04:12:20.308061616,South America,Home,114,23352.13,260.23,6.8
2024-05-26 09:27:45.693138624,Asia,Electronics,626,10638.65,856.8,8.0
2024-05-26 14:43:11.078215648,Asia,Sports,846,15420.53,5843.93,5.5
2024-05-26 19:58:36.463292656,Asia,Home,24,10443.1,1464.08,8.5
2024-05-27 01:14:01.848369664,South America,Home,696,38825.9,513.08,4.9
2024-05-27 06:29:27.233446688,Europe,Sports,268,35772.61,3858.3,6.4
2024-05-27 11:44:52.618523696,South America,Beauty,732,31930.1,6265.34,7.9
2024-05-27 17:00:18.003600720,Europe,Sports,421,19667.28,1207.21,9.0
2024-05-27 22:15:43.388677728,South America,Sports,268,45497.53,3201.95,8.7
2024-05-28 03:31:08.773754752,South America,Beauty,623,48491.86,4235.83,8.3
2024-05-28 08:46:34.158831760,Europe,Beauty,269,9095.15,1678.65,6.2
2024-05-28 14:01:59.543908784,Asia,Beauty,865,11539.13,5110.13,4.7
2024-05-28 19:17:24.928985792,Europe,Beauty,680,26518.74,943.62,5.3
2024-05-29 00:32:50.314062816,North America,Beauty,54,5016.9,560.53,9.2
2024-05-29 05:48:15.699139824,North America,Sports,964,22104.2,5246.37,9.1
2024-05-29 11:03:41.084216848,Europe,Clothing,822,29298.67,2554.18,9.7
2024-05-29 16:19:06.469293856,South America,Clothing,772,26342.64,1044.2,4.5
2024-05-29 21:34:31.854370864,North America,Electronics,340,16879.97,4296.73,7.2
2024-05-30 02:49:57.239447888,North America,Clothing,174,27351.07,9159.89,7.9
2024-05-30 08:05:22.624524896,South America,Clothing,202,47960.65,7269.51,8.3
2024-05-30 13:20:48.009601920,South America,Sports,530,10697.86,8174.6,7.9
2024-05-30 18:36:13.394678928,Asia,Beauty,410,32914.15,8731.95,8.6
2024-05-30 23:51:38.779755952,South America,Beauty,383,2648.14,9729.01,6.2
2024-05-31 05:07:04.164832960,Europe,Sports,74,3787.61,7656.14,5.1
2024-05-31 10:22:29.549909984,Europe,Clothing,396,27815.5,6123.24,5.2
2024-05-31 15:37:54.934986992,Asia,Sports,504,5694.49,3717.72,4.1
2024-05-31 20:53:20.320064016,North America,Electronics,803,1606.17,1898.27,6.1
2024-06-01 02:08:45.705141024,North America,Beauty,702,8989.89,6897.93,4.6
2024-06-01 07:24:11.090218048,South America,Home,424,28460.03,9950.0,5.9
2024-06-01 12:39:36.475295056,Europe,Electronics,803,35315.38,4726.85,7.8
2024-06-01 17:55:01.860372064,North America,Electronics,800,10522.69,7264.43,9.4
2024-06-01 23:10:27.245449088,Asia,Sports,39,33578.84,5001.42,9.0
2024-06-02 04:25:52.630526096,Asia,Clothing,275,9532.58,4376.14,5.5
2024-06-02 09:41:18.015603120,Europe,Beauty,337,30866.14,4162.03,4.8
2024-06-02 14:56:43.400680128,Asia,Home,501,20892.0,5095.78,5.2
2024-06-02 20:12:08.785757152,Asia,Electronics,226,32863.08,3732.27,9.8
2024-06-03 01:27:34.170834160,Europe,Home,329,49755.11,7512.86,7.3
2024-06-03 06:42:59.555911184,South America,Clothing,927,46921.94,8755.29,5.1
2024-06-03 11:58:24.940988192,South America,Clothing,408,711.95,8840.56,9.0
2024-06-03 17:13:50.326065216,Asia,Home,900,44329.22,2354.22,6.4
2024-06-03 22:29:15.711142224,South America,Beauty,114,3791.29,8969.5,9.4
2024-06-04 03:44:41.096219248,South America,Clothing,705,47675.81,3481.36,5.6
2024-06-04 09:00:06.481296256,Asia,Home,339,14450.37,3162.15,6.4
2024-06-04 14:15:31.866373264,South America,Electronics,669,19410.72,7294.88,7.0
2024-06-04 19:30:57.251450288,Asia,Home,626,5036.09,3116.49,9.4
2024-06-05 00:46:22.636527296,North America,Home,56,6057.5,624.37,9.2
2024-06-05 06:01:48.021604320,Europe,Sports,608,36473.66,3798.82,7.4
2024-06-05 11:17:13.406681328,Europe,Clothing,830,47244.45,7242.51,5.3
2024-06-05 16:32:38.791758352,South America,Beauty,958,30732.05,3336.89,6.4
2024-06-05 21:48:04.176835360,South America,Beauty,650,35934.58,6332.63,9.9
2024-06-06 03:03:29.561912384,South America,Sports,779,38217.5,6635.18,7.6
2024-06-06 08:18:54.946989392,Europe,Beauty,323,13509.31,7363.99,8.7
2024-06-06 13:34:20.332066416,North America,Home,156,2738.87,8981.59,6.7
2024-06-06 18:49:45.717143424,North America,Sports,967,592.7,4382.39,7.2
2024-06-07 00:05:11.102220448,Europe,Electronics,471,17857.14,1747.68,6.6
2024-06-07 05:20:36.487297456,North America,Clothing,593,12452.48,3257.36,8.2
2024-06-07 10:36:01.872374464,Europe,Clothing,495,3584.73,4378.46,9.1
2024-06-07 15:51:27.257451488,North America,Clothing,661,9386.65,7167.53,7.0
2024-06-07 21:06:52.642528496,Asia,Home,419,6662.7,229.91,6.9
2024-06-08 02:22:18.027605520,Asia,Electronics,36,45786.48,3226.28,6.0
2024-06-08 07:37:43.412682528,Europe,Sports,38,7443.23,7820.44,5.1
2024-06-08 12:53:08.797759552,North America,Sports,280,27113.6,6741.49,9.6
2024-06-08 18:08:34.182836560,South America,Clothing,695,29858.74,7344.23,5.9
2024-06-08 23:23:59.567913584,North America,Electronics,510,27402.73,8136.93,8.8
2024-06-09 04:39:24.952990592,Asia,Electronics,262,5403.29,7854.03,8.3
2024-06-09 09:54:50.338067616,Asia,Electronics,394,16280.52,6853.61,8.7
2024-06-09 15:10:15.723144624,North America,Beauty,69,3037.88,4452.65,9.6
2024-06-09 20:25:41.108221648,North America,Beauty,116,20085.66,9837.62,7.7
2024-06-10 01:41:06.493298656,South America,Clothing,229,9835.65,5733.82,9.4
2024-06-10 06:56:31.878375680,South America,Electronics,450,28300.81,2107.42,5.0
2024-06-10 12:11:57.263452688,North America,Electronics,780,34794.02,2998.85,7.8
2024-06-10 17:27:22.648529696,North America,Sports,892,26839.93,6966.27,8.6
2024-06-10 22:42:48.033606720,North America,Sports,667,21994.72,9254.92,5.6
2024-06-11 03:58:13.418683728,North America,Clothing,573,19673.0,1869.33,8.4
2024-06-11 09:13:38.803760752,Europe,Electronics,581,42163.74,915.23,8.7
2024-06-11 14:29:04.188837760,North America,Clothing,555,11358.72,8827.16,9.0
2024-06-11 19:44:29.573914784,South America,Sports,105,36843.81,9161.25,5.9
2024-06-12 00:59:54.958991792,Asia,Sports,998,37995.38,2836.16,8.1
2024-06-12 06:15:20.344068816,Europe,Beauty,98,21250.4,3835.13,5.8
2024-06-12 11:30:45.729145824,North America,Clothing,837,15216.38,6635.86,8.4
2024-06-12 16:46:11.114222848,Asia,Clothing,931,23791.8,3366.31,6.8
2024-06-12 22:01:36.499299856,Europe,Electronics,240,5114.09,8783.87,7.6
2024-06-13 03:17:01.884376880,Asia,Electronics,977,2773.54,1165.03,6.5
2024-06-13 08:32:27.269453888,North America,Beauty,284,6024.36,476.02,5.0
2024-06-13 13:47:52.654530896,North America,Home,255,9763.68,2164.01,5.1
2024-06-13 19:03:18.039607920,South America,Home,120,25456.75,2932.27,4.5
2024-06-14 00:18:43.424684928,North America,Home,243,42532.26,1217.97,7.7
2024-06-14 05:34:08.809761952,North America,Clothing,287,12164.3,750.34,9.1
2024-06-14 10:49:34.194838960,Europe,Clothing,486,46790.52,7580.52,4.1
2024-06-14 16:04:59.579915984,South America,Sports,426,47767.94,1726.34,4.4
2024-06-14 21:20:24.964992992,Europe,Clothing,687,47965.78,9147.83,6.7
2024-06-15 02:35:50.350070016,Asia,Clothing,137,41959.36,3743.2,8.4
2024-06-15 07:51:15.735147024,North America,Clothing,246,18509.34,6739.0,4.9
2024-06-15 13:06:41.120224048,Asia,Beauty,812,4097.85,2331.48,5.6
2024-06-15 18:22:06.505301056,Europe,Clothing,628,28656.53,2479.2,5.4
2024-06-15 23:37:31.890378080,North America,Electronics,137,28154.73,5789.62,6.4
2024-06-16 04:52:57.275455088,North America,Electronics,716,42573.8,5650.36,5.3
2024-06-16 10:08:22.660532096,Europe,Sports,860,49801.56,7710.42,6.1
2024-06-16 15:23:48.045609120,Europe,Beauty,403,25653.79,7602.35,8.4
2024-06-16 20:39:13.430686128,Europe,Electronics,484,17587.6,6739.81,7.7
2024-06-17 01:54:38.815763152,Europe,Beauty,664,9702.13,4546.39,4.5
2024-06-17 07:10:04.200840160,Europe,Beauty,404,737.59,8917.34,7.8
2024-06-17 12:25:29.585917184,North America,Sports,120,25701.13,6263.53,6.9
2024-06-17 17:40:54.970994192,Europe,Beauty,99,27998.17,9902.97,9.6
2024-06-17 22:56:20.356071216,North America,Clothing,772,41334.45,8211.76,5.7
2024-06-18 04:11:45.741148224,North America,Beauty,289,25476.56,538.67,8.4
2024-06-18 09:27:11.126225248,Europe,Sports,342,45865.18,3273.88,8.4
2024-06-18 14:42:36.511302256,Europe,Sports,233,31590.13,5761.57,5.3
2024-06-18 19:58:01.896379280,South America,Sports,110,42096.64,7242.55,9.4
2024-06-19 01:13:27.281456288,North America,Electronics,141,7840.94,5548.33,6.9
2024-06-19 06:28:52.666533296,Europe,Clothing,22,42839.14,7882.69,8.1
2024-06-19 11:44:18.051610320,Europe,Electronics,466,33919.62,2898.29,4.9
2024-06-19 16:59:43.436687328,Europe,Home,450,8926.54,1920.73,5.5
2024-06-19 22:15:08.821764352,South America,Clothing,107,9893.3,633.78,7.5
2024-06-20 03:30:34.206841360,South America,Beauty,129,46361.78,5775.81,5.9
2024-06-20 08:45:59.591918384,Asia,Sports,302,2094.66,6917.14,7.0
2024-06-20 14:01:24.976995392,North America,Home,825,23395.48,3328.88,6.2
2024-06-20 19:16:50.362072416,Asia,Clothing,720,16017.03,6174.48,7.8
2024-06-21 00:32:15.747149424,Europe,Electronics,10,33421.33,616.36,6.9
2024-06-21 05:47:41.132226448,South America,Sports,581,42061.65,1083.0,4.0
2024-06-21 11:03:06.517303456,South America,Electronics,259,18338.72,7047.37,7.9
2024-06-21 16:18:31.902380480,Asia,Clothing,661,21631.65,3743.89,6.5
2024-06-21 21:33:57.287457488,South America,Clothing,158,49104.93,6746.21,6.1
2024-06-22 02:49:22.672534496,Europe,Home,404,39303.87,8334.04,4.6
2024-06-22 08:04:48.057611520,South America,Beauty,53,44911.6,8540.96,5.3
2024-06-22 13:20:13.442688528,Asia,Electronics,892,22218.73,1804.46,5.3
2024-06-22 18:35:38.827765552,Europe,Home,707,12086.77,4914.23,9.6
2024-06-22 23:51:04.212842560,Asia,Sports,629,20887.24,7365.87,6.6
2024-06-23 05:06:29.597919584,South America,Beauty,53,35946.55,7762.41,4.3
2024-06-23 10:21:54.982996592,Asia,Home,87,5916.81,7868.29,4.8
2024-06-23 15:37:20.368073616,Asia,Electronics,235,13888.22,2358.86,4.5
2024-06-23 20:52:45.753150624,North America,Clothing,171,2808.48,2006.09,7.5
2024-06-24 02:08:11.138227648,South America,Sports,802,21901.21,5941.12,5.1
2024-06-24 07:23:36.523304656,South America,Electronics,262,41458.56,7436.75,7.0
2024-06-24 12:39:01.908381680,Asia,Beauty,141,1720.85,3259.48,6.2
2024-06-24 17:54:27.293458688,North America,Beauty,457,33928.51,1136.58,8.8
2024-06-24 23:09:52.678535712,South America,Clothing,893,46658.55,7195.79,5.9
2024-06-25 04:25:18.063612720,Europe,Clothing,896,12227.93,3067.01,6.7
2024-06-25 09:40:43.448689728,Asia,Sports,483,34834.92,1746.99,8.3
2024-06-25 14:56:08.833766752,South America,Sports,665,48767.54,1562.46,6.6
2024-06-25 20:11:34.218843760,Europe,Clothing,787,48132.76,3217.6,8.8
2024-06-26 01:26:59.603920784,South America,Clothing,118,12129.0,5967.51,8.0
2024-06-26 06:42:24.988997792,Europe,Beauty,715,5466.39,3648.18,6.5
2024-06-26 11:57:50.374074816,Asia,Clothing,44,7839.99,304.55,7.0
2024-06-26 17:13:15.759151824,South America,Home,476,35250.77,1059.39,9.8
2024-06-26 22:28:41.144228848,South America,Electronics,911,36425.06,2975.98,8.0
2024-06-27 03:44:06.529305856,North America,Clothing,284,33874.71,6631.07,9.4
2024-06-27 08:59:31.914382880,Asia,Sports,196,17135.88,1075.3,5.1
2024-06-27 14:14:57.299459888,Europe,Home,958,8903.96,5650.5,6.9
2024-06-27 19:30:22.684536912,South America,Sports,252,29247.67,1286.87,9.5
2024-06-28 00:45:48.069613920,South America,Home,273,24442.18,2194.99,5.9
2024-06-28 06:01:13.454690928,Europe,Clothing,983,36577.29,1804.67,9.8
2024-06-28 11:16:38.839767952,Asia,Electronics,531,22347.32,765.56,4.6
2024-06-28 16:32:04.224844960,North America,Sports,972,17262.66,6746.17,9.4
2024-06-28 21:47:29.609921984,North America,Home,687,15027.19,4687.7,6.7
2024-06-29 03:02:54.994998992,South America,Beauty,550,10967.78,8327.43,4.4
2024-06-29 08:18:20.380076016,Europe,Clothing,792,13654.45,1079.02,9.3
2024-06-29 13:33:45.765153024,South America,Electronics,96,5194.11,1532.86,5.5
2024-06-29 18:49:11.150230048,Europe,Clothing,544,17669.42,3133.93,4.1
2024-06-30 00:04:36.535307056,North America,Beauty,219,2310.21,7682.07,4.8
2024-06-30 05:20:01.920384080,Asia,Electronics,55,9727.49,3127.01,8.0
2024-06-30 10:35:27.305461088,Europe,Beauty,476,37465.14,4143.35,9.9
2024-06-30 15:50:52.690538112,North America,Clothing,549,16610.71,3085.88,4.7
2024-06-30 21:06:18.075615120,South America,Home,35,33577.73,894.22,6.8
2024-07-01 02:21:43.460692128,Europe,Clothing,275,35985.77,9400.39,5.1
2024-07-01 07:37:08.845769152,Asia,Clothing,184,29268.67,5530.54,8.5
2024-07-01 12:52:34.230846160,South America,Clothing,525,47955.54,7899.55,4.7
2024-07-01 18:07:59.615923184,South America,Sports,320,1561.27,6617.74,5.4
2024-07-01 23:23:25.001000192,North America,Beauty,331,37063.31,5191.12,5.2
2024-07-02 04:38:50.386077216,Europe,Beauty,588,47959.94,987.81,7.3
2024-07-02 09:54:15.771154224,South America,Beauty,144,43182.45,6463.06,9.2
2024-07-02 15:09:41.156231248,Asia,Sports,64,8810.69,1638.17,7.1
2024-07-02 20:25:06.541308256,Europe,Home,985,16677.61,4202.39,4.3
2024-07-03 01:40:31.926385280,Asia,Clothing,552,9036.37,6328.22,7.4
2024-07-03 06:55:57.311462288,South America,Home,595,30264.76,7844.07,8.8
2024-07-03 12:11:22.696539312,Asia,Sports,540,35753.31,6881.95,4.8
2024-07-03 17:26:48.081616320,North America,Beauty,165,16195.15,6748.18,4.4
2024-07-03 22:42:13.466693328,Asia,Clothing,858,27205.58,1575.52,5.1
2024-07-04 03:57:38.851770352,Europe,Electronics,677,34700.57,3526.67,8.5
2024-07-04 09:13:04.236847360,Asia,Electronics,156,21356.32,524.83,7.6
2024-07-04 14:28:29.621924384,Asia,Home,494,42773.77,7222.82,7.2
2024-07-04 19:43:55.007001392,North America,Beauty,608,38691.72,9530.6,5.5
2024-07-05 00:59:20.392078416,Asia,Electronics,29,3700.94,2714.69,6.0
2024-07-05 06:14:45.777155424,Asia,Home,278,31245.7,968.2,9.8
2024-07-05 11:30:11.162232448,South America,Sports,342,12148.61,4808.14,5.4
2024-07-05 16:45:36.547309456,South America,Home,564,28097.15,8581.31,9.4
2024-07-05 22:01:01.932386480,Europe,Home,916,47865.98,5564.54,7.5
2024-07-06 03:16:27.317463488,South America,Home,953,44013.57,563.09,4.7
2024-07-06 08:31:52.702540512,South America,Clothing,920,20523.56,9745.3,6.8
2024-07-06 13:47:18.087617520,South America,Home,410,14929.94,8303.63,9.7
2024-07-06 19:02:43.472694528,South America,Home,959,12103.08,1402.78,6.5
2024-07-07 00:18:08.857771552,North America,Clothing,315,26859.49,9225.8,9.2
2024-07-07 05:33:34.242848560,South America,Clothing,37,6155.3,4561.81,5.5
2024-07-07 10:48:59.627925584,North America,Sports,476,27689.11,3781.79,7.4
2024-07-07 16:04:25.013002592,North America,Beauty,269,566.02,4664.43,9.1
2024-07-07 21:19:50.398079616,South America,Electronics,543,16530.56,8362.26,9.5
2024-07-08 02:35:15.783156624,Asia,Electronics,991,11386.75,6628.85,6.9
2024-07-08 07:50:41.168233648,North America,Home,896,48575.33,686.56,7.8
2024-07-08 13:06:06.553310656,Asia,Sports,110,36498.49,9580.28,4.0
2024-07-08 18:21:31.938387680,Asia,Home,560,17807.84,1563.06,5.5
2024-07-08 23:36:57.323464688,South America,Electronics,811,5095.83,7481.12,5.7
2024-07-09 04:52:22.708541712,Europe,Clothing,362,26081.63,6397.75,4.6
2024-07-09 10:07:48.093618720,South America,Beauty,309,11065.67,1956.53,5.7
2024-07-09 15:23:13.478695744,Europe,Sports,691,27053.26,1790.25,5.9
2024-07-09 20:38:38.863772752,Europe,Clothing,305,41850.44,8716.24,9.8
2024-07-10 01:54:04.248849760,South America,Beauty,362,30981.73,4254.98,8.0
2024-07-10 07:09:29.633926784,South America,Sports,917,31872.53,6580.31,6.6
2024-07-10 12:24:55.019003792,Europe,Sports,139,27281.0,5090.3,9.9
2024-07-10 17:40:20.404080816,South America,Electronics,165,46399.65,7300.8,4.9
2024-07-10 22:55:45.789157824,Europe,Clothing,83,46629.18,4844.5,6.9
2024-07-11 04:11:11.174234848,Asia,Sports,351,25879.8,2945.06,7.9
2024-07-11 09:26:36.559311856,South America,Sports,474,15635.09,3697.5,4.3
2024-07-11 14:42:01.944388880,Asia,Beauty,99,23249.56,8604.87,8.3
2024-07-11 19:57:27.329465888,North America,Electronics,588,9734.62,4733.54,4.6
2024-07-12 01:12:52.714542912,Asia,Home,464,31999.04,2213.15,4.8
2024-07-12 06:28:18.099619920,Asia,Electronics,757,25254.57,9352.59,5.0
2024-07-12 11:43:43.484696944,Europe,Home,721,5613.37,7986.34,9.6
2024-07-12 16:59:08.869773952,Asia,Clothing,989,10283.57,651.09,8.1
2024-07-12 22:14:34.254850960,South America,Clothing,341,24241.78,9989.54,7.9
2024-07-13 03:29:59.639927984,Europe,Sports,748,44435.66,6979.77,7.3
2024-07-13 08:45:25.025004992,North America,Clothing,986,28536.34,1686.64,5.8
2024-07-13 14:00:50.410082016,South America,Sports,357,34235.98,2447.96,7.7
2024-07-13 19:16:15.795159024,North America,Electronics,242,17281.91,6955.21,6.5
2024-07-14 00:31:41.180236048,Asia,Clothing,787,28784.86,7819.63,4.9
2024-07-14 05:47:06.565313056,South America,Electronics,607,22645.3,2466.46,8.1
2024-07-14 11:02:31.950390080,South America,Electronics,111,33126.93,2643.99,4.8
2024-07-14 16:17:57.335467088,North America,Clothing,962,3003.49,3140.49,5.1
2024-07-14 21:33:22.720544112,South America,Electronics,490,24918.36,6020.38,8.9
2024-07-15 02:48:48.105621120,South America,Clothing,223,15151.63,1800.98,8.0
2024-07-15 08:04:13.490698144,South America,Clothing,117,16646.16,1132.01,7.8
2024-07-15 13:19:38.875775152,Asia,Clothing,174,48065.41,6820.75,6.5
2024-07-15 18:35:04.260852160,North America,Home,982,9543.39,7813.07,6.4
2024-07-15 23:50:29.645929184,South America,Electronics,612,15906.64,5059.2,8.1
2024-07-16 05:05:55.031006192,Europe,Beauty,713,25739.68,3701.94,8.4
2024-07-16 10:21:20.416083216,Europe,Clothing,344,43219.83,4377.22,7.1
2024-07-16 15:36:45.801160224,Europe,Electronics,95,21125.17,3945.24,9.8
2024-07-16 20:52:11.186237248,Europe,Sports,743,37321.33,9603.85,9.7
2024-07-17 02:07:36.571314256,Asia,Clothing,884,42890.52,7704.09,6.5
2024-07-17 07:23:01.956391280,South America,Clothing,433,15845.81,2160.06,8.9
2024-07-17 12:38:27.341468288,North America,Beauty,622,19941.13,3903.47,7.3
2024-07-17 17:53:52.726545312,South America,Home,747,18149.53,5485.72,7.1
2024-07-17 23:09:18.111622320,Asia,Home,373,41726.36,6168.56,4.3
2024-07-18 04:24:43.496699344,Europe,Clothing,69,2695.17,4735.02,7.4
2024-07-18 09:40:08.881776352,Asia,Electronics,491,15766.84,8120.25,9.4
2024-07-18 14:55:34.266853360,South America,Sports,259,34130.72,7699.3,8.7
2024-07-18 20:10:59.651930384,North America,Sports,569,28489.45,5101.06,8.7
2024-07-19 01:26:25.037007392,Asia,Electronics,126,22096.32,8558.85,5.0
2024-07-19 06:41:50.422084416,North America,Clothing,748,27227.44,7535.79,6.2
2024-07-19 11:57:15.807161424,Asia,Sports,883,10280.44,7807.96,5.4
2024-07-19 17:12:41.192238448,North America,Home,924,21820.47,9568.37,5.9
2024-07-19 22:28:06.577315456,North America,Electronics,977,25334.3,2738.02,7.5
2024-07-20 03:43:31.962392480,Europe,Beauty,554,45108.86,2749.72,6.2
2024-07-20 08:58:57.347469488,North America,Clothing,53,13411.34,8900.63,7.4
2024-07-20 14:14:22.732546512,Europe,Electronics,518,43457.51,7745.04,6.6
2024-07-20 19:29:48.117623520,South America,Sports,997,32389.95,9272.8,5.7
2024-07-21 00:45:13.502700544,South America,Clothing,174,1506.87,724.99,4.6
2024-07-21 06:00:38.887777552,Europe,Home,377,36369.25,6314.8,9.4
2024-07-21 11:16:04.272854560,Europe,Clothing,866,2259.82,1531.82,4.1
2024-07-21 16:31:29.657931584,Asia,Clothing,301,49870.37,5088.58,4.0
2024-07-21 21:46:55.043008592,Asia,Home,858,43695.52,1641.89,9.0
2024-07-22 03:02:20.428085616,Asia,Home,865,15218.52,1367.98,10.0
2024-07-22 08:17:45.813162624,South America,Clothing,926,13241.86,220.47,8.4
2024-07-22 13:33:11.198239648,Asia,Home,907,19381.33,6339.36,4.1
2024-07-22 18:48:36.583316656,North America,Electronics,808,18130.26,3654.32,5.4
2024-07-23 00:04:01.968393680,North America,Home,885,18930.72,1141.36,9.8
2024-07-23 05:19:27.353470688,Asia,Home,746,16254.69,3296.09,8.9
2024-07-23 10:34:52.738547712,North America,Clothing,295,31246.1,1772.55,7.4
2024-07-23 15:50:18.123624720,South America,Electronics,213,8631.05,9422.78,5.4
2024-07-23 21:05:43.508701744,North America,Beauty,693,42376.07,3268.05,4.1
2024-07-24 02:21:08.893778752,South America,Beauty,533,40713.92,3406.14,4.1
2024-07-24 07:36:34.278855776,Europe,Sports,828,24085.92,8414.59,7.7
2024-07-24 12:51:59.663932784,Europe,Home,130,42710.13,6512.78,4.1
2024-07-24 18:07:25.049009792,Europe,Home,954,12733.68,7130.7,10.0
2024-07-24 23:22:50.434086816,Europe,Electronics,765,1369.49,6396.42,5.1
2024-07-25 04:38:15.819163824,North America,Beauty,673,31150.79,9467.34,8.3
2024-07-25 09:53:41.204240848,Asia,Sports,673,23166.52,2149.31,4.9
2024-07-25 15:09:06.589317856,North America,Electronics,197,28574.65,9891.49,7.2
2024-07-25 20:24:31.974394880,South America,Home,916,45017.3,8326.47,4.5
2024-07-26 01:39:57.359471888,North America,Beauty,22,48511.32,5930.83,8.6
2024-07-26 06:55:22.744548912,North America,Sports,612,31905.43,6657.48,7.5
2024-07-26 12:10:48.129625920,South America,Clothing,209,38320.75,6523.38,4.5
2024-07-26 17:26:13.514702944,Europe,Beauty,595,4648.52,678.12,9.1
2024-07-26 22:41:38.899779952,Europe,Sports,777,8455.42,2258.36,7.3
2024-07-27 03:57:04.284856976,Europe,Electronics,465,36793.64,9618.56,9.5
2024-07-27 09:12:29.669933984,Asia,Clothing,457,21852.59,5390.21,9.5
2024-07-27 14:27:55.055010992,South America,Sports,797,22575.28,3845.7,9.5
2024-07-27 19:43:20.440088016,South America,Sports,849,15776.08,7644.18,4.5
2024-07-28 00:58:45.825165024,North America,Home,850,30564.14,5292.74,4.7
2024-07-28 06:14:11.210242048,Asia,Beauty,80,9665.67,230.31,9.9
2024-07-28 11:29:36.595319056,Europe,Home,599,31532.36,7388.75,6.9
2024-07-28 16:45:01.980396080,Asia,Clothing,805,9103.04,7348.95,5.4
2024-07-28 22:00:27.365473088,South America,Sports,139,3659.39,1734.97,8.6
2024-07-29 03:15:52.750550112,South America,Home,898,16852.71,9570.93,5.6
2024-07-29 08:31:18.135627120,North America,Beauty,52,11941.45,2316.69,8.4
2024-07-29 13:46:43.520704144,North America,Clothing,529,44505.09,4631.72,9.0
2024-07-29 19:02:08.905781152,South America,Electronics,22,3220.2,1235.89,8.7
2024-07-30 00:17:34.290858176,Europe,Home,734,9242.38,6072.49,5.6
2024-07-30 05:32:59.675935184,Europe,Clothing,632,27661.62,3816.97,6.4
2024-07-30 10:48:25.061012192,Asia,Electronics,997,24312.83,3596.42,6.5
2024-07-30 16:03:50.446089216,South America,Home,812,2769.67,8287.07,6.9
2024-07-30 21:19:15.831166224,South America,Clothing,544,859.0,194.66,5.0
2024-07-31 02:34:41.216243248,Europe,Clothing,311,49409.36,7999.67,6.7
2024-07-31 07:50:06.601320256,Europe,Home,775,33112.32,5757.34,7.1
2024-07-31 13:05:31.986397280,South America,Clothing,536,18587.6,9862.38,7.2
2024-07-31 18:20:57.371474288,North America,Sports,651,23786.4,5935.49,8.9
2024-07-31 23:36:22.756551312,South America,Home,582,13694.23,648.25,7.1
2024-08-01 04:51:48.141628320,South America,Clothing,124,17571.25,601.39,5.4
2024-08-01 10:07:13.526705344,Europe,Electronics,469,32627.7,8843.21,8.0
2024-08-01 15:22:38.911782352,Europe,Electronics,841,44199.18,8428.02,8.8
2024-08-01 20:38:04.296859376,North America,Sports,514,9614.44,3524.31,5.9
2024-08-02 01:53:29.681936384,North America,Home,317,42097.89,6218.52,7.9
2024-08-02 07:08:55.067013392,Asia,Clothing,941,6517.05,4946.95,4.9
2024-08-02 12:24:20.452090416,South America,Clothing,972,11142.12,9674.92,6.1
2024-08-02 17:39:45.837167424,Europe,Electronics,334,2340.18,9504.61,9.5
2024-08-02 22:55:11.222244448,North America,Sports,588,7470.19,9840.01,9.5
2024-08-03 04:10:36.607321456,Asia,Electronics,770,45906.51,8677.84,7.5
2024-08-03 09:26:01.992398480,Asia,Electronics,184,23242.22,9104.56,8.2
2024-08-03 14:41:27.377475488,Europe,Sports,860,4344.46,2251.06,9.1
2024-08-03 19:56:52.762552512,Europe,Home,523,48006.48,8326.97,9.8
2024-08-04 01:12:18.147629520,Asia,Clothing,181,44010.12,7117.69,6.9
2024-08-04 06:27:43.532706544,North America,Home,969,37856.78,9631.59,7.4
2024-08-04 11:43:08.917783552,Asia,Beauty,511,46706.9,5755.49,6.5
2024-08-04 16:58:34.302860576,South America,Beauty,986,11396.41,943.15,4.4
2024-08-04 22:13:59.687937584,South America,Beauty,343,41900.28,6014.25,6.5
2024-08-05 03:29:25.073014592,Europe,Sports,293,34654.56,6897.15,8.7
2024-08-05 08:44:50.458091616,North America,Electronics,484,43553.08,2281.18,8.8
2024-08-05 14:00:15.843168624,North America,Home,63,39947.12,4001.72,9.4
2024-08-05 19:15:41.228245648,South America,Clothing,467,17651.51,6025.18,4.3
2024-08-06 00:31:06.613322656,Asia,Beauty,588,38832.73,3803.65,7.2
2024-08-06 05:46:31.998399680,Europe,Home,429,13491.59,3811.98,4.6
2024-08-06 11:01:57.383476688,Asia,Beauty,623,16765.31,1417.56,5.2
2024-08-06 16:17:22.768553712,Asia,Beauty,641,5841.33,9413.39,9.4
2024-08-06 21:32:48.153630720,Asia,Clothing,712,46786.29,7529.89,7.0
2024-08-07 02:48:13.538707744,North America,Sports,418,14904.67,112.31,8.6
2024-08-07 08:03:38.923784752,South America,Electronics,991,26270.81,7679.57,4.4
2024-08-07 13:19:04.308861776,North America,Sports,313,19870.98,7423.97,6.5
2024-08-07 18:34:29.693938784,South America,Home,944,48016.44,196.34,8.0
2024-08-07 23:49:55.079015792,Europe,Sports,568,17084.93,3759.08,4.8
2024-08-08 05:05:20.464092816,Europe,Home,231,39038.02,6106.8,6.0
2024-08-08 10:20:45.849169824,Asia,Home,542,42843.1,4582.23,4.4
2024-08-08 15:36:11.234246848,South America,Electronics,167,22062.52,7802.06,7.9
2024-08-08 20:51:36.619323856,South America,Clothing,357,19219.5,4312.04,9.8
2024-08-09 02:07:02.004400880,South America,Electronics,168,37513.42,1623.24,9.0
2024-08-09 07:22:27.389477888,Asia,Sports,898,45688.35,9766.51,9.8
2024-08-09 12:37:52.774554912,Asia,Home,893,37869.12,2496.2,9.1
2024-08-09 17:53:18.159631920,Europe,Beauty,931,11742.76,7205.15,9.1
2024-08-09 23:08:43.544708944,North America,Beauty,244,44471.23,1517.25,7.5
2024-08-10 04:24:08.929785952,South America,Home,671,19685.29,3357.22,7.1
2024-08-10 09:39:34.314862976,South America,Electronics,414,29023.36,4476.07,6.4
2024-08-10 14:54:59.699939984,North America,Clothing,266,41656.06,2003.1,8.9
2024-08-10 20:10:25.085017008,South America,Electronics,686,9825.54,4554.6,5.1
2024-08-11 01:25:50.470094016,Asia,Home,598,39333.25,1655.91,4.3
2024-08-11 06:41:15.855171024,Asia,Home,606,30010.06,5634.16,9.7
2024-08-11 11:56:41.240248048,South America,Clothing,567,44720.41,6670.76,4.0
2024-08-11 17:12:06.625325056,Asia,Sports,914,9012.53,718.1,9.9
2024-08-11 22:27:32.010402080,Asia,Sports,922,21323.77,8724.21,8.4
2024-08-12 03:42:57.395479088,South America,Clothing,56,41725.73,1932.89,6.0
2024-08-12 08:58:22.780556112,Europe,Sports,222,1451.97,2331.09,8.2
2024-08-12 14:13:48.165633120,North America,Beauty,488,6053.97,6647.36,8.9
2024-08-12 19:29:13.550710144,Asia,Sports,496,49532.98,4740.64,5.5
2024-08-13 00:44:38.935787152,Europe,Sports,580,14379.51,5044.02,8.6
2024-08-13 06:00:04.320864176,Asia,Sports,575,48789.39,1368.73,8.8
2024-08-13 11:15:29.705941184,Asia,Beauty,351,9535.31,8076.78,5.5
2024-08-13 16:30:55.091018208,North America,Sports,533,18374.17,6208.84,4.3
2024-08-13 21:46:20.476095216,Asia,Beauty,713,37767.04,1440.28,5.2
2024-08-14 03:01:45.861172224,North America,Clothing,512,33060.03,3802.59,5.2
2024-08-14 08:17:11.246249248,North America,Electronics,15,29265.56,8123.06,4.4
2024-08-14 13:32:36.631326256,North America,Clothing,830,26730.01,5726.71,8.4
2024-08-14 18:48:02.016403280,Europe,Electronics,153,42250.3,1175.62,6.3
2024-08-15 00:03:27.401480288,South America,Clothing,867,12129.95,3790.49,9.3
2024-08-15 05:18:52.786557312,Europe,Electronics,270,22402.31,2502.67,5.5
2024-08-15 10:34:18.171634320,South America,Electronics,594,8194.89,5222.91,6.7
2024-08-15 15:49:43.556711344,South America,Home,695,29999.11,8449.28,7.8
2024-08-15 21:05:08.941788352,North America,Electronics,241,12901.95,4419.04,9.3
2024-08-16 02:20:34.326865376,Asia,Electronics,279,17025.18,4390.09,7.1
2024-08-16 07:35:59.711942384,North America,Home,949,23826.91,9062.97,6.2
2024-08-16 12:51:25.097019408,Asia,Sports,456,1825.14,5804.24,9.2
2024-08-16 18:06:50.482096416,South America,Sports,883,5050.93,5705.29,5.9
2024-08-16 23:22:15.867173424,North America,Home,231,34453.5,2692.91,4.5
2024-08-17 04:37:41.252250448,Asia,Beauty,61,21734.01,6116.46,6.7
2024-08-17 09:53:06.637327456,Europe,Electronics,125,43307.12,5801.51,8.7
2024-08-17 15:08:32.022404480,Asia,Electronics,547,34886.26,4028.83,4.2
2024-08-17 20:23:57.407481488,North America,Home,574,901.0,9907.89,7.5
2024-08-18 01:39:22.792558512,Europe,Home,886,31027.26,8830.72,7.6
2024-08-18 06:54:48.177635520,Asia,Beauty,550,5139.38,7520.9,9.6
2024-08-18 12:10:13.562712544,Asia,Sports,28,39156.19,5419.72,5.7
2024-08-18 17:25:38.947789552,Asia,Clothing,824,49579.63,4674.39,5.7
2024-08-18 22:41:04.332866576,Asia,Sports,401,26794.34,1930.48,6.6
2024-08-19 03:56:29.717943584,Asia,Electronics,800,34297.59,3126.8,6.1
2024-08-19 09:11:55.103020608,Europe,Home,638,12247.05,7762.21,8.4
2024-08-19 14:27:20.488097616,South America,Beauty,627,22161.09,4592.11,7.9
2024-08-19 19:42:45.873174624,Europe,Sports,428,42876.72,8834.47,8.6
2024-08-20 00:58:11.258251648,Europe,Beauty,318,8787.44,1564.32,8.9
2024-08-20 06:13:36.643328656,Europe,Sports,748,13644.01,5132.64,9.5
2024-08-20 11:29:02.028405680,South America,Electronics,873,22548.97,6504.96,6.6
2024-08-20 16:44:27.413482688,North America,Clothing,195,35756.32,5216.8,9.9
2024-08-20 21:59:52.798559712,South America,Beauty,270,19106.26,8903.35,5.3
2024-08-21 03:15:18.183636720,Europe,Beauty,537,46422.75,9896.68,8.3
2024-08-21 08:30:43.568713744,Asia,Clothing,282,5175.62,1246.76,7.2
2024-08-21 13:46:08.953790752,Asia,Beauty,169,18854.81,1386.55,8.9
2024-08-21 19:01:34.338867776,Europe,Beauty,879,35593.23,1390.21,6.9
2024-08-22 00:16:59.723944784,Asia,Sports,771,11686.34,6843.65,8.7
2024-08-22 05:32:25.109021808,Europe,Sports,233,32992.45,3789.49,9.6
2024-08-22 10:47:50.494098816,Asia,Clothing,265,8628.74,7359.82,8.4
2024-08-22 16:03:15.879175824,South America,Electronics,189,3271.02,4114.17,8.7
2024-08-22 21:18:41.264252848,North America,Beauty,29,6490.28,6313.31,4.4
2024-08-23 02:34:06.649329856,North America,Electronics,633,46534.25,7721.59,5.2
2024-08-23 07:49:32.034406880,South America,Clothing,641,27811.67,5527.34,9.8
2024-08-23 13:04:57.419483888,South America,Clothing,715,39919.12,5441.09,8.2
2024-08-23 18:20:22.804560912,Europe,Sports,477,16966.4,973.52,7.4
2024-08-23 23:35:48.189637920,Europe,Beauty,632,29836.6,4166.74,6.2
2024-08-24 04:51:13.574714944,Europe,Home,219,25000.13,5503.19,4.3
2024-08-24 10:06:38.959791952,Asia,Clothing,522,47314.03,4673.61,6.2
2024-08-24 15:22:04.344868976,Europe,Beauty,67,37504.94,9017.74,7.0
2024-08-24 20:37:29.729945984,South America,Electronics,102,36661.86,9074.65,5.3
2024-08-25 01:52:55.115023008,North America,Sports,230,2794.49,8236.98,5.0
2024-08-25 07:08:20.500100016,Asia,Electronics,732,27708.65,3815.45,7.1
2024-08-25 12:23:45.885177040,Europe,Clothing,949,23616.08,7201.26,7.5
2024-08-25 17:39:11.270254048,Asia,Clothing,241,46428.19,4013.36,5.4
2024-08-25 22:54:36.655331056,Asia,Electronics,783,13238.43,2402.68,7.5
2024-08-26 04:10:02.040408080,Europe,Clothing,373,13856.76,3494.74,9.4
2024-08-26 09:25:27.425485088,Asia,Beauty,624,20861.64,802.55,6.8
2024-08-26 14:40:52.810562112,North America,Clothing,571,12546.8,3384.6,9.1
2024-08-26 19:56:18.195639120,South America,Sports,383,6894.6,4661.35,9.6
2024-08-27 01:11:43.580716144,South America,Beauty,631,42942.03,9559.26,4.6
2024-08-27 06:27:08.965793152,North America,Home,465,28134.69,3202.76,4.6
2024-08-27 11:42:34.350870176,Asia,Clothing,97,43137.45,9034.29,6.9
2024-08-27 16:57:59.735947184,Europe,Clothing,29,41641.17,2365.7,7.5
2024-08-27 22:13:25.121024208,Asia,Sports,23,14461.1,1990.59,6.6
2024-08-28 03:28:50.506101216,North America,Sports,142,27613.0,5238.06,6.0
2024-08-28 08:44:15.891178240,Asia,Electronics,946,4619.28,6757.86,7.8
2024-08-28 13:59:41.276255248,South America,Electronics,817,45804.97,538.89,4.0
2024-08-28 19:15:06.661332256,Asia,Electronics,43,20511.0,2288.55,9.8
2024-08-29 00:30:32.046409280,North America,Sports,901,19986.97,4611.27,5.4
2024-08-29 05:45:57.431486288,South America,Electronics,217,15486.39,3376.94,9.5
2024-08-29 11:01:22.816563312,Asia,Electronics,822,23302.86,7154.95,4.7
2024-08-29 16:16:48.201640320,Asia,Home,208,12962.09,5160.49,5.4
2024-08-29 21:32:13.586717344,South America,Electronics,601,19055.19,1687.56,5.4
2024-08-30 02:47:38.971794352,Europe,Clothing,592,40097.38,8955.21,10.0
2024-08-30 08:03:04.356871376,South America,Sports,164,41795.65,2999.77,4.0
2024-08-30 13:18:29.741948384,Europe,Beauty,599,15557.03,7338.2,7.8
2024-08-30 18:33:55.127025408,North America,Home,87,23716.21,7821.17,9.2
2024-08-30 23:49:20.512102416,North America,Sports,181,43754.08,9635.26,8.0
2024-08-31 05:04:45.897179440,South America,Sports,298,3107.33,5035.22,6.2
2024-08-31 10:20:11.282256448,South America,Clothing,554,44512.68,6196.77,9.7
2024-08-31 15:35:36.667333456,North America,Electronics,821,11349.63,3415.28,9.4
2024-08-31 20:51:02.052410480,Europe,Clothing,797,34087.69,6813.98,6.6
2024-09-01 02:06:27.437487488,North America,Electronics,888,29336.31,4687.5,7.4
2024-09-01 07:21:52.822564512,South America,Electronics,429,27870.57,4432.76,9.8
2024-09-01 12:37:18.207641520,North America,Sports,16,43038.33,8569.13,9.9
2024-09-01 17:52:43.592718544,South America,Electronics,169,5527.82,596.67,6.7
2024-09-01 23:08:08.977795552,South America,Home,249,17677.89,8831.43,9.1
2024-09-02 04:23:34.362872576,North America,Home,972,27143.51,8535.49,5.8
2024-09-02 09:38:59.747949584,Europe,Home,432,40658.8,5113.03,6.2
2024-09-02 14:54:25.133026608,Asia,Sports,998,11213.93,4953.01,5.0
2024-09-02 20:09:50.518103616,North America,Clothing,545,40245.03,3681.89,5.3
2024-09-03 01:25:15.903180640,Asia,Beauty,735,20282.1,9942.32,7.9
2024-09-03 06:40:41.288257648,North America,Electronics,79,9851.24,1200.58,7.1
2024-09-03 11:56:06.673334656,Asia,Beauty,889,38069.83,5943.13,5.4
2024-09-03 17:11:32.058411680,Europe,Clothing,225,4999.5,6848.65,6.4
2024-09-03 22:26:57.443488688,Europe,Clothing,113,25980.99,9349.87,6.2
2024-09-04 03:42:22.828565712,North America,Sports,736,3661.85,7824.01,9.9
2024-09-04 08:57:48.213642720,South America,Home,63,18142.68,6474.09,9.1
2024-09-04 14:13:13.598719744,Asia,Home,815,30253.3,1256.44,6.3
2024-09-04 19:28:38.983796752,South America,Clothing,339,28027.72,3799.96,9.5
2024-09-05 00:44:04.368873776,South America,Sports,857,20530.44,1474.53,6.1
2024-09-05 05:59:29.753950784,South America,Sports,212,21737.88,8824.01,8.0
2024-09-05 11:14:55.139027808,Europe,Electronics,297,11725.09,7521.25,9.8
2024-09-05 16:30:20.524104816,North America,Home,54,23066.19,7599.61,6.3
2024-09-05 21:45:45.909181840,North America,Clothing,838,47686.12,6557.34,8.1
2024-09-06 03:01:11.294258848,Europe,Beauty,207,42597.42,5119.73,5.8
2024-09-06 08:16:36.679335856,Europe,Home,225,7689.03,1584.71,5.6
2024-09-06 13:32:02.064412880,North America,Electronics,490,1974.15,3363.98,7.4
2024-09-06 18:47:27.449489888,South America,Sports,318,46709.45,1455.47,9.9
2024-09-07 00:02:52.834566912,Asia,Clothing,905,26574.11,7276.64,6.7
2024-09-07 05:18:18.219643920,Asia,Home,444,27122.97,1686.26,9.6
2024-09-07 10:33:43.604720944,Asia,Beauty,341,39145.54,7050.92,9.5
2024-09-07 15:49:08.989797952,South America,Electronics,705,16077.1,6953.33,5.5
2024-09-07 21:04:34.374874976,North America,Electronics,36,24354.42,4647.11,6.4
2024-09-08 02:19:59.759951984,Europe,Home,175,48448.81,1438.76,7.9
2024-09-08 07:35:25.145029008,North America,Beauty,327,33771.36,3216.53,7.1
2024-09-08 12:50:50.530106016,South America,Electronics,283,8110.38,3268.92,4.6
2024-09-08 18:06:15.915183040,Europe,Clothing,392,7094.72,7033.81,10.0
2024-09-08 23:21:41.300260048,South America,Electronics,374,10611.11,1226.06,8.5
2024-09-09 04:37:06.685337072,Asia,Beauty,112,38452.23,8307.78,6.6
2024-09-09 09:52:32.070414080,Asia,Sports,969,15121.16,7633.97,7.7
2024-09-09 15:07:57.455491088,South America,Sports,512,1558.75,1944.44,4.5
2024-09-09 20:23:22.840568112,Europe,Home,854,47236.63,7219.73,7.0
2024-09-10 01:38:48.225645120,Europe,Beauty,382,8900.81,6718.28,9.6
2024-09-10 06:54:13.610722144,North America,Electronics,625,973.13,7506.4,9.4
2024-09-10 12:09:38.995799152,Asia,Electronics,935,12238.01,1970.39,6.0
2024-09-10 17:25:04.380876176,North America,Sports,254,12133.92,1660.14,7.2
2024-09-10 22:40:29.765953184,North America,Sports,826,21389.26,2441.19,8.2
2024-09-11 03:55:55.151030208,South America,Clothing,178,46059.3,3722.13,6.0
2024-09-11 09:11:20.536107216,South America,Sports,637,44019.65,7957.28,4.4
2024-09-11 14:26:45.921184240,North America,Clothing,662,23116.28,7405.45,7.0
2024-09-11 19:42:11.306261248,Asia,Electronics,427,20839.55,9261.97,7.6
2024-09-12 00:57:36.691338272,South America,Clothing,365,27972.95,680.43,4.0
2024-09-12 06:13:02.076415280,North America,Clothing,487,12550.97,214.41,4.6
2024-09-12 11:28:27.461492288,North America,Home,134,3083.16,7021.47,5.2
2024-09-12 16:43:52.846569312,North America,Sports,546,46991.59,2864.95,6.1
2024-09-12 21:59:18.231646320,North America,Clothing,715,9741.6,3407.38,7.2
2024-09-13 03:14:43.616723344,North America,Electronics,905,10320.84,5513.34,5.8
2024-09-13 08:30:09.001800352,North America,Beauty,621,23886.79,1113.89,5.7
2024-09-13 13:45:34.386877376,South America,Clothing,411,24834.86,6462.67,9.2
2024-09-13 19:00:59.771954384,Asia,Sports,526,1412.49,3318.96,4.9
2024-09-14 00:16:25.157031408,North America,Home,540,7823.76,6363.88,7.0
2024-09-14 05:31:50.542108416,Europe,Electronics,691,19218.66,8356.67,9.7
2024-09-14 10:47:15.927185440,South America,Home,795,34344.67,1794.0,7.8
2024-09-14 16:02:41.312262448,South America,Beauty,263,11806.71,9315.64,8.3
2024-09-14 21:18:06.697339472,North America,Clothing,130,21439.22,5353.81,6.6
2024-09-15 02:33:32.082416480,South America,Clothing,41,28088.58,9236.98,4.1
2024-09-15 07:48:57.467493488,North America,Sports,670,44485.33,2156.53,7.9
2024-09-15 13:04:22.852570512,Asia,Clothing,787,16640.49,6085.17,7.8
2024-09-15 18:19:48.237647520,Asia,Electronics,46,7111.13,4098.48,4.7
2024-09-15 23:35:13.622724544,South America,Beauty,698,24718.98,7764.8,6.8
2024-09-16 04:50:39.007801552,South America,Home,351,37462.72,6098.5,9.5
2024-09-16 10:06:04.392878576,Europe,Beauty,22,5938.06,4995.7,5.2
2024-09-16 15:21:29.777955584,South America,Clothing,192,21521.83,9138.56,6.8
2024-09-16 20:36:55.163032608,Europe,Home,666,1380.36,3833.46,6.8
2024-09-17 01:52:20.548109616,Asia,Sports,274,2161.18,2277.8,8.9
2024-09-17 07:07:45.933186640,Asia,Beauty,97,24406.19,6120.2,8.9
2024-09-17 12:23:11.318263648,North America,Home,949,15260.77,6277.88,8.6
2024-09-17 17:38:36.703340672,Asia,Home,471,42332.81,4447.04,6.2
2024-09-17 22:54:02.088417680,Europe,Home,55,30306.64,4917.44,4.4
2024-09-18 04:09:27.473494688,South America,Electronics,401,22969.68,9599.58,6.1
2024-09-18 09:24:52.858571712,North America,Beauty,128,20692.8,7353.59,8.1
2024-09-18 14:40:18.243648720,Europe,Home,942,25113.65,1194.96,8.2
2024-09-18 19:55:43.628725744,South America,Beauty,540,2501.72,2200.09,9.8
2024-09-19 01:11:09.013802752,North America,Home,456,44693.27,9758.21,6.7
2024-09-19 06:26:34.398879776,Asia,Sports,741,49916.01,7292.01,7.8
2024-09-19 11:41:59.783956784,Europe,Sports,951,9483.61,9158.95,7.2
2024-09-19 16:57:25.169033808,South America,Sports,754,6458.96,3108.23,4.9
2024-09-19 22:12:50.554110816,North America,Clothing,615,7607.08,7444.48,6.8
2024-09-20 03:28:15.939187840,North America,Home,976,33220.84,7168.63,7.3
2024-09-20 08:43:41.324264848,Asia,Clothing,772,33241.32,3017.43,9.7
2024-09-20 13:59:06.709341872,South America,Beauty,771,42472.25,5553.08,6.2
2024-09-20 19:14:32.094418880,Asia,Clothing,803,37715.41,6311.41,9.9
2024-09-21 00:29:57.479495888,Asia,Beauty,753,22759.64,4863.2,7.3
2024-09-21 05:45:22.864572912,South America,Beauty,55,30836.34,8289.07,5.5
2024-09-21 11:00:48.249649920,South America,Beauty,895,34570.09,8345.4,5.1
2024-09-21 16:16:13.634726944,South America,Clothing,517,25880.46,8520.95,4.9
2024-09-21 21:31:39.019803952,Europe,Home,567,24044.72,8053.89,6.7
2024-09-22 02:47:04.404880976,South America,Clothing,980,32432.32,4932.03,4.1
2024-09-22 08:02:29.789957984,North America,Home,535,28094.99,3876.24,6.7
2024-09-22 13:17:55.175035008,Asia,Home,606,32375.14,8330.63,9.9
2024-09-22 18:33:20.560112016,Europe,Beauty,840,30836.31,4952.99,8.0
2024-09-22 23:48:45.945189040,South America,Clothing,849,36100.23,2539.08,8.6
2024-09-23 05:04:11.330266048,Europe,Home,12,32318.77,5122.7,4.7
2024-09-23 10:19:36.715343072,South America,Sports,37,26227.25,1504.31,6.8
2024-09-23 15:35:02.100420080,Europe,Home,390,34248.94,6947.13,5.7
2024-09-23 20:50:27.485497104,Asia,Sports,166,22749.36,3425.62,9.4
2024-09-24 02:05:52.870574112,Asia,Clothing,864,12462.73,2680.52,5.1
2024-09-24 07:21:18.255651120,North America,Clothing,923,570.2,9569.44,6.8
2024-09-24 12:36:43.640728144,North America,Clothing,940,28218.23,7791.12,7.5
2024-09-24 17:52:09.025805152,South America,Home,520,29737.43,7891.99,7.1
2024-09-24 23:07:34.410882176,Asia,Electronics,342,48616.42,6274.85,9.0
2024-09-25 04:22:59.795959184,Europe,Home,853,18393.18,8407.81,5.4
2024-09-25 09:38:25.181036208,Europe,Home,696,20009.6,7615.71,6.3
2024-09-25 14:53:50.566113216,Europe,Beauty,123,10489.08,6027.86,8.8
2024-09-25 20:09:15.951190240,North America,Beauty,398,3991.45,9615.13,7.2
2024-09-26 01:24:41.336267248,Europe,Home,496,38753.82,1996.79,6.4
2024-09-26 06:40:06.721344272,North America,Sports,852,12859.21,9439.46,4.2
2024-09-26 11:55:32.106421280,North America,Beauty,259,30640.79,4074.24,8.5
2024-09-26 17:10:57.491498304,South America,Home,580,34544.77,5331.15,9.8
2024-09-26 22:26:22.876575312,Europe,Electronics,724,23826.22,1315.12,7.7
2024-09-27 03:41:48.261652320,Europe,Sports,324,43879.43,5447.06,9.1
2024-09-27 08:57:13.646729344,Asia,Clothing,248,22467.84,6150.95,7.1
2024-09-27 14:12:39.031806352,South America,Home,243,14602.98,9977.25,5.4
2024-09-27 19:28:04.416883376,Asia,Home,312,44852.77,9754.4,4.1
2024-09-28 00:43:29.801960384,South America,Sports,616,43147.43,9667.33,7.9
2024-09-28 05:58:55.187037408,Europe,Beauty,662,8619.98,3549.04,7.0
2024-09-28 11:14:20.572114416,North America,Beauty,343,1785.07,9913.54,8.7
2024-09-28 16:29:45.957191440,North America,Beauty,122,4954.29,4609.23,8.2
2024-09-28 21:45:11.342268448,North America,Clothing,630,14684.1,8533.18,9.9
2024-09-29 03:00:36.727345472,North America,Sports,371,48626.86,2241.57,7.1
2024-09-29 08:16:02.112422480,North America,Sports,866,28146.55,5107.75,6.6
2024-09-29 13:31:27.497499504,Asia,Beauty,810,18976.46,9663.52,5.7
2024-09-29 18:46:52.882576512,South America,Beauty,106,44491.45,9475.61,6.9
2024-09-30 00:02:18.267653520,Europe,Electronics,967,22930.25,6868.98,9.2
2024-09-30 05:17:43.652730544,Asia,Electronics,856,16104.31,7998.36,4.3
2024-09-30 10:33:09.037807552,South America,Home,25,47090.37,1846.62,9.9
2024-09-30 15:48:34.422884576,North America,Home,565,42551.12,7244.42,10.0
2024-09-30 21:03:59.807961584,South America,Sports,963,42261.58,6218.7,7.6
2024-10-01 02:19:25.193038608,South America,Sports,385,25858.09,1006.36,6.0
2024-10-01 07:34:50.578115616,North America,Clothing,751,39577.2,1220.27,5.3
2024-10-01 12:50:15.963192640,North America,Clothing,399,9377.99,1173.59,5.7
2024-10-01 18:05:41.348269648,North America,Electronics,629,28874.54,7271.13,4.3
2024-10-01 23:21:06.733346672,Europe,Home,226,49200.37,1502.98,6.9
2024-10-02 04:36:32.118423680,North America,Electronics,408,14902.44,4730.55,4.3
2024-10-02 09:51:57.503500704,Europe,Electronics,269,39820.44,3634.12,8.3
2024-10-02 15:07:22.888577712,North America,Home,833,24778.68,5549.99,6.2
2024-10-02 20:22:48.273654720,Europe,Clothing,329,2470.38,7094.12,5.2
2024-10-03 01:38:13.658731744,South America,Home,205,38269.46,6878.75,7.3
2024-10-03 06:53:39.043808752,Asia,Beauty,487,8844.17,5203.65,9.8
2024-10-03 12:09:04.428885776,South America,Beauty,427,31757.94,4696.92,8.2
2024-10-03 17:24:29.813962784,South America,Beauty,484,4740.38,4038.37,7.0
2024-10-03 22:39:55.199039808,North America,Sports,616,47369.94,8632.91,8.7
2024-10-04 03:55:20.584116816,Europe,Clothing,577,14940.33,3375.43,8.4
2024-10-04 09:10:45.969193840,Asia,Clothing,553,11710.0,2667.72,9.4
2024-10-04 14:26:11.354270848,North America,Sports,240,6892.25,7458.82,5.2
2024-10-04 19:41:36.739347872,North America,Electronics,893,47327.11,3661.66,9.2
2024-10-05 00:57:02.124424880,North America,Beauty,530,35739.24,8485.29,5.8
2024-10-05 06:12:27.509501904,South America,Beauty,712,37212.21,3346.1,9.6
2024-10-05 11:27:52.894578912,Europe,Electronics,882,25220.53,7049.25,5.7
2024-10-05 16:43:18.279655920,Europe,Home,209,23999.03,546.58,9.6
2024-10-05 21:58:43.664732944,Asia,Home,855,5946.05,3917.07,9.8
2024-10-06 03:14:09.049809952,Europe,Clothing,682,28212.13,3497.98,4.9
2024-10-06 08:29:34.434886976,Europe,Sports,608,12722.37,8185.12,9.8
2024-10-06 13:44:59.819963984,North America,Clothing,30,48868.69,9673.85,4.5
2024-10-06 19:00:25.205041008,North America,Home,320,39930.76,4662.72,5.3
2024-10-07 00:15:50.590118016,South America,Electronics,597,20943.11,8265.88,6.7
2024-10-07 05:31:15.975195040,North America,Clothing,962,7991.39,7026.98,10.0
2024-10-07 10:46:41.360272048,North America,Beauty,907,39373.92,9677.12,6.9
2024-10-07 16:02:06.745349072,North America,Beauty,662,6541.66,8129.97,7.3
2024-10-07 21:17:32.130426080,North America,Electronics,647,9872.02,867.03,8.2
2024-10-08 02:32:57.515503104,South America,Home,772,10970.27,7161.49,9.8
2024-10-08 07:48:22.900580112,North America,Beauty,909,28066.09,5401.45,8.7
2024-10-08 13:03:48.285657136,Asia,Beauty,605,39459.3,262.72,5.3
2024-10-08 18:19:13.670734144,Asia,Sports,443,16058.59,2588.0,5.8
2024-10-08 23:34:39.055811152,Asia,Clothing,380,4691.16,9225.38,4.6
2024-10-09 04:50:04.440888176,Asia,Home,569,23494.65,9268.01,7.9
2024-10-09 10:05:29.825965184,North America,Clothing,900,37531.46,8008.62,5.1
2024-10-09 15:20:55.211042208,Asia,Home,87,11472.36,9819.62,5.5
2024-10-09 20:36:20.596119216,North America,Beauty,551,11386.27,8084.8,9.3
2024-10-10 01:51:45.981196240,South America,Sports,294,47387.74,201.02,6.0
2024-10-10 07:07:11.366273248,Asia,Clothing,657,47730.61,2949.56,7.4
2024-10-10 12:22:36.751350272,Europe,Beauty,149,49528.05,403.18,6.4
2024-10-10 17:38:02.136427280,Asia,Home,562,40479.15,1031.67,4.4
2024-10-10 22:53:27.521504304,Asia,Clothing,291,9815.12,2266.52,6.2
2024-10-11 04:08:52.906581312,North America,Clothing,571,10993.09,5085.23,6.4
2024-10-11 09:24:18.291658336,Asia,Beauty,267,17341.15,8490.57,9.4
2024-10-11 14:39:43.676735344,Europe,Clothing,832,16247.56,8633.47,5.9
2024-10-11 19:55:09.061812352,North America,Sports,369,47848.12,6200.4,6.3
2024-10-12 01:10:34.446889376,North America,Sports,449,39559.16,9288.94,8.7
2024-10-12 06:25:59.831966384,South America,Beauty,279,36338.44,5050.62,8.6
2024-10-12 11:41:25.217043408,South America,Home,143,9705.18,8901.46,8.8
2024-10-12 16:56:50.602120416,Asia,Beauty,755,45521.52,4595.25,9.7
2024-10-12 22:12:15.987197440,South America,Sports,649,41479.58,2844.53,8.8
2024-10-13 03:27:41.372274448,South America,Electronics,113,8600.27,9172.49,6.4
2024-10-13 08:43:06.757351472,South America,Electronics,775,43622.93,3940.56,8.9
2024-10-13 13:58:32.142428480,North America,Clothing,104,13976.25,5083.7,7.1
2024-10-13 19:13:57.527505504,North America,Clothing,858,4503.05,3355.72,5.7
2024-10-14 00:29:22.912582512,North America,Electronics,738,33012.7,6662.09,5.8
2024-10-14 05:44:48.297659536,South America,Sports,582,32863.33,9950.81,5.3
2024-10-14 11:00:13.682736544,North America,Clothing,489,5199.13,352.58,4.9
2024-10-14 16:15:39.067813552,South America,Beauty,789,16283.16,9008.5,5.1
2024-10-14 21:31:04.452890576,North America,Beauty,250,49644.32,138.87,4.4
2024-10-15 02:46:29.837967584,North America,Sports,22,34082.12,3705.86,9.3
2024-10-15 08:01:55.223044608,Europe,Clothing,156,36638.72,1769.21,9.6
2024-10-15 13:17:20.608121616,Asia,Beauty,949,11039.41,7597.68,7.5
2024-10-15 18:32:45.993198640,South America,Clothing,761,4399.71,601.05,9.0
2024-10-15 23:48:11.378275648,Europe,Clothing,610,14206.63,5579.5,5.1
2024-10-16 05:03:36.763352672,North America,Beauty,104,12820.47,3019.77,9.4
2024-10-16 10:19:02.148429680,South America,Electronics,836,12109.93,1423.34,7.0
2024-10-16 15:34:27.533506704,North America,Beauty,302,10041.34,7741.0,4.4
2024-10-16 20:49:52.918583712,Asia,Sports,34,28950.41,2252.43,4.8
2024-10-17 02:05:18.303660736,Europe,Home,281,16741.12,2314.38,5.9
2024-10-17 07:20:43.688737744,Asia,Beauty,514,41107.08,2823.26,4.3
2024-10-17 12:36:09.073814752,Europe,Clothing,175,9605.4,5908.99,5.9
2024-10-17 17:51:34.458891776,North America,Clothing,948,23499.04,6630.69,4.4
2024-10-17 23:06:59.843968784,Asia,Beauty,771,1176.06,274.26,5.4
2024-10-18 04:22:25.229045808,Asia,Home,96,24343.27,2494.51,5.6
2024-10-18 09:37:50.614122816,North America,Beauty,663,3263.99,4366.61,10.0
2024-10-18 14:53:15.999199840,Asia,Home,655,48897.31,3386.57,5.4
2024-10-18 20:08:41.384276848,South America,Home,994,39634.31,8853.29,5.4
2024-10-19 01:24:06.769353872,Europe,Sports,800,24760.52,7898.32,8.1
2024-10-19 06:39:32.154430880,Europe,Clothing,647,4786.07,6296.31,9.2
2024-10-19 11:54:57.539507904,Europe,Clothing,837,29826.05,3446.62,6.3
2024-10-19 17:10:22.924584912,South America,Home,500,38058.81,7036.66,9.3
2024-10-19 22:25:48.309661936,Europe,Clothing,917,9940.5,8452.02,6.0
2024-10-20 03:41:13.694738944,North America,Electronics,150,28626.31,5988.82,5.2
2024-10-20 08:56:39.079815952,Asia,Home,877,40803.44,7866.17,6.0
2024-10-20 14:12:04.464892976,South America,Clothing,112,38528.26,7516.14,7.7
2024-10-20 19:27:29.849969984,Europe,Electronics,235,40248.1,5760.2,6.2
2024-10-21 00:42:55.235047008,North America,Sports,911,44026.51,3190.61,8.0
2024-10-21 05:58:20.620124016,Asia,Clothing,584,46915.26,7483.24,5.4
2024-10-21 11:13:46.005201040,Asia,Electronics,303,20573.3,2147.28,8.2
2024-10-21 16:29:11.390278048,South America,Beauty,905,28654.07,7816.93,6.1
2024-10-21 21:44:36.775355072,South America,Beauty,315,39637.65,8065.01,6.7
2024-10-22 03:00:02.160432080,South America,Electronics,263,35008.42,8239.23,7.3
2024-10-22 08:15:27.545509104,North America,Home,189,49778.25,4781.87,8.1
2024-10-22 13:30:52.930586112,North America,Home,49,1177.04,2005.56,5.4
2024-10-22 18:46:18.315663136,South America,Clothing,785,18079.09,1087.26,9.0
2024-10-23 00:01:43.700740144,Europe,Beauty,710,14410.88,7459.28,8.3
2024-10-23 05:17:09.085817152,Asia,Home,529,13484.63,8873.99,5.4
2024-10-23 10:32:34.470894176,Asia,Home,625,11515.22,6543.3,9.8
2024-10-23 15:47:59.855971184,North America,Beauty,746,35601.63,1527.18,8.0
2024-10-23 21:03:25.241048208,Asia,Sports,555,4695.59,9355.47,6.7
2024-10-24 02:18:50.626125216,Europe,Home,245,37209.64,9892.11,4.9
2024-10-24 07:34:16.011202240,Asia,Electronics,472,34824.58,4390.45,7.2
2024-10-24 12:49:41.396279248,North America,Clothing,237,12914.8,5988.77,5.0
2024-10-24 18:05:06.781356272,North America,Home,709,13015.27,7794.56,6.6
2024-10-24 23:20:32.166433280,Europe,Home,834,31628.6,7390.26,6.5
2024-10-25 04:35:57.551510304,Europe,Sports,492,38227.47,9681.09,8.3
2024-10-25 09:51:22.936587312,Asia,Electronics,439,43886.04,1237.34,5.2
2024-10-25 15:06:48.321664336,Asia,Clothing,31,42680.91,5849.18,8.9
2024-10-25 20:22:13.706741344,North America,Home,352,48261.71,6950.12,6.0
2024-10-26 01:37:39.091818368,Europe,Clothing,49,29278.55,8911.97,6.7
2024-10-26 06:53:04.476895376,Europe,Beauty,182,45478.45,8753.69,8.6
2024-10-26 12:08:29.861972384,Europe,Home,448,40521.41,9782.2,7.8
2024-10-26 17:23:55.247049408,Asia,Home,188,44786.05,5169.58,5.8
2024-10-26 22:39:20.632126416,Europe,Beauty,607,1075.52,8324.53,6.3
2024-10-27 03:54:46.017203440,North America,Sports,142,48312.2,4330.09,5.8
2024-10-27 09:10:11.402280448,North America,Home,360,23939.74,4280.91,7.6
2024-10-27 14:25:36.787357472,Asia,Clothing,534,40010.06,2608.15,6.0
2024-10-27 19:41:02.172434480,South America,Electronics,549,6796.6,8200.55,8.4
2024-10-28 00:56:27.557511504,Asia,Clothing,515,20099.08,9859.57,7.5
2024-10-28 06:11:52.942588512,South America,Sports,93,13937.3,2637.78,4.9
2024-10-28 11:27:18.327665536,Europe,Electronics,473,14937.11,655.7,5.9
2024-10-28 16:42:43.712742544,Asia,Clothing,839,6601.15,8173.87,5.3
2024-10-28 21:58:09.097819568,North America,Clothing,870,40385.31,6240.28,6.3
2024-10-29 03:13:34.482896576,Europe,Beauty,352,957.49,9601.02,7.1
2024-10-29 08:28:59.867973584,North America,Sports,289,15969.02,2597.17,7.0
2024-10-29 13:44:25.253050608,Europe,Beauty,875,9133.32,803.17,8.5
2024-10-29 18:59:50.638127616,Asia,Electronics,272,29657.43,4975.18,5.1
2024-10-30 00:15:16.023204640,South America,Beauty,175,13085.49,946.11,9.7
2024-10-30 05:30:41.408281648,Europe,Sports,302,13320.42,2691.72,6.1
2024-10-30 10:46:06.793358672,South America,Home,518,24672.74,1347.18,5.8
2024-10-30 16:01:32.178435680,Europe,Home,589,32808.11,2318.91,8.1
2024-10-30 21:16:57.563512704,North America,Electronics,235,6504.58,1150.83,8.8
2024-10-31 02:32:22.948589712,North America,Home,179,9187.82,9543.67,6.3
2024-10-31 07:47:48.333666736,Europe,Beauty,607,12735.15,2857.77,8.5
2024-10-31 13:03:13.718743744,South America,Electronics,654,48700.54,4494.59,9.3
2024-10-31 18:18:39.103820768,Asia,Sports,457,20159.05,8996.26,8.6
2024-10-31 23:34:04.488897776,Asia,Electronics,699,30150.01,6805.48,4.2
2024-11-01 04:49:29.873974784,North America,Electronics,864,12456.37,6218.57,9.0
2024-11-01 10:04:55.259051808,Asia,Clothing,511,24777.75,7085.08,8.6
2024-11-01 15:20:20.644128816,North America,Clothing,773,4168.9,8305.34,8.0
2024-11-01 20:35:46.029205840,Asia,Electronics,536,2219.74,8788.93,8.6
2024-11-02 01:51:11.414282848,Europe,Home,744,23702.31,6462.13,9.9
2024-11-02 07:06:36.799359872,North America,Clothing,388,20233.63,8911.07,6.6
2024-11-02 12:22:02.184436880,North America,Sports,210,7275.58,5400.44,4.4
2024-11-02 17:37:27.569513904,Europe,Beauty,628,34536.27,2845.18,6.8
2024-11-02 22:52:52.954590912,North America,Clothing,259,49648.72,8812.76,4.3
2024-11-03 04:08:18.339667936,Asia,Electronics,958,20084.52,5460.58,5.8
2024-11-03 09:23:43.724744944,Asia,Home,418,31415.65,9070.76,7.5
2024-11-03 14:39:09.109821968,North America,Beauty,610,48167.31,497.66,5.9
2024-11-03 19:54:34.494898976,Asia,Clothing,134,41660.98,4035.41,8.1
2024-11-04 01:09:59.879975984,South America,Home,122,23445.84,9483.27,8.9
2024-11-04 06:25:25.265053008,North America,Home,990,37005.73,2571.54,6.5
2024-11-04 11:40:50.650130016,Europe,Home,146,6842.68,9421.21,9.4
2024-11-04 16:56:16.035207040,South America,Electronics,768,25849.14,9543.63,4.5
2024-11-04 22:11:41.420284048,North America,Sports,505,14313.48,8833.21,9.0
2024-11-05 03:27:06.805361072,Europe,Home,687,8477.6,5680.31,9.0
2024-11-05 08:42:32.190438080,Asia,Beauty,159,21600.9,6504.7,5.9
2024-11-05 13:57:57.575515104,Europe,Clothing,884,6985.22,8709.21,5.8
2024-11-05 19:13:22.960592112,South America,Beauty,352,35099.76,7781.38,5.8
2024-11-06 00:28:48.345669136,Asia,Electronics,954,23083.88,6337.93,8.9
2024-11-06 05:44:13.730746144,North America,Electronics,589,26791.66,9824.37,9.0
2024-11-06 10:59:39.115823168,Asia,Beauty,742,7745.61,6888.2,6.0
2024-11-06 16:15:04.500900176,North America,Sports,792,7418.7,9757.27,7.6
2024-11-06 21:30:29.885977184,North America,Electronics,330,29379.06,668.15,4.8
2024-11-07 02:45:55.271054208,Europe,Electronics,831,49257.98,1475.71,6.8
2024-11-07 08:01:20.656131216,Europe,Beauty,935,5264.4,4569.44,10.0
2024-11-07 13:16:46.041208240,Europe,Electronics,870,14643.71,3910.31,5.0
2024-11-07 18:32:11.426285248,South America,Sports,541,43538.23,7849.07,9.7
2024-11-07 23:47:36.811362272,South America,Sports,298,4077.46,1690.08,8.9
2024-11-08 05:03:02.196439280,Europe,Sports,498,43856.34,9763.34,9.8
2024-11-08 10:18:27.581516304,South America,Clothing,501,26452.16,3219.15,5.1
2024-11-08 15:33:52.966593312,Asia,Sports,621,20709.21,4346.34,5.3
2024-11-08 20:49:18.351670336,Asia,Sports,261,15829.19,2819.98,4.1
2024-11-09 02:04:43.736747344,South America,Clothing,991,15207.3,5835.7,8.3
2024-11-09 07:20:09.121824368,South America,Home,86,15637.23,680.42,7.9
2024-11-09 12:35:34.506901376,Asia,Electronics,656,44297.75,1581.81,5.1
2024-11-09 17:50:59.891978400,North America,Sports,401,36327.86,7483.4,8.7
2024-11-09 23:06:25.277055408,Asia,Electronics,421,33651.29,1946.36,5.8
2024-11-10 04:21:50.662132416,Asia,Beauty,182,40038.08,2431.59,4.8
2024-11-10 09:37:16.047209440,South America,Electronics,884,13227.18,7950.52,6.5
2024-11-10 14:52:41.432286448,Asia,Clothing,210,31093.12,1023.68,4.5
2024-11-10 20:08:06.817363472,South America,Electronics,226,23273.28,4430.99,5.6
2024-11-11 01:23:32.202440480,South America,Electronics,385,39230.86,328.33,6.2
2024-11-11 06:38:57.587517504,Europe,Electronics,729,15808.18,3533.39,9.1
2024-11-11 11:54:22.972594512,Asia,Home,595,32337.34,7019.92,8.8
2024-11-11 17:09:48.357671536,North America,Home,20,44169.51,992.02,6.7
2024-11-11 22:25:13.742748544,Europe,Beauty,808,20406.45,8894.51,8.3
2024-11-12 03:40:39.127825568,South America,Clothing,777,3797.79,9104.04,7.4
2024-11-12 08:56:04.512902576,South America,Electronics,21,26044.52,1139.4,6.0
2024-11-12 14:11:29.897979600,North America,Electronics,901,17625.64,9908.25,8.4
2024-11-12 19:26:55.283056608,South America,Electronics,599,33775.16,3045.54,8.1
2024-11-13 00:42:20.668133616,Asia,Electronics,444,47576.13,932.61,7.7
2024-11-13 05:57:46.053210640,Europe,Home,693,24537.61,150.16,7.7
2024-11-13 11:13:11.438287648,South America,Beauty,617,23576.42,4144.38,8.1
2024-11-13 16:28:36.823364672,South America,Sports,827,32901.95,6335.12,6.3
2024-11-13 21:44:02.208441680,North America,Clothing,382,5623.13,3388.57,9.2
2024-11-14 02:59:27.593518704,Asia,Electronics,282,13048.56,8383.5,5.0
2024-11-14 08:14:52.978595712,South America,Beauty,940,45989.48,7194.4,9.3
2024-11-14 13:30:18.363672736,North America,Sports,906,33662.16,3566.6,6.1
2024-11-14 18:45:43.748749744,South America,Beauty,934,1165.48,7369.67,4.8
2024-11-15 00:01:09.133826768,North America,Home,700,10628.96,9410.83,7.6
2024-11-15 05:16:34.518903776,North America,Sports,585,34300.44,1021.65,6.3
2024-11-15 10:31:59.903980800,Asia,Beauty,518,38337.76,3130.43,8.9
2024-11-15 15:47:25.289057808,South America,Home,141,42073.05,4686.93,6.6
2024-11-15 21:02:50.674134816,Asia,Beauty,864,14962.75,5030.1,8.0
2024-11-16 02:18:16.059211840,North America,Beauty,933,46585.92,5467.74,5.8
2024-11-16 07:33:41.444288848,Europe,Sports,793,27870.87,3076.21,5.3
2024-11-16 12:49:06.829365872,South America,Home,328,34978.68,6705.87,6.3
2024-11-16 18:04:32.214442880,Europe,Electronics,853,30038.57,6486.34,7.6
2024-11-16 23:19:57.599519904,South America,Clothing,958,6575.63,5820.43,7.9
2024-11-17 04:35:22.984596912,Asia,Sports,862,48174.18,1226.24,7.5
2024-11-17 09:50:48.369673936,Asia,Home,630,6582.34,4821.98,9.9
2024-11-17 15:06:13.754750944,Asia,Beauty,794,13116.66,3626.65,8.1
2024-11-17 20:21:39.139827968,Asia,Home,177,40774.58,4961.28,9.6
2024-11-18 01:37:04.524904976,Asia,Clothing,406,31120.55,9226.48,4.7
2024-11-18 06:52:29.909982000,Europe,Clothing,189,41988.38,4857.26,4.4
2024-11-18 12:07:55.295059008,Asia,Electronics,67,26028.94,238.41,5.9
2024-11-18 17:23:20.680136016,North America,Electronics,489,19161.17,4444.48,4.8
2024-11-18 22:38:46.065213040,North America,Clothing,942,46131.35,8224.42,7.2
2024-11-19 03:54:11.450290048,Europe,Sports,600,2294.49,7822.6,7.1
2024-11-19 09:09:36.835367072,South America,Sports,469,42878.45,5182.56,7.5
2024-11-19 14:25:02.220444080,North America,Beauty,70,11925.48,2572.71,8.5
2024-11-19 19:40:27.605521104,South America,Electronics,378,42512.45,4704.38,9.8
2024-11-20 00:55:52.990598112,Europe,Beauty,130,7390.23,5680.65,9.3
2024-11-20 06:11:18.375675136,South America,Electronics,728,29220.84,9998.73,4.7
2024-11-20 11:26:43.760752144,South America,Clothing,555,44461.34,6477.36,6.0
2024-11-20 16:42:09.145829168,South America,Sports,591,23940.21,6973.22,5.5
2024-11-20 21:57:34.530906176,South America,Sports,26,37455.05,4965.4,5.1
2024-11-21 03:12:59.915983200,Europe,Clothing,505,40331.25,3609.45,7.3
2024-11-21 08:28:25.301060208,North America,Beauty,506,36956.46,8148.23,7.3
2024-11-21 13:43:50.686137216,Asia,Beauty,514,46303.82,4999.83,5.4
2024-11-21 18:59:16.071214240,South America,Home,541,22618.29,9947.43,8.3
2024-11-22 00:14:41.456291248,North America,Electronics,978,9069.71,4625.49,8.4
2024-11-22 05:30:06.841368272,North America,Beauty,324,2866.65,773.2,4.1
2024-11-22 10:45:32.226445280,Europe,Clothing,78,12699.76,6857.52,6.4
2024-11-22 16:00:57.611522304,North America,Beauty,736,7588.28,561.75,9.3
2024-11-22 21:16:22.996599312,Europe,Sports,170,28118.46,2579.97,7.1
2024-11-23 02:31:48.381676336,South America,Electronics,623,9654.79,3602.01,6.1
2024-11-23 07:47:13.766753344,South America,Home,897,2427.22,7420.89,5.5
2024-11-23 13:02:39.151830368,Asia,Electronics,727,2281.5,4992.94,5.5
2024-11-23 18:18:04.536907376,Asia,Sports,154,41662.69,383.59,4.6
2024-11-23 23:33:29.921984400,Asia,Sports,578,29776.77,6206.81,8.9
2024-11-24 04:48:55.307061408,North America,Sports,604,18225.22,4173.22,4.5
2024-11-24 10:04:20.692138432,South America,Sports,394,44764.29,9226.16,5.8
2024-11-24 15:19:46.077215440,Europe,Clothing,278,3974.73,5045.67,4.3
2024-11-24 20:35:11.462292448,Asia,Home,932,49025.94,7118.85,8.7
2024-11-25 01:50:36.847369472,Europe,Sports,463,31006.44,2266.8,4.2
2024-11-25 07:06:02.232446480,Europe,Sports,708,9581.48,7633.64,5.8
2024-11-25 12:21:27.617523504,Asia,Beauty,527,34113.92,7237.46,7.4
2024-11-25 17:36:53.002600512,South America,Home,874,38287.37,9050.41,6.5
2024-11-25 22:52:18.387677536,Asia,Electronics,359,21752.47,434.83,5.7
2024-11-26 04:07:43.772754544,Europe,Home,119,43150.81,4530.26,5.7
2024-11-26 09:23:09.157831568,Asia,Home,492,7961.25,6823.64,8.8
2024-11-26 14:38:34.542908576,Europe,Home,416,14302.46,1042.12,9.8
2024-11-26 19:53:59.927985600,Europe,Sports,659,5127.87,4164.98,6.1
2024-11-27 01:09:25.313062608,Asia,Sports,60,10938.45,9427.25,4.2
2024-11-27 06:24:50.698139632,North America,Clothing,412,12317.08,4415.75,4.2
2024-11-27 11:40:16.083216640,Asia,Electronics,572,45922.84,9855.51,8.6
2024-11-27 16:55:41.468293648,North America,Beauty,485,4366.43,662.71,7.3
2024-11-27 22:11:06.853370672,Europe,Home,96,21657.05,7206.51,8.7
2024-11-28 03:26:32.238447680,Europe,Electronics,77,26853.74,5852.06,8.2
2024-11-28 08:41:57.623524704,North America,Electronics,605,44985.31,5055.34,9.4
2024-11-28 13:57:23.008601712,Europe,Clothing,988,49885.96,9711.39,9.3
2024-11-28 19:12:48.393678736,North America,Beauty,51,37792.71,1383.54,8.7
2024-11-29 00:28:13.778755744,North America,Home,740,48554.15,8970.39,6.9
2024-11-29 05:43:39.163832768,Europe,Beauty,66,39461.51,6943.28,5.8
2024-11-29 10:59:04.548909776,South America,Clothing,747,48178.53,2664.06,7.0
2024-11-29 16:14:29.933986800,North America,Sports,205,35509.9,9026.52,7.0
2024-11-29 21:29:55.319063808,Asia,Electronics,769,4448.29,4350.02,7.7
2024-11-30 02:45:20.704140832,Asia,Home,687,20395.05,8160.85,5.1
2024-11-30 08:00:46.089217840,Europe,Sports,71,32506.57,3949.48,7.9
2024-11-30 13:16:11.474294848,South America,Clothing,272,17860.57,8524.22,6.7
2024-11-30 18:31:36.859371872,Europe,Beauty,121,14032.5,6402.63,7.7
2024-11-30 23:47:02.244448880,South America,Electronics,774,29081.26,1496.36,5.4
2024-12-01 05:02:27.629525904,North America,Home,720,46708.34,6531.67,6.6
2024-12-01 10:17:53.014602912,North America,Sports,187,2231.6,1994.31,5.3
2024-12-01 15:33:18.399679936,North America,Sports,957,38576.94,4178.03,9.3
2024-12-01 20:48:43.784756944,North America,Electronics,35,36275.0,1785.93,6.9
2024-12-02 02:04:09.169833968,Asia,Beauty,419,48215.69,317.96,5.3
2024-12-02 07:19:34.554910976,Asia,Clothing,767,46570.21,2197.68,4.2
2024-12-02 12:34:59.939988000,Europe,Beauty,540,38230.51,5410.08,8.1
2024-12-02 17:50:25.325065008,South America,Beauty,786,26260.23,4867.45,5.3
2024-12-02 23:05:50.710142032,North America,Beauty,326,10611.24,5064.82,9.9
2024-12-03 04:21:16.095219040,North America,Electronics,541,27489.17,2552.1,7.2
2024-12-03 09:36:41.480296048,South America,Electronics,115,38384.92,6883.1,5.7
2024-12-03 14:52:06.865373072,South America,Clothing,758,44835.63,7072.21,7.9
2024-12-03 20:07:32.250450080,Europe,Beauty,827,39590.74,3643.88,5.7
2024-12-04 01:22:57.635527104,South America,Electronics,473,10165.71,8823.58,8.9
2024-12-04 06:38:23.020604112,North America,Clothing,255,30184.47,6475.83,5.8
2024-12-04 11:53:48.405681136,North America,Clothing,90,16942.59,7159.09,9.9
2024-12-04 17:09:13.790758144,North America,Beauty,671,955.68,2845.67,7.6
2024-12-04 22:24:39.175835168,North America,Home,918,10410.94,106.06,9.1
2024-12-05 03:40:04.560912176,North America,Beauty,405,6104.42,8667.22,4.4
2024-12-05 08:55:29.945989200,Europe,Home,531,42214.6,8242.0,6.1
2024-12-05 14:10:55.331066208,North America,Clothing,842,13296.06,1319.6,8.4
2024-12-05 19:26:20.716143232,Europe,Electronics,745,14592.55,3803.64,7.9
2024-12-06 00:41:46.101220240,North America,Sports,935,48016.86,6647.26,5.2
2024-12-06 05:57:11.486297248,Asia,Clothing,273,19264.79,6555.9,6.1
2024-12-06 11:12:36.871374272,Asia,Electronics,670,974.49,8617.47,5.6
2024-12-06 16:28:02.256451280,Asia,Clothing,799,14550.38,1488.65,7.7
2024-12-06 21:43:27.641528304,Asia,Beauty,283,6405.33,4356.4,6.1
2024-12-07 02:58:53.026605312,Europe,Home,715,5589.02,1062.52,5.9
2024-12-07 08:14:18.411682336,Europe,Clothing,953,4335.62,3956.99,5.2
2024-12-07 13:29:43.796759344,South America,Electronics,181,29866.34,249.56,6.5
2024-12-07 18:45:09.181836368,North America,Beauty,274,9872.71,8992.9,5.2
2024-12-08 00:00:34.566913376,Asia,Sports,972,18381.52,5317.74,9.8
2024-12-08 05:15:59.951990400,Europe,Beauty,831,43169.88,8513.04,4.9
2024-12-08 10:31:25.337067408,North America,Home,35,21504.74,693.06,9.5
2024-12-08 15:46:50.722144432,North America,Beauty,478,45826.72,2351.84,6.6
2024-12-08 21:02:16.107221440,Europe,Sports,871,25147.93,2667.86,6.3
2024-12-09 02:17:41.492298464,Asia,Electronics,485,20242.41,3928.25,5.4
2024-12-09 07:33:06.877375472,South America,Clothing,365,37644.25,8048.38,7.8
2024-12-09 12:48:32.262452480,North America,Home,35,4122.17,3926.92,8.1
2024-12-09 18:03:57.647529504,South America,Sports,43,4929.18,2126.07,6.8
2024-12-09 23:19:23.032606512,Asia,Home,273,32772.7,743.4,4.3
2024-12-10 04:34:48.417683536,Asia,Beauty,147,24603.57,886.97,9.5
2024-12-10 09:50:13.802760544,South America,Home,825,39625.55,7624.47,9.9
2024-12-10 15:05:39.187837568,Asia,Sports,704,45855.41,4503.55,6.6
2024-12-10 20:21:04.572914576,North America,Clothing,884,19724.16,7289.19,7.7
2024-12-11 01:36:29.957991600,South America,Clothing,763,30022.3,6854.64,6.7
2024-12-11 06:51:55.343068608,Asia,Home,575,25284.48,1440.09,5.9
2024-12-11 12:07:20.728145632,South America,Electronics,471,49089.73,1514.59,4.5
2024-12-11 17:22:46.113222640,North America,Home,177,41638.68,7577.89,6.7
2024-12-11 22:38:11.498299664,Asia,Beauty,640,45631.02,7240.56,8.9
2024-12-12 03:53:36.883376672,North America,Clothing,664,13089.83,3842.5,4.1
2024-12-12 09:09:02.268453680,Asia,Clothing,90,38740.06,866.48,7.5
2024-12-12 14:24:27.653530704,Europe,Clothing,766,13640.92,219.77,9.3
2024-12-12 19:39:53.038607712,Asia,Electronics,923,10832.76,2952.75,5.3
2024-12-13 00:55:18.423684736,South America,Electronics,873,47241.17,191.3,5.1
2024-12-13 06:10:43.808761744,Asia,Sports,879,1455.57,2377.72,8.6
2024-12-13 11:26:09.193838768,North America,Home,416,48286.74,4253.06,5.5
2024-12-13 16:41:34.578915776,North America,Home,583,7888.46,1302.02,5.2
2024-12-13 21:56:59.963992800,Asia,Beauty,55,41062.19,1132.35,6.3
2024-12-14 03:12:25.349069808,South America,Clothing,608,14158.17,8974.73,6.4
2024-12-14 08:27:50.734146832,Europe,Electronics,620,17859.77,5896.15,9.2
2024-12-14 13:43:16.119223840,South America,Beauty,816,11229.51,9351.11,7.7
2024-12-14 18:58:41.504300864,Europe,Beauty,920,29482.95,3523.68,6.4
2024-12-15 00:14:06.889377872,North America,Electronics,62,17730.73,6803.73,7.2
2024-12-15 05:29:32.274454880,South America,Home,993,33040.96,2126.45,9.7
2024-12-15 10:44:57.659531904,Europe,Clothing,713,1274.54,6221.57,4.7
2024-12-15 16:00:23.044608912,Asia,Home,968,3686.56,1382.9,5.2
2024-12-15 21:15:48.429685936,North America,Beauty,485,5433.23,120.6,9.8
2024-12-16 02:31:13.814762944,Asia,Clothing,601,21240.19,9322.16,9.7
2024-12-16 07:46:39.199839968,North America,Sports,25,40832.41,5593.45,5.1
2024-12-16 13:02:04.584916976,South America,Beauty,369,44464.81,9276.71,4.9
2024-12-16 18:17:29.969994000,South America,Home,496,12618.13,3404.93,6.5
2024-12-16 23:32:55.355071008,North America,Home,847,28931.3,3345.08,4.3
2024-12-17 04:48:20.740148032,North America,Home,715,38534.07,4066.48,7.9
2024-12-17 10:03:46.125225040,North America,Electronics,511,14797.06,7089.81,4.5
2024-12-17 15:19:11.510302064,South America,Beauty,150,20745.88,5701.51,4.3
2024-12-17 20:34:36.895379072,Europe,Clothing,629,26436.72,9261.01,6.9
2024-12-18 01:50:02.280456080,Asia,Home,824,7176.3,351.86,9.7
2024-12-18 07:05:27.665533104,Asia,Home,786,1786.12,7111.14,6.6
2024-12-18 12:20:53.050610112,South America,Electronics,456,8063.89,3370.24,6.1
2024-12-18 17:36:18.435687136,Asia,Clothing,299,31529.25,1884.31,10.0
2024-12-18 22:51:43.820764144,North America,Beauty,218,4144.1,5152.92,7.2
2024-12-19 04:07:09.205841168,Europe,Sports,484,9889.97,5100.13,6.3
2024-12-19 09:22:34.590918176,Asia,Electronics,422,17223.77,1456.41,6.3
2024-12-19 14:37:59.975995200,Europe,Beauty,686,4354.57,2098.77,5.2
2024-12-19 19:53:25.361072208,North America,Sports,436,9989.11,4140.83,7.1
2024-12-20 01:08:50.746149232,Asia,Home,863,45607.85,4147.23,6.6
2024-12-20 06:24:16.131226240,South America,Home,380,1455.31,3243.83,5.6
2024-12-20 11:39:41.516303264,Europe,Clothing,841,32844.88,1570.6,5.0
2024-12-20 16:55:06.901380272,North America,Sports,673,19528.24,143.3,5.9
2024-12-20 22:10:32.286457280,Europe,Home,976,33796.11,9705.33,7.1
2024-12-21 03:25:57.671534304,Asia,Home,299,29640.24,9440.64,4.3
2024-12-21 08:41:23.056611312,Asia,Clothing,441,11563.19,4888.14,4.9
2024-12-21 13:56:48.441688336,South America,Beauty,277,42436.87,9951.01,9.7
2024-12-21 19:12:13.826765344,North America,Home,160,24851.05,6769.18,7.3
2024-12-22 00:27:39.211842368,North America,Electronics,728,41215.53,781.69,4.4
2024-12-22 05:43:04.596919376,South America,Electronics,264,20597.62,1265.41,8.2
2024-12-22 10:58:29.981996400,South America,Beauty,362,49241.93,9169.5,4.4
2024-12-22 16:13:55.367073408,North America,Sports,386,38639.22,6337.52,8.4
2024-12-22 21:29:20.752150432,Europe,Clothing,662,48314.54,8447.52,8.5
2024-12-23 02:44:46.137227440,Europe,Electronics,864,25959.16,8992.87,7.9
2024-12-23 08:00:11.522304464,South America,Electronics,367,23947.71,4534.63,8.4
2024-12-23 13:15:36.907381472,Europe,Beauty,617,37894.96,580.41,4.5
2024-12-23 18:31:02.292458496,North America,Sports,950,44074.42,1963.98,8.4
2024-12-23 23:46:27.677535504,Asia,Sports,379,48225.22,759.06,4.8
2024-12-24 05:01:53.062612512,Asia,Beauty,236,16565.32,1968.52,6.0
2024-12-24 10:17:18.447689536,Europe,Electronics,714,40035.88,4164.28,9.7
2024-12-24 15:32:43.832766544,South America,Clothing,312,10926.96,1270.15,7.0
2024-12-24 20:48:09.217843568,South America,Electronics,835,27505.93,1750.66,9.8
2024-12-25 02:03:34.602920576,South America,Sports,398,9402.48,4513.64,4.5
2024-12-25 07:18:59.987997600,South America,Electronics,386,17696.17,3467.69,6.9
2024-12-25 12:34:25.373074608,South America,Clothing,982,46602.24,4729.82,4.4
2024-12-25 17:49:50.758151632,Europe,Home,127,7731.49,4348.8,7.8
2024-12-25 23:05:16.143228640,Asia,Electronics,14,31803.84,6480.33,4.5
2024-12-26 04:20:41.528305664,Asia,Beauty,453,29851.24,9378.18,5.1
2024-12-26 09:36:06.913382672,Europe,Home,361,6476.55,1167.86,5.6
2024-12-26 14:51:32.298459696,South America,Beauty,764,16635.96,1082.68,8.5
2024-12-26 20:06:57.683536704,Europe,Beauty,542,28367.58,8542.78,5.0
2024-12-27 01:22:23.068613712,Asia,Beauty,673,9765.34,5113.33,9.1
2024-12-27 06:37:48.453690736,North America,Electronics,649,40130.87,7687.41,4.8
2024-12-27 11:53:13.838767744,Europe,Sports,133,48621.75,2232.68,4.2
2024-12-27 17:08:39.223844768,South America,Home,667,11130.59,8305.74,6.4
2024-12-27 22:24:04.608921776,Asia,Clothing,286,9752.14,9246.08,9.9
2024-12-28 03:39:29.993998800,Asia,Sports,831,23019.29,6391.28,4.7
2024-12-28 08:54:55.379075808,Asia,Electronics,403,37514.38,1148.2,4.6
2024-12-28 14:10:20.764152832,Asia,Beauty,673,14439.23,8963.42,8.5
2024-12-28 19:25:46.149229840,South America,Clothing,369,1484.06,7945.63,5.9
2024-12-29 00:41:11.534306864,North America,Home,632,27290.42,7533.69,8.3
2024-12-29 05:56:36.919383872,Asia,Sports,478,47851.73,463.61,5.2
2024-12-29 11:12:02.304460896,Europe,Sports,994,19868.2,8009.73,6.8
2024-12-29 16:27:27.689537904,North America,Clothing,637,21296.66,1465.72,5.6
2024-12-29 21:42:53.074614912,Asia,Electronics,709,48460.63,2301.62,6.7
2024-12-30 02:58:18.459691936,North America,Home,66,34883.08,5813.63,8.6
2024-12-30 08:13:43.844768944,Europe,Clothing,260,36099.01,2723.31,8.6
2024-12-30 13:29:09.229845968,Asia,Beauty,905,28353.75,6647.35,7.1
2024-12-30 18:44:34.614922976,Europe,Home,928,48743.16,6119.9,9.6
2024-12-31 00:00:00.000000000,South America,Sports,159,34598.89,1170.68,5.6
