Timestamp,User_ID,Page_Visited,Device_Type,Region,Session_Duration,Bounce_Rate,Conversion,Page_Load_Time
1/1/2024 0:00,user_103,Home,Mobile,Europe,195.72,0.93,0,2.23
1/1/2024 0:15,user_436,Login,Mobile,North America,447.93,0.87,0,3.58
1/1/2024 0:30,user_861,Search,Tablet,Europe,582.88,0.13,0,0.97
1/1/2024 0:45,user_271,Login,Desktop,South America,265.63,0.17,0,9.53
1/1/2024 1:00,user_107,Checkout,Mobile,North America,517.31,0.36,0,6.02
1/1/2024 1:15,user_72,Checkout,Desktop,South America,341.69,0.29,0,8.24
1/1/2024 1:30,user_701,Checkout,Mobile,Africa,98.56,0.61,0,4.52
1/1/2024 1:45,user_21,Profile,Desktop,South America,415.92,0.9,0,9.08
1/1/2024 2:00,user_615,Help,Tablet,South America,310.49,0.96,0,5.09
1/1/2024 2:15,user_122,Profile,Desktop,Europe,392.11,0.65,0,5.95
1/1/2024 2:30,user_467,Home,Desktop,Africa,534.36,0.84,0,5.17
1/1/2024 2:45,user_215,Checkout,Desktop,South America,267.06,0.53,0,7.47
1/1/2024 3:00,user_331,Search,Desktop,South America,541.2,0.21,0,5.88
1/1/2024 3:15,user_459,Login,Desktop,Africa,451.65,0.52,1,3.08
1/1/2024 3:30,user_88,Help,Tablet,Africa,295.72,0.56,0,1.88
1/1/2024 3:45,user_373,Product,Mobile,North America,363.92,0.74,0,6.26
1/1/2024 4:00,user_100,Search,Desktop,Europe,198.72,0.22,0,
1/1/2024 4:15,user_872,Help,Tablet,Africa,590.24,0.37,0,1.41
1/1/2024 4:30,user_664,Profile,Desktop,Africa,,0.36,0,4.26
1/1/2024 4:45,user_131,Profile,Desktop,Asia,31.09,0.96,0,5.39
1/1/2024 5:00,user_662,Search,Mobile,Africa,199.34,0.44,0,8.36
1/1/2024 5:15,user_309,Profile,Desktop,Europe,375.87,0.76,0,1.22
1/1/2024 5:30,user_770,Checkout,Tablet,South America,38.52,0.75,0,3.81
1/1/2024 5:45,user_344,Home,Tablet,South America,19.21,0.27,0,8.32
1/1/2024 6:00,user_492,Login,Mobile,South America,272.76,0.57,0,6.66
1/1/2024 6:15,user_414,Home,Desktop,South America,202.95,0.89,0,3.25
1/1/2024 6:30,user_806,Help,Tablet,Asia,265.79,0.48,0,8.53
1/1/2024 6:45,user_386,Login,Desktop,Africa,161.3,0.95,0,5.19
1/1/2024 7:00,user_192,Login,Desktop,South America,103.01,0.21,0,5.23
1/1/2024 7:15,user_956,Home,Desktop,North America,415.04,0.07,0,9.78
1/1/2024 7:30,user_277,Search,Mobile,South America,311.17,0.89,0,9.5
1/1/2024 7:45,user_161,Login,Desktop,Africa,124.09,0.85,0,3.91
1/1/2024 8:00,user_460,Home,Tablet,South America,195.16,0.99,0,1.84
1/1/2024 8:15,user_314,Login,Desktop,Asia,357.13,0.68,0,3.59
1/1/2024 8:30,user_22,Product,Tablet,Europe,47.98,0.94,0,0.79
1/1/2024 8:45,user_253,Search,Desktop,Europe,92.73,0.83,0,0.7
1/1/2024 9:00,user_748,Checkout,Tablet,Africa,48.58,0.84,0,
1/1/2024 9:15,user_857,Login,Tablet,Europe,488.33,0.57,0,9.44
1/1/2024 9:30,user_561,Product,Desktop,Europe,452.68,0.38,0,8.78
1/1/2024 9:45,user_475,Checkout,Desktop,North America,453.22,0.93,1,5.36
1/1/2024 10:00,user_59,Checkout,Tablet,Africa,431.21,0.43,0,5.87
1/1/2024 10:15,user_511,Help,Mobile,Africa,403.28,0.54,0,0.56
1/1/2024 10:30,user_682,Login,Desktop,Europe,288.81,0.45,0,2.55
1/1/2024 10:45,user_476,Home,Mobile,Europe,387.16,0.56,0,0.74
1/1/2024 11:00,user_700,Login,Desktop,Europe,27.83,0.47,0,7.67
1/1/2024 11:15,user_976,Product,Desktop,Asia,374.77,0.05,0,1.88
1/1/2024 11:30,user_783,Checkout,Desktop,South America,467.84,0.88,0,8.76
1/1/2024 11:45,user_190,Login,Desktop,Asia,,0.44,0,6.61
1/1/2024 12:00,user_958,Home,Mobile,Africa,217.72,0.59,0,2.68
1/1/2024 12:15,user_687,Help,Desktop,North America,170.07,0.14,0,2
1/1/2024 12:30,user_958,Login,,South America,387.47,0,0,
1/1/2024 12:45,user_563,Search,Tablet,North America,417.22,0.25,0,9.06
1/1/2024 13:00,user_876,Help,Mobile,Africa,523.23,0.7,0,7.32
1/1/2024 13:15,user_567,Home,Desktop,Africa,208.69,0.1,0,3.81
1/1/2024 13:30,user_244,Product,Tablet,North America,463.01,0.91,0,6.08
1/1/2024 13:45,user_832,Checkout,Mobile,North America,339.01,1.5,0,3.45
1/1/2024 14:00,user_505,Login,Desktop,North America,530.29,0.2,0,9.99
1/1/2024 14:15,user_131,Home,Tablet,Africa,319.05,0.18,0,7.61
1/1/2024 14:30,user_485,Help,Tablet,Europe,312.99,0.01,1,6.34
1/1/2024 14:45,user_819,Search,Mobile,North America,348.84,0.77,0,4.52
1/1/2024 15:00,user_647,Home,Desktop,South America,450.84,0.88,0,6.37
1/1/2024 15:15,user_21,Profile,Desktop,Africa,578.99,0.61,0,3.75
1/1/2024 15:30,user_841,Search,,Asia,48.77,0.19,0,0.77
1/1/2024 15:45,user_167,Help,Tablet,Asia,36.79,0.29,0,4.25
1/1/2024 16:00,user_274,Product,Tablet,South America,562.84,0.48,1,9.34
1/1/2024 16:15,user_388,Checkout,Desktop,Europe,320.28,0.95,0,6.45
1/1/2024 16:30,user_601,Help,Mobile,North America,370.87,0.25,0,1.3
1/1/2024 16:45,user_316,Product,Mobile,Africa,292.04,0.73,0,8.91
1/1/2024 17:00,user_14,Login,Desktop,North America,60.73,0.44,0,3.05
1/1/2024 17:15,user_242,Home,Mobile,Africa,,0.3,0,2.82
1/1/2024 17:30,user_777,Profile,Tablet,Asia,449.6,0.46,0,3.32
1/1/2024 17:45,user_346,Search,Mobile,North America,190.46,0.07,1,5.98
1/1/2024 18:00,user_565,Search,Mobile,South America,187.21,0.8,0,5.67
1/1/2024 18:15,user_898,Home,Mobile,Europe,503.52,0.24,0,5.17
1/1/2024 18:30,user_340,Profile,Tablet,South America,48.05,0.73,0,7.32
1/1/2024 18:45,user_92,Home,Desktop,Europe,529.26,0.07,0,3.51
1/1/2024 19:00,user_367,Login,Tablet,North America,157.71,0.96,0,7.93
1/1/2024 19:15,user_956,Product,Desktop,North America,357.83,,0,2.17
1/1/2024 19:30,user_455,Help,Desktop,Europe,561.92,0.88,0,7.93
1/1/2024 19:45,user_428,Search,Desktop,Asia,408.48,0.81,0,6.81
1/1/2024 20:00,user_509,Login,Mobile,Africa,251.59,0.97,1,6.99
1/1/2024 20:15,user_776,Product,Mobile,South America,415.27,0.48,0,5.07
1/1/2024 20:30,user_943,Login,Desktop,South America,209.67,,0,6.84
1/1/2024 20:45,user_35,Profile,Desktop,South America,169.97,0.37,0,
1/1/2024 21:00,user_206,Search,Mobile,North America,598.03,0.18,1,8.59
1/1/2024 21:15,user_81,Help,Tablet,South America,,0.44,0,1.03
1/1/2024 21:30,user_932,Home,Desktop,Africa,388.61,0.17,0,1.91
1/1/2024 21:45,user_562,Home,Tablet,Africa,216.4,0.98,0,5.98
1/1/2024 22:00,user_872,Product,Mobile,Europe,34.25,0.1,0,7.52
1/1/2024 22:15,user_388,Help,Desktop,North America,23.48,0.59,0,1.22
1/1/2024 22:30,user_2,Checkout,Tablet,Africa,334.74,0.63,0,9.25
1/1/2024 22:45,user_390,Profile,Tablet,Asia,458.41,0.54,0,9.75
1/1/2024 23:00,user_566,Product,Tablet,North America,324.74,0.66,1,6.26
1/1/2024 23:15,user_106,Checkout,Mobile,North America,505.27,0.12,0,5.07
1/1/2024 23:30,user_772,Login,Mobile,Africa,24.89,0.56,0,7.54
1/1/2024 23:45,user_822,Profile,Tablet,Asia,223.22,0.29,0,3.62
1/2/2024 0:00,user_477,Login,Tablet,Europe,146.06,0.94,0,5.19
1/2/2024 0:15,user_703,Help,Mobile,Africa,271.13,,0,9.2
1/2/2024 0:30,user_402,Search,Tablet,Asia,48.06,0.97,0,9.58
1/2/2024 0:45,user_730,Profile,Tablet,North America,572.71,0.04,0,9.31
1/2/2024 1:00,user_556,Checkout,Mobile,Asia,137.84,0.29,0,2.99
1/2/2024 1:15,user_162,Search,Tablet,North America,553.77,0.2,0,2.71
1/2/2024 1:30,user_202,Home,Tablet,Africa,258.41,0.01,0,3.33
1/2/2024 1:45,user_958,Checkout,Tablet,Africa,591.39,0.24,0,4.69
1/2/2024 2:00,user_996,Product,Mobile,South America,334.66,0.68,0,3.48
1/2/2024 2:15,user_270,Home,Tablet,South America,558.85,0.23,0,4.06
1/2/2024 2:30,user_863,Home,Mobile,South America,8.18,0.51,0,6.4
1/2/2024 2:45,user_816,Product,Mobile,Africa,450.2,0.89,0,
1/2/2024 3:00,user_271,Profile,Desktop,Europe,542.32,0.69,1,
1/2/2024 3:15,user_456,Home,,Africa,88.13,0.39,1,
1/2/2024 3:30,user_462,Help,Tablet,Asia,62.19,0.37,1,0.81
1/2/2024 3:45,user_727,Checkout,Mobile,Africa,257.62,,0,0.95
1/2/2024 4:00,user_252,Search,Desktop,Africa,560.54,0.18,0,8
1/2/2024 4:15,user_702,Home,Tablet,North America,327.72,0.63,0,5.56
1/2/2024 4:30,user_296,Checkout,Desktop,North America,318.84,0.36,0,5.99
1/2/2024 4:45,user_725,Login,Desktop,North America,88.97,0.85,0,1
1/2/2024 5:00,user_720,Checkout,Mobile,Africa,5.47,0.76,1,2.93
1/2/2024 5:15,user_749,Search,Mobile,Europe,-10,0.61,0,6.56
1/2/2024 5:30,user_338,Checkout,Desktop,Asia,57.11,0.36,0,8.66
1/2/2024 5:45,user_879,Product,Desktop,Asia,382.14,0.21,0,9.21
1/2/2024 6:00,user_53,Search,Mobile,Europe,549.2,,1,5.25
1/2/2024 6:15,user_792,Profile,Tablet,Europe,129.15,0.49,0,5.68
1/2/2024 6:30,user_922,Login,,Asia,400.84,0.22,0,8.41
1/2/2024 6:45,user_217,Product,Desktop,South America,51.83,0.2,0,5.61
1/2/2024 7:00,user_764,Profile,Tablet,North America,364.23,0.17,0,5.41
1/2/2024 7:15,user_188,Checkout,Desktop,North America,102.54,,0,9.1
1/2/2024 7:30,user_380,Search,Tablet,Asia,442.89,0.23,0,8
1/2/2024 7:45,user_493,Login,Desktop,Europe,184.23,0.53,0,9.14
1/2/2024 8:00,user_41,Product,Tablet,South America,280.72,0.45,0,2.57
1/2/2024 8:15,user_157,Profile,Tablet,Asia,361.66,0.58,0,5.48
1/2/2024 8:30,user_15,Profile,Desktop,North America,106.91,0.88,1,8.5
1/2/2024 8:45,user_813,Login,Tablet,Africa,446.27,0.87,0,1.56
1/2/2024 9:00,user_65,Help,Mobile,Europe,185.07,0.45,0,8.05
1/2/2024 9:15,user_857,Checkout,Desktop,Africa,399.11,0.02,0,2.24
1/2/2024 9:30,user_839,Login,,Asia,99.18,0.43,0,8.18
1/2/2024 9:45,user_521,Profile,Desktop,North America,414.43,,0,6.31
1/2/2024 10:00,user_344,Home,Tablet,South America,81.27,0.56,0,2.34
1/2/2024 10:15,user_129,Product,Tablet,Africa,258.09,0.65,0,5
1/2/2024 10:30,user_648,Login,Tablet,South America,152.09,0.15,0,6.98
1/2/2024 10:45,user_472,Help,Desktop,North America,450.28,0.65,0,6.52
1/2/2024 11:00,user_63,Profile,Mobile,Africa,160.91,0.18,0,4.56
1/2/2024 11:15,user_139,Checkout,Mobile,South America,529.62,0.75,0,9.04
1/2/2024 11:30,user_499,Profile,Desktop,South America,535.63,0.34,0,
1/2/2024 11:45,user_593,Checkout,Desktop,Africa,121.88,,0,5.31
1/2/2024 12:00,user_392,Login,Mobile,North America,,0.05,0,1.09
1/2/2024 12:15,user_675,Checkout,Mobile,South America,57.19,,0,9.26
1/2/2024 12:30,user_419,Search,Mobile,Asia,237.96,0.71,0,2.18
1/2/2024 12:45,user_289,Search,Mobile,Africa,429.43,0.23,1,5.52
1/2/2024 13:00,user_379,Search,Desktop,Europe,397.36,0.8,0,8.13
1/2/2024 13:15,user_773,Help,Desktop,Europe,376.7,0.63,0,2.55
1/2/2024 13:30,user_490,Help,Tablet,North America,173.11,0.59,0,5.51
1/2/2024 13:45,user_231,Home,Mobile,Asia,229.92,0.35,0,2.79
1/2/2024 14:00,user_41,Help,Tablet,South America,66.25,0.48,0,7.72
1/2/2024 14:15,user_28,Login,Desktop,Europe,432.82,0.6,0,5.86
1/2/2024 14:30,user_135,Profile,Desktop,North America,304.81,0.47,0,8.63
1/2/2024 14:45,user_201,Profile,Tablet,Asia,426.72,0.7,0,9
1/2/2024 15:00,user_840,Home,Mobile,Asia,153.12,0.43,0,6.66
1/2/2024 15:15,user_780,Help,Mobile,North America,198.04,0.2,0,7.39
1/2/2024 15:30,user_930,Checkout,Mobile,North America,203.86,0.21,0,5.72
1/2/2024 15:45,user_33,Home,Mobile,South America,20.32,0.01,1,4.15
1/2/2024 16:00,user_48,Checkout,Tablet,North America,207.92,0.3,2,6.66
1/2/2024 16:15,user_503,Checkout,Tablet,South America,482.97,0.75,0,
1/2/2024 16:30,user_407,Product,Desktop,South America,538.89,0.79,0,4.46
1/2/2024 16:45,user_574,Profile,Mobile,Africa,313.34,0.2,0,3.49
1/2/2024 17:00,user_728,Search,Mobile,Asia,276.02,0.96,1,4.19
1/2/2024 17:15,user_805,Help,Mobile,Asia,23.34,0.5,0,4.64
1/2/2024 17:30,user_99,Checkout,Tablet,Asia,528.13,0.92,0,1.2
1/2/2024 17:45,user_684,Product,Mobile,Africa,12.74,0.71,0,5.24
1/2/2024 18:00,user_872,Profile,Tablet,South America,567.13,0.72,0,5.2
1/2/2024 18:15,user_726,Search,Mobile,South America,296.08,0.09,0,6.09
1/2/2024 18:30,user_987,Checkout,Mobile,North America,208.45,0.22,0,3.95
1/2/2024 18:45,user_547,Checkout,Desktop,Africa,554.91,0.01,0,6.32
1/2/2024 19:00,user_961,Home,Mobile,North America,19.51,0.72,0,8.84
1/2/2024 19:15,user_739,Home,Mobile,Africa,350.95,0.34,0,9.58
1/2/2024 19:30,user_613,Profile,Desktop,North America,331.61,0.79,0,6.04
1/2/2024 19:45,user_943,Search,Tablet,Europe,135.5,0.34,0,0.9
1/2/2024 20:00,user_462,Checkout,Tablet,Asia,260.19,0.82,0,9.71
1/2/2024 20:15,user_643,Profile,Mobile,Asia,393.1,0.13,0,7.21
1/2/2024 20:30,user_769,Profile,Tablet,South America,437.64,0.17,0,3.69
1/2/2024 20:45,user_5,Login,Mobile,Europe,5.43,0.34,0,1.9
1/2/2024 21:00,user_218,Help,Desktop,Asia,562.43,0.41,1,1.86
1/2/2024 21:15,user_503,Home,Desktop,South America,102.89,0.35,0,2.09
1/2/2024 21:30,user_767,Search,Mobile,Europe,143.98,0.76,1,0.93
1/2/2024 21:45,user_398,Checkout,Desktop,Asia,161.77,0.1,0,9.07
1/2/2024 22:00,user_871,Profile,Desktop,North America,,0.35,0,5.64
1/2/2024 22:15,user_795,Checkout,Mobile,Africa,78.22,0.84,0,7.15
1/2/2024 22:30,user_393,Login,Mobile,Europe,591.88,0.07,1,8.37
1/2/2024 22:45,user_207,Search,Desktop,South America,192.55,0.94,0,8.02
1/2/2024 23:00,user_15,Profile,Tablet,Europe,73.6,0.99,0,8.88
1/2/2024 23:15,user_858,Checkout,Tablet,South America,68.66,0.09,0,9.69
1/2/2024 23:30,user_554,Home,Mobile,Europe,433.08,0.29,0,4.67
1/2/2024 23:45,user_892,Help,Mobile,South America,513.47,0.37,0,9.53
1/3/2024 0:00,user_461,Login,Tablet,Asia,157.89,0.78,0,7.37
1/3/2024 0:15,user_691,Search,Desktop,North America,17.44,0.6,0,1.17
1/3/2024 0:30,user_575,Login,Tablet,Asia,137.74,0.64,0,6.98
1/3/2024 0:45,user_864,Home,Tablet,North America,38.63,0.76,0,7.02
1/3/2024 1:00,user_743,Search,Tablet,Asia,66.52,0.12,0,9.11
1/3/2024 1:15,user_241,Login,Tablet,Asia,261.75,0.83,0,
1/3/2024 1:30,user_564,Product,Mobile,Europe,141.8,0.71,0,6.06
1/3/2024 1:45,user_96,Home,Mobile,Africa,311.99,0.58,0,0.62
1/3/2024 2:00,user_900,Home,Desktop,South America,155.83,0.89,0,3.65
1/3/2024 2:15,user_734,Home,Desktop,South America,564.62,0.7,0,1.09
1/3/2024 2:30,user_485,Product,Desktop,South America,544.04,0.2,0,5.46
1/3/2024 2:45,user_407,Product,,North America,342.25,0.43,0,8.27
1/3/2024 3:00,user_231,Checkout,Tablet,South America,215.88,0.49,0,2.46
1/3/2024 3:15,user_749,Profile,Mobile,South America,231.78,0.06,0,5.51
1/3/2024 3:30,user_655,Help,Mobile,Europe,250.05,0.95,1,2.44
1/3/2024 3:45,user_171,Login,Desktop,Asia,437.91,0.13,0,1.65
1/3/2024 4:00,user_541,Checkout,Desktop,South America,273.73,0.7,0,5.35
1/3/2024 4:15,user_36,Login,Tablet,Africa,514.75,,0,1.25
1/3/2024 4:30,user_525,Help,Tablet,South America,566.74,0.03,0,6.08
1/3/2024 4:45,user_160,Profile,Desktop,North America,204.89,0.92,0,0.8
1/3/2024 5:00,user_839,Product,Mobile,North America,,0.85,0,1.51
1/3/2024 5:15,user_699,Profile,Mobile,North America,61.56,0.52,0,5.72
1/3/2024 5:30,user_243,Product,Mobile,South America,124.28,0.23,0,6.12
1/3/2024 5:45,user_86,Help,Desktop,Europe,251.01,,0,0.78
1/3/2024 6:00,user_796,Profile,,Africa,127.69,0.36,0,5.95
1/3/2024 6:15,user_578,Checkout,Tablet,South America,526.55,0.26,1,8.47
1/3/2024 6:30,user_682,Search,Tablet,Europe,99.18,0.51,0,7.36
1/3/2024 6:45,user_557,Checkout,Desktop,Europe,276.12,0.97,0,1.75
1/3/2024 7:00,user_574,Login,Tablet,South America,365.39,0.57,1,6.13
1/3/2024 7:15,user_953,Checkout,Desktop,South America,416.66,0.89,0,6.89
1/3/2024 7:30,user_646,Help,Mobile,Europe,232.93,0.65,0,0.85
1/3/2024 7:45,user_796,Home,Mobile,Europe,522.11,,0,8.63
1/3/2024 8:00,user_28,Login,Mobile,Europe,343.15,0.85,0,9.11
1/3/2024 8:15,user_620,Profile,Tablet,South America,,0.47,0,8.58
1/3/2024 8:30,user_556,Login,Desktop,Europe,45.01,0.87,0,8.33
1/3/2024 8:45,user_340,Search,Mobile,North America,281.49,0.29,0,7.58
1/3/2024 9:00,user_798,Product,,South America,493.34,0.13,0,6.52
1/3/2024 9:15,user_958,Profile,Mobile,North America,370.65,0.86,0,6.95
1/3/2024 9:30,user_331,Login,Tablet,Asia,500.14,0.59,0,8.16
1/3/2024 9:45,user_640,Profile,Tablet,South America,298.94,0.89,0,6.79
1/3/2024 10:00,user_506,Profile,Desktop,Asia,75.48,0.94,0,3.61
1/3/2024 10:15,user_348,Profile,Tablet,Europe,13.12,0.05,0,4.07
1/3/2024 10:30,user_473,Product,Tablet,Europe,185.42,0.5,0,9.02
1/3/2024 10:45,user_231,Help,Desktop,Africa,420.3,0.37,0,0.66
1/3/2024 11:00,user_190,Checkout,Mobile,Europe,475.2,0.63,1,7.14
1/3/2024 11:15,user_225,Profile,Tablet,Asia,180.97,0.79,0,9.57
1/3/2024 11:30,user_385,Home,Desktop,Europe,299.91,0.28,0,7.21
1/3/2024 11:45,user_377,Help,Tablet,South America,255.57,0.56,0,9.94
1/3/2024 12:00,user_283,Search,Tablet,Europe,249.26,0.71,0,7.03
1/3/2024 12:15,user_958,Product,Tablet,Africa,142.65,0.13,0,0.83
1/3/2024 12:30,user_633,Login,Tablet,Europe,86.14,0.81,0,8.36
1/3/2024 12:45,user_628,Product,Desktop,Asia,122.03,0.61,0,3.2
1/3/2024 13:00,user_973,Login,Desktop,Asia,37.92,0.95,0,4.74
1/3/2024 13:15,user_745,Product,Desktop,Europe,122.89,0.34,0,3.46
1/3/2024 13:30,user_259,Login,Tablet,Asia,10.47,0.11,2,3.05
1/3/2024 13:45,user_359,Profile,Tablet,Asia,378.22,0.51,0,4.6
1/3/2024 14:00,user_710,Checkout,Tablet,Africa,193.24,0.09,0,4.1
1/3/2024 14:15,user_456,Login,Desktop,South America,584.02,0.97,0,6.52
1/3/2024 14:30,user_411,Login,Tablet,Africa,120.26,0.04,0,
1/3/2024 14:45,user_649,Home,Mobile,North America,210.77,,0,3.32
1/3/2024 15:00,user_318,Login,Tablet,Africa,217.92,0.53,0,2.53
1/3/2024 15:15,user_677,Home,Mobile,Europe,10.03,0.37,0,6.84
1/3/2024 15:30,user_225,Search,Tablet,South America,504.33,0.07,0,6.87
1/3/2024 15:45,user_819,Profile,Desktop,Europe,24.04,0.62,0,9.06
1/3/2024 16:00,user_234,Home,Tablet,North America,564.41,0.59,0,0.65
1/3/2024 16:15,user_684,Checkout,Mobile,South America,535.78,0.28,0,8.6
1/3/2024 16:30,user_664,Help,Mobile,Asia,323.64,0.91,0,5.45
1/3/2024 16:45,user_975,Profile,,Africa,328.44,0.3,0,6.4
1/3/2024 17:00,user_827,Home,Mobile,Europe,394,0.45,0,1.37
1/3/2024 17:15,user_374,Profile,Mobile,North America,235.29,0.54,0,4.61
1/3/2024 17:30,user_672,Profile,Desktop,Asia,390.1,0.1,0,2.66
1/3/2024 17:45,user_608,Profile,Tablet,Africa,31.64,0.93,1,2.92
1/3/2024 18:00,user_472,Search,Tablet,Asia,37.16,0.37,0,5.29
1/3/2024 18:15,user_233,Checkout,Tablet,Africa,277.05,0.08,0,8.22
1/3/2024 18:30,user_692,Product,Mobile,South America,,0.39,0,7.57
1/3/2024 18:45,user_113,Product,Tablet,Asia,533.25,0.6,0,6.11
1/3/2024 19:00,user_830,Home,Tablet,Asia,67.27,0.51,0,5.62
1/3/2024 19:15,user_497,Profile,Desktop,Asia,494.48,0.69,1,
1/3/2024 19:30,user_442,Home,Desktop,South America,129.98,0.06,0,9.74
1/3/2024 19:45,user_564,Search,,North America,239.48,0.28,0,5.82
1/3/2024 20:00,user_268,Search,Mobile,Africa,193.38,0.82,0,2.91
1/3/2024 20:15,user_510,Login,Tablet,Asia,243.09,0.08,0,2.69
1/3/2024 20:30,user_807,Search,Desktop,South America,94.54,0.86,0,
1/3/2024 20:45,user_386,Login,Desktop,North America,304.62,0.09,0,5.47
1/3/2024 21:00,user_387,Checkout,Desktop,Africa,481.98,0.83,0,0.57
1/3/2024 21:15,user_113,Home,Tablet,South America,267.71,0.36,1,8.39
1/3/2024 21:30,user_613,Help,Tablet,Africa,296.92,0.61,0,7.19
1/3/2024 21:45,user_625,Checkout,Tablet,Asia,510.02,0.15,0,6.79
1/3/2024 22:00,user_952,Search,Mobile,North America,425.1,0.07,0,1.15
1/3/2024 22:15,user_81,Checkout,Mobile,South America,296.82,0.22,0,
1/3/2024 22:30,user_699,Checkout,Desktop,North America,158.33,0.13,1,9.39
1/3/2024 22:45,user_113,Checkout,Tablet,Asia,531.53,0.31,0,8.69
1/3/2024 23:00,user_2,Search,Desktop,North America,,0.51,0,3.21
1/3/2024 23:15,user_642,Help,Tablet,North America,136.58,0.59,0,1.99
1/3/2024 23:30,user_220,Profile,Tablet,Europe,165.13,0.79,0,4.77
1/3/2024 23:45,user_566,Checkout,Tablet,North America,482.86,0.66,0,3.88
1/4/2024 0:00,user_855,Login,,Africa,31.27,0.61,0,6.98
1/4/2024 0:15,user_997,Search,Mobile,South America,595.29,0.41,0,
1/4/2024 0:30,user_736,Checkout,Tablet,Europe,82.56,0.47,1,3.95
1/4/2024 0:45,user_225,Help,Desktop,South America,478.66,0.41,0,1.09
1/4/2024 1:00,user_385,Profile,Tablet,South America,239.89,0.84,0,9.03
1/4/2024 1:15,user_403,Search,Tablet,Asia,297.87,0.23,0,0.86
1/4/2024 1:30,user_638,Product,Desktop,Asia,528.99,,0,9.55
1/4/2024 1:45,user_130,Profile,Tablet,Europe,250.68,0.65,0,6.81
1/4/2024 2:00,user_53,Login,Desktop,Asia,324.81,,0,9.45
1/4/2024 2:15,user_684,Checkout,Mobile,Asia,34.33,0.89,0,2.4
1/4/2024 2:30,user_730,Help,Mobile,Asia,6.4,0.86,0,0.89
1/4/2024 2:45,user_672,Product,Desktop,South America,150.66,0.08,0,5.14
1/4/2024 3:00,user_710,Help,Mobile,Europe,409.95,0.11,0,4.78
1/4/2024 3:15,user_416,Product,Mobile,South America,77.15,0.5,0,3.65
1/4/2024 3:30,user_247,Search,Desktop,Africa,72.69,0.61,1,9.6
1/4/2024 3:45,user_836,Product,Mobile,South America,249.52,0.27,0,8.31
1/4/2024 4:00,user_439,Login,Tablet,Africa,390.46,0.72,0,6.79
1/4/2024 4:15,user_203,Login,Tablet,North America,428.68,0.59,0,2.05
1/4/2024 4:30,user_184,Home,Desktop,North America,111.18,0.32,0,7.48
1/4/2024 4:45,user_123,Login,Mobile,Africa,52.35,,0,7.41
1/4/2024 5:00,user_401,Profile,Tablet,Africa,564.54,0.75,0,4.54
1/4/2024 5:15,user_767,Product,Tablet,South America,160.1,0.21,0,9.29
1/4/2024 5:30,user_294,Login,Mobile,Africa,512.74,0.83,0,2.09
1/4/2024 5:45,user_280,Search,Mobile,Europe,518.78,0.42,0,3.04
1/4/2024 6:00,user_837,Help,Tablet,North America,464.65,0.58,0,1.1
1/4/2024 6:15,user_884,Help,Tablet,North America,105.46,1.5,0,8.06
1/4/2024 6:30,user_610,Home,Desktop,Africa,493.97,0.86,0,6.41
1/4/2024 6:45,user_198,Help,Desktop,Asia,462.7,0.37,0,3.49
1/4/2024 7:00,user_982,Product,Tablet,Asia,360.05,,0,2.06
1/4/2024 7:15,user_907,Home,Desktop,Africa,205.64,0.78,1,
1/4/2024 7:30,user_511,Product,Tablet,Europe,,0.43,0,2.08
1/4/2024 7:45,user_752,Search,Tablet,Asia,77.52,0.19,0,4.81
1/4/2024 8:00,user_144,Home,Desktop,Africa,308.31,0.9,0,2.85
1/4/2024 8:15,user_609,Checkout,Desktop,Europe,353.23,0.2,0,2.96
1/4/2024 8:30,user_201,Profile,Mobile,Europe,218.81,0.03,0,8.82
1/4/2024 8:45,user_124,Profile,Mobile,South America,287.84,0.02,0,5.39
1/4/2024 9:00,user_187,Product,Mobile,Europe,221.29,0.62,0,7.43
1/4/2024 9:15,user_326,Help,Tablet,Asia,386.4,0.66,0,0.84
1/4/2024 9:30,user_464,Checkout,Desktop,Asia,541.25,0.31,0,3.97
1/4/2024 9:45,user_349,Home,Tablet,Africa,102.53,0.32,0,5.05
1/4/2024 10:00,user_771,Checkout,Desktop,Africa,231.94,0.34,0,2.27
1/4/2024 10:15,user_660,Checkout,Tablet,Europe,88.82,,1,1.64
1/4/2024 10:30,user_764,Help,Mobile,North America,376.84,0.06,0,8.77
1/4/2024 10:45,user_955,Home,Mobile,South America,438.68,,0,9.42
1/4/2024 11:00,user_932,Search,Mobile,North America,559.49,0.22,0,1.25
1/4/2024 11:15,user_403,Help,Tablet,Europe,170.93,1,0,3.82
1/4/2024 11:30,user_346,Checkout,Desktop,Europe,570.38,0.17,1,9.6
1/4/2024 11:45,user_963,Checkout,Desktop,North America,42.64,0.77,0,1.29
1/4/2024 12:00,user_511,Search,Mobile,South America,363.79,0.22,1,6.61
1/4/2024 12:15,user_147,Checkout,Mobile,North America,38.99,0.08,0,9.74
1/4/2024 12:30,user_148,Checkout,Mobile,Africa,536.8,1.5,1,9.79
1/4/2024 12:45,user_864,Checkout,Mobile,Asia,320.24,0.86,0,
1/4/2024 13:00,user_711,Profile,Desktop,Africa,403.26,0.4,0,2.05
1/4/2024 13:15,user_820,Help,Tablet,Asia,499.79,,0,2.42
1/4/2024 13:30,user_489,Login,Tablet,Europe,94.43,0.56,0,8.95
1/4/2024 13:45,user_929,Help,Tablet,South America,27.96,0.85,0,9.16
1/4/2024 14:00,user_936,Search,Tablet,North America,527.93,0.32,0,6.27
1/4/2024 14:15,user_640,Checkout,Mobile,South America,192.39,0.52,0,7.78
1/4/2024 14:30,user_551,Help,,North America,81.74,0.49,1,7.53
1/4/2024 14:45,user_338,Profile,Mobile,Africa,283.73,0.35,0,6.79
1/4/2024 15:00,user_872,Search,Tablet,Africa,360.99,0.89,0,8.36
1/4/2024 15:15,user_641,Product,Mobile,North America,23.43,0.17,0,7.01
1/4/2024 15:30,user_779,Help,Mobile,South America,168.56,0.15,1,5.57
1/4/2024 15:45,user_988,Product,Desktop,North America,24.52,0.58,1,2.75
1/4/2024 16:00,user_953,Checkout,Desktop,Europe,255.1,0.66,0,7.57
1/4/2024 16:15,user_473,Profile,Mobile,Africa,537.58,0.19,0,5
1/4/2024 16:30,user_946,Profile,Desktop,Europe,589.68,0.39,0,3.3
1/4/2024 16:45,user_151,Help,Desktop,Africa,384.04,0.95,0,8.12
1/4/2024 17:00,user_415,Search,Mobile,Africa,101.17,0.25,0,7.12
1/4/2024 17:15,user_990,Search,Mobile,Asia,543.98,,0,9.4
1/4/2024 17:30,user_298,Profile,Mobile,Europe,312.17,0.74,0,2.07
1/4/2024 17:45,user_611,Search,Mobile,Europe,96.48,0.45,0,
1/4/2024 18:00,user_263,Profile,Tablet,Asia,553.43,0.94,0,2.82
1/4/2024 18:15,user_764,Help,Tablet,South America,455.69,0.74,0,9.08
1/4/2024 18:30,user_144,Login,Mobile,Europe,440.36,0.46,0,1.45
1/4/2024 18:45,user_346,Profile,Desktop,North America,426.96,0.57,0,6.73
1/4/2024 19:00,user_624,Product,Mobile,Asia,124.2,0.69,0,8.02
1/4/2024 19:15,user_572,Search,Mobile,Europe,130.55,0.59,0,3.87
1/4/2024 19:30,user_881,Profile,Desktop,South America,414.53,0.88,0,9.56
1/4/2024 19:45,user_2,Profile,Tablet,Europe,135.74,0.36,0,8.58
1/4/2024 20:00,user_897,Help,Mobile,Africa,266.01,0.3,1,3.3
1/4/2024 20:15,user_304,Search,Mobile,North America,470.29,0.21,0,0.57
1/4/2024 20:30,user_254,Login,Tablet,Asia,471.45,0.04,0,3.32
1/4/2024 20:45,user_652,Help,Tablet,Africa,274.69,0.04,0,3.17
1/4/2024 21:00,user_453,Login,Desktop,South America,476.35,0.87,0,8.95
1/4/2024 21:15,user_37,Help,Tablet,Africa,503.98,0.68,0,9.69
1/4/2024 21:30,user_160,Search,Tablet,Africa,394.59,0.66,0,1.17
1/4/2024 21:45,user_9,Home,Tablet,South America,140.91,0.61,0,4.98
1/4/2024 22:00,user_233,Search,Desktop,Africa,168.04,0.85,0,5.71
1/4/2024 22:15,user_99,Search,Tablet,Asia,192.33,0.48,0,1.38
1/4/2024 22:30,user_659,Login,Tablet,Europe,74.5,0.87,0,4.09
1/4/2024 22:45,user_816,Login,Desktop,Africa,167.53,0.36,0,3.51
1/4/2024 23:00,user_208,Search,Tablet,Asia,129.66,0.93,1,
1/4/2024 23:15,user_131,Search,Tablet,Europe,275.92,0.7,0,6.78
1/4/2024 23:30,user_404,Search,Desktop,Europe,545.52,0.26,0,7.18
1/4/2024 23:45,user_152,Login,Mobile,Africa,67.17,0.56,0,1.8
1/5/2024 0:00,user_54,Search,,Asia,433.56,0.53,0,8.22
1/5/2024 0:15,user_120,Search,Tablet,Africa,413.93,0.14,0,6.95
1/5/2024 0:30,user_673,Checkout,Tablet,South America,61.97,0.59,0,8.95
1/5/2024 0:45,user_920,Home,Tablet,Europe,-10,0.31,0,4.77
1/5/2024 1:00,user_628,Product,Desktop,Africa,,0.05,0,8.99
1/5/2024 1:15,user_587,Home,Tablet,Europe,221.42,,1,8.72
1/5/2024 1:30,user_625,Checkout,Tablet,Asia,455.14,0.64,0,4.66
1/5/2024 1:45,user_968,Product,Desktop,North America,158.13,0.88,0,4.12
1/5/2024 2:00,user_420,Help,Mobile,Africa,417.64,0.68,0,9.36
1/5/2024 2:15,user_422,Search,Mobile,Africa,28.63,0.36,1,7.29
1/5/2024 2:30,user_104,Checkout,Tablet,Europe,504.45,0.51,0,9.32
1/5/2024 2:45,user_852,Help,Desktop,Asia,271.66,0.68,1,8.07
1/5/2024 3:00,user_254,Search,Tablet,South America,383.83,0.96,0,6.29
1/5/2024 3:15,user_227,Login,Desktop,Asia,136.64,0.25,0,1.6
1/5/2024 3:30,user_112,Profile,Desktop,Africa,407.86,0.87,0,3.27
1/5/2024 3:45,user_510,Checkout,Mobile,South America,464.48,0.92,0,9.7
1/5/2024 4:00,user_473,Login,Mobile,Asia,286.56,0.67,1,3.53
1/5/2024 4:15,user_99,Checkout,Desktop,North America,372.55,0.93,0,1.39
1/5/2024 4:30,user_153,Checkout,Tablet,Europe,276.51,0.4,1,7.22
1/5/2024 4:45,user_861,Login,Mobile,Asia,536.98,0.95,0,7.47
1/5/2024 5:00,user_914,Product,Tablet,Asia,301.23,0.7,0,3.21
1/5/2024 5:15,user_896,Home,Mobile,North America,505.88,0.04,0,3.33
1/5/2024 5:30,user_878,Search,Mobile,Africa,481.8,0.91,0,4.95
1/5/2024 5:45,user_338,Checkout,Tablet,Europe,249.25,0.48,0,0.71
1/5/2024 6:00,user_706,Search,Mobile,Asia,141.9,0.46,0,8
1/5/2024 6:15,user_822,Profile,Mobile,South America,246.62,0.57,0,3.51
1/5/2024 6:30,user_163,Login,Tablet,Asia,496.6,0.15,0,8.61
1/5/2024 6:45,user_720,Search,Mobile,Europe,140.44,0.47,0,8.12
1/5/2024 7:00,user_957,Login,Mobile,Asia,317.04,0.83,0,6.78
1/5/2024 7:15,user_681,Search,Mobile,North America,,0.02,0,3.59
1/5/2024 7:30,user_996,Home,Tablet,Asia,215.32,0.27,0,5.41
1/5/2024 7:45,user_161,Home,Desktop,Asia,387.11,0,0,4.73
1/5/2024 8:00,user_580,Home,Tablet,South America,151.15,0.42,0,3.72
1/5/2024 8:15,user_801,Home,Desktop,North America,70.02,0.73,0,8.56
1/5/2024 8:30,user_398,Home,Mobile,North America,477.66,0.8,0,5.09
1/5/2024 8:45,user_277,Home,Desktop,Asia,63.89,0.95,0,8.41
1/5/2024 9:00,user_816,Login,Tablet,South America,166.47,0.61,0,1.5
1/5/2024 9:15,user_916,Checkout,Tablet,Asia,513.79,0.25,0,1.84
1/5/2024 9:30,user_504,Search,Mobile,Asia,211.15,,0,9.78
1/5/2024 9:45,user_896,Home,Desktop,Europe,583.96,0.78,0,6.08
1/5/2024 10:00,user_392,Login,Mobile,Europe,587.94,0.57,0,5.34
1/5/2024 10:15,user_135,Login,Mobile,South America,164.62,0.7,0,5.47
1/5/2024 10:30,user_195,Login,Tablet,Africa,29.38,0.92,0,2.55
1/5/2024 10:45,user_401,Checkout,Desktop,Europe,424.51,0.71,0,7.33
1/5/2024 11:00,user_640,Search,Desktop,Africa,273.34,0.37,0,1.31
1/5/2024 11:15,user_33,Checkout,Desktop,North America,64.95,0.71,0,
1/5/2024 11:30,user_688,Product,Desktop,Europe,425.98,0.04,0,5.92
1/5/2024 11:45,user_460,Help,Mobile,Europe,23.55,0.39,0,9.18
1/5/2024 12:00,user_955,Login,Mobile,South America,522.77,0.41,1,5.5
1/5/2024 12:15,user_883,Product,Tablet,Africa,87.5,0.17,0,1.8
1/5/2024 12:30,user_470,Profile,Mobile,Europe,80.75,0.02,0,5.94
1/5/2024 12:45,user_375,Home,Mobile,Europe,109.53,0.13,0,1.37
1/5/2024 13:00,user_22,Help,Tablet,South America,576.36,0.65,0,2.44
1/5/2024 13:15,user_750,Home,Tablet,South America,417.44,0.8,0,
1/5/2024 13:30,user_670,Checkout,Tablet,Africa,481.82,0.99,0,
1/5/2024 13:45,user_38,Help,Mobile,North America,241.59,0.35,0,1.3
1/5/2024 14:00,user_230,Search,Mobile,North America,205.11,0.6,0,4.96
1/5/2024 14:15,user_365,Product,Tablet,Asia,144.52,0.94,0,9.36
1/5/2024 14:30,user_563,Search,,Europe,,0.17,0,7.34
1/5/2024 14:45,user_438,Checkout,Tablet,Africa,333.34,0.72,1,1.24
1/5/2024 15:00,user_776,Home,Mobile,Europe,380.91,0.75,0,
1/5/2024 15:15,user_283,Help,Mobile,Africa,157.99,0.09,1,6.9
1/5/2024 15:30,user_27,Search,,Africa,569.45,0.86,0,9
1/5/2024 15:45,user_226,Search,Mobile,Africa,106.01,,0,0.81
1/5/2024 16:00,user_277,Home,Mobile,Europe,579.56,0.03,0,
1/5/2024 16:15,user_798,Help,Mobile,South America,13.84,0.09,0,5.84
1/5/2024 16:30,user_609,Product,Tablet,Europe,291.27,0.05,1,5.69
1/5/2024 16:45,user_284,Home,,Africa,203.35,0.33,0,9.6
1/5/2024 17:00,user_879,Search,Tablet,Asia,272.23,0.51,0,7.6
1/5/2024 17:15,user_960,Product,Desktop,North America,344.55,,0,8.58
1/5/2024 17:30,user_481,Product,Desktop,Africa,264.18,0.27,0,3.86
1/5/2024 17:45,user_453,Home,Tablet,Asia,251.83,0.91,0,5.77
1/5/2024 18:00,user_829,Search,Tablet,South America,440.97,0.37,0,6.35
1/5/2024 18:15,user_816,Checkout,Tablet,Africa,,0.05,1,3.56
1/5/2024 18:30,user_659,Search,Mobile,Asia,500.8,0.3,0,5.92
1/5/2024 18:45,user_516,Login,Desktop,Africa,153.73,0.53,0,2.75
1/5/2024 19:00,user_547,Help,Tablet,Europe,367.67,0.41,0,1.86
1/5/2024 19:15,user_192,Profile,Mobile,Asia,353.19,0.27,0,4.05
1/5/2024 19:30,user_49,Checkout,Desktop,Europe,224.99,0.13,0,7.52
1/5/2024 19:45,user_512,Product,Mobile,Europe,294.2,0.82,0,9.2
1/5/2024 20:00,user_17,Checkout,Desktop,Asia,191.7,1,0,4.85
1/5/2024 20:15,user_172,Help,Mobile,North America,89.4,0.33,0,6.61
1/5/2024 20:30,user_220,Product,Desktop,Asia,132.21,0.38,1,1.48
1/5/2024 20:45,user_158,Help,Desktop,North America,67.78,0.62,0,9.09
1/5/2024 21:00,user_477,Product,,Africa,411.43,0.72,0,5.9
1/5/2024 21:15,user_46,Checkout,Tablet,Africa,398.13,0.39,0,7.91
1/5/2024 21:30,user_373,Product,,Asia,570.61,0.9,0,8.05
1/5/2024 21:45,user_518,Product,Tablet,Africa,439.16,0.56,0,2.94
1/5/2024 22:00,user_99,Login,Mobile,South America,35.97,0.45,0,5.53
1/5/2024 22:15,user_892,Search,Tablet,Europe,531.13,0.65,0,9.62
1/5/2024 22:30,user_745,Search,Tablet,Europe,518.29,0.95,1,1.35
1/5/2024 22:45,user_37,Profile,Tablet,North America,268.78,0.79,0,6.99
1/5/2024 23:00,user_280,Profile,Tablet,Africa,353.59,0.04,0,9.64
1/5/2024 23:15,user_349,Login,Tablet,North America,585.77,,1,3.36
1/5/2024 23:30,user_497,Profile,Desktop,Europe,321.72,,0,8.68
1/5/2024 23:45,user_302,Help,Desktop,Europe,543.67,0.31,0,9.37
1/6/2024 0:00,user_181,Checkout,Desktop,Africa,54.41,0.7,0,7.6
1/6/2024 0:15,user_607,Home,Mobile,South America,118.68,0.83,1,2.7
1/6/2024 0:30,user_99,Help,,South America,267.25,0.73,0,3.67
1/6/2024 0:45,user_700,Home,Desktop,Africa,352.93,0.99,0,0.84
1/6/2024 1:00,user_993,Home,Mobile,Africa,490.66,0.27,0,8.4
1/6/2024 1:15,user_116,Login,Desktop,North America,593.02,0.87,0,
1/6/2024 1:30,user_191,Help,Desktop,Africa,236.37,0.77,0,6.51
1/6/2024 1:45,user_253,Login,Tablet,South America,33.21,0.36,0,3.85
1/6/2024 2:00,user_981,Product,Mobile,Africa,481.7,0.73,0,1.23
1/6/2024 2:15,user_928,Home,Tablet,North America,364.61,0.1,0,7.65
1/6/2024 2:30,user_983,Checkout,Tablet,North America,123.13,0.79,0,7.4
1/6/2024 2:45,user_161,Profile,Desktop,North America,299.42,0.53,0,9.17
1/6/2024 3:00,user_256,Checkout,Tablet,North America,446.67,0.29,0,7.44
1/6/2024 3:15,user_323,Profile,Mobile,Asia,463.4,0.66,0,8.37
1/6/2024 3:30,user_128,Home,Tablet,Africa,302.27,0.64,0,7.59
1/6/2024 3:45,user_18,Home,Tablet,Europe,186.6,,0,6.49
1/6/2024 4:00,user_793,Home,Tablet,Africa,584.38,0.03,0,4.56
1/6/2024 4:15,user_735,Login,Desktop,Asia,399.7,0.43,0,9.07
1/6/2024 4:30,user_566,Help,Mobile,North America,247.9,0.57,0,6.68
1/6/2024 4:45,user_570,Profile,Desktop,Asia,171.88,0.88,0,4.28
1/6/2024 5:00,user_323,Help,Desktop,South America,440.01,0.93,0,1.29
1/6/2024 5:15,user_872,Login,Desktop,South America,149.1,0.53,0,3.26
1/6/2024 5:30,user_686,Login,Desktop,Africa,107.17,0.75,1,5.67
1/6/2024 5:45,user_792,Search,Desktop,Africa,320.25,0.44,0,3.12
1/6/2024 6:00,user_626,Checkout,Mobile,Europe,177.54,,0,2.6
1/6/2024 6:15,user_288,Checkout,Tablet,Europe,379.2,0.2,0,5.51
1/6/2024 6:30,user_943,Product,Desktop,South America,75.17,0.37,0,2.11
1/6/2024 6:45,user_854,Login,Desktop,North America,394.69,0.63,0,8.1
1/6/2024 7:00,user_663,Profile,Mobile,Asia,173.56,0.02,0,5.1
1/6/2024 7:15,user_962,Search,Mobile,Europe,5.14,0.72,0,5.95
1/6/2024 7:30,user_639,Search,,Europe,80.53,0.84,0,1.9
1/6/2024 7:45,user_155,Help,Mobile,North America,560.5,0.4,0,3.58
1/6/2024 8:00,user_490,Checkout,Tablet,North America,521.08,0.45,0,4.4
1/6/2024 8:15,user_386,Login,Desktop,Africa,144,0.85,0,8.18
1/6/2024 8:30,user_986,Product,Desktop,Asia,468.13,0.78,0,7.82
1/6/2024 8:45,user_785,Login,Tablet,North America,367.1,0.29,0,2.62
1/6/2024 9:00,user_104,Help,Mobile,Europe,582.69,0.32,0,6.35
1/6/2024 9:15,user_929,Home,Tablet,Europe,227.3,0.68,0,2.81
1/6/2024 9:30,user_393,Login,Mobile,South America,410.47,0.56,0,9.89
1/6/2024 9:45,user_811,Help,Desktop,North America,,0.16,0,9.55
1/6/2024 10:00,user_246,Home,Mobile,Africa,240.77,0.31,0,5.85
1/6/2024 10:15,user_176,Home,Tablet,Asia,578.47,0.9,0,7.14
1/6/2024 10:30,user_39,Product,Tablet,Africa,325.69,0.69,0,8.11
1/6/2024 10:45,user_477,Profile,Desktop,Europe,176.29,0.99,0,7.35
1/6/2024 11:00,user_682,Checkout,Mobile,Africa,76.56,0.77,0,7.15
1/6/2024 11:15,user_759,Login,Mobile,Europe,423.6,0.94,0,9.61
1/6/2024 11:30,user_538,Home,Mobile,Europe,388.69,0.22,0,6.17
1/6/2024 11:45,user_867,Login,Desktop,Europe,227.49,0.77,0,6.54
1/6/2024 12:00,user_818,Profile,Mobile,Europe,570.81,0.02,0,8.57
1/6/2024 12:15,user_921,Checkout,Tablet,Europe,18.21,0.67,0,
1/6/2024 12:30,user_408,Profile,Mobile,South America,185.72,0.47,0,7.46
1/6/2024 12:45,user_525,Checkout,Desktop,Africa,553.04,0.35,0,2.72
1/6/2024 13:00,user_828,Search,Mobile,South America,195.96,0.86,0,4.03
1/6/2024 13:15,user_506,Checkout,Mobile,South America,155.09,0.85,0,1.9
1/6/2024 13:30,user_903,Product,Tablet,North America,322.86,0.02,0,5.3
1/6/2024 13:45,user_825,Profile,Mobile,North America,495.16,0.61,0,4.83
1/6/2024 14:00,user_36,Home,Tablet,North America,66.37,0.37,0,9.97
1/6/2024 14:15,user_685,Search,Tablet,Asia,566.1,0.42,0,6.31
1/6/2024 14:30,user_20,Product,Desktop,North America,478.07,0.83,0,7.97
1/6/2024 14:45,user_321,Login,Tablet,Africa,112.84,0.31,0,3.67
1/6/2024 15:00,user_776,Profile,Tablet,South America,428.64,0.94,0,8.4
1/6/2024 15:15,user_512,Help,Desktop,Africa,234.05,0.18,0,6.34
1/6/2024 15:30,user_400,Help,Tablet,North America,-10,0.66,0,
1/6/2024 15:45,user_654,Home,Desktop,Asia,471.06,0.67,0,3.3
1/6/2024 16:00,user_972,Checkout,Mobile,Asia,577.86,0.25,0,5.71
1/6/2024 16:15,user_883,Home,Desktop,South America,80.36,0.32,0,6.52
1/6/2024 16:30,user_471,Help,Tablet,Africa,255.27,0.83,0,6.1
1/6/2024 16:45,user_143,Login,Desktop,Europe,291.16,0.76,0,9.19
1/6/2024 17:00,user_92,Search,Tablet,Africa,228.91,0.33,0,9.03
1/6/2024 17:15,user_354,Search,Mobile,North America,221.1,0.53,0,9.72
1/6/2024 17:30,user_834,Profile,Desktop,Europe,36.1,0.06,0,6.84
1/6/2024 17:45,user_800,Search,Mobile,Asia,412.9,0.21,0,9.73
1/6/2024 18:00,user_727,Profile,Tablet,South America,264.55,0.49,0,8.41
1/6/2024 18:15,user_959,Profile,Tablet,South America,120.9,0.09,0,3.07
1/6/2024 18:30,user_854,Profile,Mobile,Asia,490.54,0.84,0,4.56
1/6/2024 18:45,user_51,Help,Desktop,North America,482.52,0.72,0,2.76
1/6/2024 19:00,user_665,Help,Desktop,Asia,294.4,,0,0.54
1/6/2024 19:15,user_698,Checkout,Tablet,North America,182.58,0.69,0,2.29
1/6/2024 19:30,user_575,Product,Mobile,Europe,384.67,0.94,1,0.54
1/6/2024 19:45,user_190,Profile,Mobile,Asia,176.45,0.55,0,7.34
1/6/2024 20:00,user_125,Profile,Desktop,North America,145.42,0.6,0,4.54
1/6/2024 20:15,user_150,Product,Desktop,Europe,439.66,0.98,0,3.47
1/6/2024 20:30,user_314,Home,Desktop,Asia,28.99,0.64,0,7.74
1/6/2024 20:45,user_570,Profile,Mobile,South America,61.39,0.03,0,8.41
1/6/2024 21:00,user_342,Checkout,Desktop,Asia,9.04,0.72,0,9.77
1/6/2024 21:15,user_305,Search,Desktop,Africa,96,0.91,0,6.6
1/6/2024 21:30,user_692,Search,Tablet,Asia,46.05,0.8,0,4.88
1/6/2024 21:45,user_682,Login,Desktop,Africa,597.5,0.58,0,3.4
1/6/2024 22:00,user_838,Login,Desktop,Europe,176.84,0.67,0,
1/6/2024 22:15,user_783,Search,Mobile,Asia,93.81,0.99,0,2.52
1/6/2024 22:30,user_54,Search,,Europe,148.39,0.09,0,4.39
1/6/2024 22:45,user_444,Help,Tablet,Europe,561.99,0.67,1,9.92
1/6/2024 23:00,user_613,Checkout,Desktop,North America,314.5,0.28,0,0.51
1/6/2024 23:15,user_993,Product,Tablet,Europe,222.07,0.64,0,2.37
1/6/2024 23:30,user_264,Login,Mobile,Europe,524.67,0.61,0,2.29
1/6/2024 23:45,user_53,Help,Tablet,Asia,,0.15,0,7.31
1/7/2024 0:00,user_572,Help,Mobile,Asia,204.33,,0,3.85
1/7/2024 0:15,user_620,Product,Tablet,South America,128.33,0.62,0,4.84
1/7/2024 0:30,user_5,Help,Tablet,North America,229.79,0.13,0,1.91
1/7/2024 0:45,user_103,Checkout,Desktop,Europe,193.43,0.27,0,4.35
1/7/2024 1:00,user_196,Search,Tablet,North America,408,0.84,0,1.48
1/7/2024 1:15,user_774,Profile,Desktop,Africa,177.3,0.33,0,5.56
1/7/2024 1:30,user_877,Product,,Europe,,0.49,0,1.43
1/7/2024 1:45,user_992,Search,Desktop,North America,44.21,0.94,0,8.01
1/7/2024 2:00,user_884,Search,Desktop,South America,118.82,0.23,0,5.88
1/7/2024 2:15,user_350,Home,Tablet,South America,247.41,0.39,0,7.38
1/7/2024 2:30,user_47,Product,Mobile,Europe,562.48,0.61,0,4.48
1/7/2024 2:45,user_867,Help,Mobile,Africa,229.46,0.76,0,4.12
1/7/2024 3:00,user_823,Profile,Mobile,South America,400.12,0.9,0,1.43
1/7/2024 3:15,user_936,Product,Tablet,South America,156.78,0.92,0,5.48
1/7/2024 3:30,user_820,Help,Desktop,Africa,80.58,0.78,0,5.39
1/7/2024 3:45,user_656,Search,Mobile,North America,39.83,0.23,0,4.95
1/7/2024 4:00,user_269,Profile,Tablet,South America,186.72,0.02,1,7.53
1/7/2024 4:15,user_370,Help,Desktop,Asia,98.81,0.38,0,8.41
1/7/2024 4:30,user_636,Checkout,Mobile,South America,108.54,0.14,0,7.63
1/7/2024 4:45,user_106,Help,Desktop,North America,457.65,0.71,1,1.87
1/7/2024 5:00,user_670,Home,Mobile,North America,14.42,0.66,0,6.41
1/7/2024 5:15,user_659,Search,Mobile,Europe,336.9,0.04,0,1.26
1/7/2024 5:30,user_657,Help,Mobile,Asia,230.78,0.84,0,7.1
1/7/2024 5:45,user_120,Login,Desktop,North America,,0.25,0,4.13
1/7/2024 6:00,user_831,Login,Tablet,Africa,339.88,0.43,0,1.76
1/7/2024 6:15,user_787,Home,Desktop,Asia,-10,0.67,0,8.69
1/7/2024 6:30,user_604,Checkout,Mobile,Asia,180.59,0.43,0,6.33
1/7/2024 6:45,user_58,Search,Desktop,Africa,441.37,0.44,0,3.87
1/7/2024 7:00,user_951,Product,Tablet,South America,523.41,0.07,0,0.79
1/7/2024 7:15,user_346,Home,Desktop,Africa,119.59,0.4,1,5.6
1/7/2024 7:30,user_741,Checkout,Tablet,Africa,,0.76,0,9.27
1/7/2024 7:45,user_474,Product,Tablet,South America,539.19,0.92,0,6.17
1/7/2024 8:00,user_117,Login,Desktop,South America,213.19,0.41,0,9.73
1/7/2024 8:15,user_830,Login,Mobile,South America,333.03,0.42,0,1.8
1/7/2024 8:30,user_791,Product,Tablet,South America,218.93,0.7,0,5.9
1/7/2024 8:45,user_127,Home,Desktop,South America,79.85,0.94,0,8.08
1/7/2024 9:00,user_393,Login,Tablet,Africa,355.65,0.27,0,5.49
1/7/2024 9:15,user_908,Search,Mobile,Europe,317.46,0.44,0,1.37
1/7/2024 9:30,user_641,Profile,Desktop,Europe,125.78,0.8,0,6.04
1/7/2024 9:45,user_58,Help,Desktop,North America,273.86,0.61,0,
1/7/2024 10:00,user_634,Product,Desktop,Europe,479.18,0.11,0,
1/7/2024 10:15,user_513,Product,Mobile,Europe,356.3,0.63,0,7.73
1/7/2024 10:30,user_751,Login,Tablet,Africa,62.67,,1,7.82
1/7/2024 10:45,user_802,Home,,South America,331.07,0.51,1,6.8
1/7/2024 11:00,user_96,Search,Tablet,South America,423.13,0.53,1,2.55
1/7/2024 11:15,user_638,Home,Tablet,Africa,476.66,0.88,0,4.34
1/7/2024 11:30,user_118,Checkout,Mobile,Europe,379.32,0.46,0,7.87
1/7/2024 11:45,user_560,Checkout,Desktop,Africa,95.83,0.28,0,9.56
1/7/2024 12:00,user_601,Profile,Tablet,North America,427.55,0.23,0,1.25
1/7/2024 12:15,user_488,Login,Desktop,South America,408.02,0.87,0,5.59
1/7/2024 12:30,user_237,Login,Desktop,Asia,19.53,0.17,0,3.47
1/7/2024 12:45,user_885,Login,Mobile,North America,249.99,0.43,0,2.64
1/7/2024 13:00,user_897,Profile,Desktop,North America,203.11,0.19,0,5.31
1/7/2024 13:15,user_272,Checkout,Desktop,Africa,403.3,0.77,0,6.26
1/7/2024 13:30,user_189,Home,Tablet,Europe,133.6,0.47,0,0.59
1/7/2024 13:45,user_999,Profile,Mobile,South America,356.57,0.35,0,7.91
1/7/2024 14:00,user_704,Profile,Desktop,Asia,548.36,0.36,0,8.29
1/7/2024 14:15,user_447,Home,,North America,479.69,0.85,1,9.67
1/7/2024 14:30,user_581,Login,Mobile,Asia,553.27,0.55,0,2.22
1/7/2024 14:45,user_790,Search,Mobile,Europe,587.21,0.72,0,6.15
1/7/2024 15:00,user_861,Home,Tablet,Europe,11.35,0.9,0,4.55
1/7/2024 15:15,user_247,Checkout,Tablet,Asia,375.53,0.9,0,3.68
1/7/2024 15:30,user_963,Product,Tablet,South America,250.64,0.33,0,5.87
1/7/2024 15:45,user_76,Product,,Europe,516.61,0.95,1,7.93
1/7/2024 16:00,user_154,Help,Tablet,Asia,154.83,0.02,0,0.72
1/7/2024 16:15,user_656,Help,Desktop,North America,588.71,,1,9.71
1/7/2024 16:30,user_435,Profile,Desktop,Asia,,0.9,0,8.19
1/7/2024 16:45,user_997,Product,Mobile,Asia,477.15,0.27,0,7.64
1/7/2024 17:00,user_86,Search,Desktop,Africa,55.93,0.27,0,7.72
1/7/2024 17:15,user_697,Login,Desktop,Europe,114.16,0.3,0,4.2
1/7/2024 17:30,user_285,Checkout,Desktop,South America,456.25,0.61,0,7.64
1/7/2024 17:45,user_974,Help,Tablet,South America,18.08,,0,4.17
1/7/2024 18:00,user_220,Search,Mobile,Africa,491.04,0.73,0,9.04
1/7/2024 18:15,user_69,Checkout,Mobile,South America,,0.89,0,2.18
1/7/2024 18:30,user_47,Checkout,Mobile,Asia,395.99,0.67,1,3.28
1/7/2024 18:45,user_94,Login,Mobile,Africa,222.23,0.2,0,5.74
1/7/2024 19:00,user_750,Profile,Desktop,North America,368.84,0.93,0,3.53
1/7/2024 19:15,user_958,Product,Desktop,Europe,419.14,0.26,0,4.53
1/7/2024 19:30,user_453,Login,Tablet,Europe,208.77,0.15,0,5.18
1/7/2024 19:45,user_204,Search,Mobile,Europe,69.24,,0,8.64
1/7/2024 20:00,user_912,Profile,Desktop,Asia,46.44,0.56,0,5.47
1/7/2024 20:15,user_218,Search,Desktop,North America,355.42,0.11,0,3.94
1/7/2024 20:30,user_474,Profile,,Africa,314.79,0.14,0,2.85
1/7/2024 20:45,user_432,Help,Tablet,Africa,446.61,0.3,0,4.38
1/7/2024 21:00,user_341,Search,Tablet,Europe,308.29,0.28,0,5.4
1/7/2024 21:15,user_551,Login,Desktop,North America,256.36,,0,7.59
1/7/2024 21:30,user_612,Profile,Desktop,North America,241.86,0.82,0,1.65
1/7/2024 21:45,user_289,Profile,Tablet,North America,20.74,0.76,0,2.61
1/7/2024 22:00,user_254,Checkout,Mobile,South America,204.66,0.26,0,4.11
1/7/2024 22:15,user_734,Checkout,Tablet,South America,585.73,0.25,0,3.92
1/7/2024 22:30,user_357,Home,Tablet,Europe,524.77,0.97,0,4.22
1/7/2024 22:45,user_23,Search,Tablet,North America,200.98,0.01,0,8.04
1/7/2024 23:00,user_762,Checkout,Tablet,North America,-10,0.88,0,3.58
1/7/2024 23:15,user_522,Home,Desktop,Africa,509.14,0.2,0,5.27
1/7/2024 23:30,user_758,Help,Mobile,Africa,267.56,0.95,0,6.43
1/7/2024 23:45,user_837,Help,Tablet,Europe,15.68,0.34,0,2.71
1/8/2024 0:00,user_100,Checkout,Mobile,North America,49.33,0.44,0,7.33
1/8/2024 0:15,user_802,Search,,Europe,308.68,0.71,0,5.7
1/8/2024 0:30,user_180,Profile,Mobile,Africa,581.82,0.59,0,4.74
1/8/2024 0:45,user_223,Product,Tablet,Africa,417.46,0.32,0,8.19
1/8/2024 1:00,user_906,Search,Desktop,South America,47.2,0.55,0,2.81
1/8/2024 1:15,user_762,Login,Tablet,Europe,117.67,0.73,0,8.89
1/8/2024 1:30,user_659,Help,Mobile,Europe,463.94,0.04,0,5.83
1/8/2024 1:45,user_442,Checkout,Mobile,North America,505.66,0.01,0,6.29
1/8/2024 2:00,user_608,Checkout,Desktop,North America,372.53,0.46,0,8.81
1/8/2024 2:15,user_769,Profile,Tablet,South America,388.43,0.13,0,8.27
1/8/2024 2:30,user_325,Login,Mobile,Asia,21.86,0.66,0,6.21
1/8/2024 2:45,user_516,Profile,,Asia,497.98,0.21,0,7.66
1/8/2024 3:00,user_16,Login,Mobile,Asia,474.02,,0,4.62
1/8/2024 3:15,user_792,Product,Desktop,Europe,,,0,5.7
1/8/2024 3:30,user_336,Help,Desktop,Europe,426.66,0.55,0,1.09
1/8/2024 3:45,user_759,Checkout,Tablet,Africa,132.84,0.12,0,1.35
1/8/2024 4:00,user_258,Checkout,Mobile,Europe,29,0.02,0,8.38
1/8/2024 4:15,user_497,Product,Tablet,Europe,124.68,0.05,0,1.07
1/8/2024 4:30,user_988,Home,Mobile,Europe,111.28,0.95,0,2.11
1/8/2024 4:45,user_896,Help,Tablet,South America,205.96,0.14,0,8.06
1/8/2024 5:00,user_160,Profile,Mobile,Europe,253.98,0.71,0,0.51
1/8/2024 5:15,user_475,Product,Tablet,North America,307.58,0.07,0,3.18
1/8/2024 5:30,user_852,Profile,Desktop,North America,288.67,0.11,0,6.05
1/8/2024 5:45,user_664,Search,,Africa,166.05,0.51,0,6.16
1/8/2024 6:00,user_908,Checkout,Mobile,South America,22.36,0.46,0,7.88
1/8/2024 6:15,user_690,Profile,Desktop,North America,365.04,0.95,0,5.31
1/8/2024 6:30,user_675,Login,Tablet,South America,240.47,0.94,0,5.34
1/8/2024 6:45,user_380,Profile,Mobile,South America,182.71,0.78,0,7.39
1/8/2024 7:00,user_545,Search,Mobile,Africa,520.83,0.6,0,5.24
1/8/2024 7:15,user_929,Help,Tablet,South America,449.31,0.45,0,6.28
1/8/2024 7:30,user_957,Checkout,Desktop,Europe,515.37,0.36,0,9.03
1/8/2024 7:45,user_691,Product,Tablet,South America,299.51,0.95,0,4.31
1/8/2024 8:00,user_427,Search,Tablet,Africa,82.9,0.6,0,4.16
1/8/2024 8:15,user_613,Checkout,Tablet,Africa,419.25,0.58,0,0.53
1/8/2024 8:30,user_268,Profile,Mobile,Africa,127.61,0.23,0,6.33
1/8/2024 8:45,user_835,Help,,North America,267.53,0.05,0,0.78
1/8/2024 9:00,user_577,Home,Desktop,Europe,43.68,,1,
1/8/2024 9:15,user_417,Help,Tablet,North America,496.06,0.31,0,8.14
1/8/2024 9:30,user_168,Home,Mobile,Asia,79.93,0.44,0,5.72
1/8/2024 9:45,user_842,Login,Tablet,Europe,542.34,0.11,0,3.06
1/8/2024 10:00,user_43,Help,Mobile,South America,519.22,0.84,0,7.97
1/8/2024 10:15,user_556,Checkout,Mobile,Africa,281.43,0.03,0,3.06
1/8/2024 10:30,user_285,Home,Mobile,Asia,447.9,0.83,0,7.46
1/8/2024 10:45,user_397,Product,Mobile,Europe,373.57,0.14,0,6.3
1/8/2024 11:00,user_12,Checkout,Desktop,North America,482.83,1.5,0,2.11
1/8/2024 11:15,user_607,Product,Mobile,Africa,261.92,0.73,0,9.1
1/8/2024 11:30,user_302,Help,Mobile,North America,472.56,0.16,0,2.41
1/8/2024 11:45,user_898,Product,Tablet,Europe,280.16,0.57,1,9.9
1/8/2024 12:00,user_253,Home,Tablet,Europe,564.87,0.31,0,0.57
1/8/2024 12:15,user_499,Checkout,,Asia,294.39,0.18,1,3
1/8/2024 12:30,user_754,Profile,Tablet,South America,280.26,0.86,0,2.4
1/8/2024 12:45,user_35,Search,Mobile,North America,472.12,0.4,0,0.63
1/8/2024 13:00,user_727,Home,Tablet,Asia,493.84,0.4,0,7.46
1/8/2024 13:15,user_849,Home,Desktop,Africa,334.92,0.17,0,7.09
1/8/2024 13:30,user_90,Profile,Tablet,South America,111.98,0.38,0,8.03
1/8/2024 13:45,user_776,Checkout,Tablet,Asia,283.32,0.87,1,2.94
1/8/2024 14:00,user_605,Checkout,Desktop,North America,,0.36,1,4.72
1/8/2024 14:15,user_922,Help,Desktop,Europe,453.03,0.95,0,6.76
1/8/2024 14:30,user_970,Product,,Africa,487.64,0.95,0,4.68
1/8/2024 14:45,user_602,Help,Tablet,North America,24.53,0.14,0,7.12
1/8/2024 15:00,user_418,Profile,Mobile,South America,,0.18,0,6.52
1/8/2024 15:15,user_115,Help,Tablet,South America,,0.86,0,1.59
1/8/2024 15:30,user_617,Profile,Tablet,Europe,498.87,0.39,0,7.92
1/8/2024 15:45,user_903,Checkout,Mobile,Europe,34.32,0,0,7.35
1/8/2024 16:00,user_196,Product,Tablet,Africa,,0.27,0,6.73
1/8/2024 16:15,user_826,Help,Tablet,Africa,331.3,0.6,0,1.97
1/8/2024 16:30,user_501,Home,Tablet,Europe,122.4,0.8,0,3.05
1/8/2024 16:45,user_626,Login,Desktop,Europe,193.77,0.13,0,4.24
1/8/2024 17:00,user_493,Search,Mobile,South America,172.75,0.11,1,3.16
1/8/2024 17:15,user_75,Home,Desktop,Europe,320.86,0.92,0,2.66
1/8/2024 17:30,user_413,Checkout,Mobile,Asia,35.75,0.75,0,8.15
1/8/2024 17:45,user_376,Search,Mobile,North America,99.33,0.59,0,6.56
1/8/2024 18:00,user_420,Login,Tablet,Europe,488.55,0.77,1,5.87
1/8/2024 18:15,user_729,Login,Mobile,Africa,83.9,0.43,0,2.65
1/8/2024 18:30,user_277,Product,Desktop,Asia,143.87,0.76,0,9.22
1/8/2024 18:45,user_761,Search,Desktop,Africa,274.76,0.37,0,2.32
1/8/2024 19:00,user_676,Product,Desktop,Asia,312.69,0.24,0,8.05
1/8/2024 19:15,user_394,Home,Mobile,Europe,459.35,,0,9.68
1/8/2024 19:30,user_869,Profile,Desktop,North America,271.16,0.42,1,7.41
1/8/2024 19:45,user_457,Profile,,Africa,474.97,0.98,0,9.93
1/8/2024 20:00,user_920,Profile,Desktop,Asia,372.92,,1,6.68
1/8/2024 20:15,user_192,Search,Desktop,South America,,0.92,0,2.57
1/8/2024 20:30,user_739,Profile,Mobile,Europe,98.02,0.93,0,2.44
1/8/2024 20:45,user_689,Home,Desktop,North America,265.04,0.24,0,3.58
1/8/2024 21:00,user_99,Product,Tablet,Europe,241.15,0.8,0,0.57
1/8/2024 21:15,user_548,Search,,South America,447.41,0.43,0,6.98
1/8/2024 21:30,user_978,Product,Mobile,North America,350.54,0.92,1,3.05
1/8/2024 21:45,user_999,Search,Mobile,South America,235.94,0.45,0,8.24
1/8/2024 22:00,user_96,Product,Tablet,Europe,106.6,0.74,0,3.91
1/8/2024 22:15,user_664,Login,Mobile,Asia,139.97,0.47,0,5.06
1/8/2024 22:30,user_663,Product,Desktop,Europe,347.42,0.23,0,9.67
1/8/2024 22:45,user_190,Profile,Desktop,Europe,256.95,0.2,0,2.8
1/8/2024 23:00,user_736,Login,Desktop,Europe,311.38,0.43,1,7.35
1/8/2024 23:15,user_37,Product,Mobile,Africa,106.55,0.76,0,7.67
1/8/2024 23:30,user_780,Search,,South America,399.43,0.61,0,2.6
1/8/2024 23:45,user_369,Search,,South America,512.26,0.69,0,5.26
1/9/2024 0:00,user_695,Search,Desktop,South America,158.47,0.28,0,3.83
1/9/2024 0:15,user_525,Checkout,Tablet,Africa,297.45,0.48,0,7.83
1/9/2024 0:30,user_279,Home,Tablet,Asia,585.44,0.04,0,6.41
1/9/2024 0:45,user_217,Search,Tablet,Europe,203.28,0.82,0,
1/9/2024 1:00,user_867,Login,Tablet,Asia,359.05,0.99,0,7.9
1/9/2024 1:15,user_873,Search,Mobile,Africa,58.67,0.41,0,2.73
1/9/2024 1:30,user_798,Checkout,Desktop,South America,365.58,0.01,0,7.66
1/9/2024 1:45,user_273,Profile,Tablet,Europe,58.33,0.17,0,8.72
1/9/2024 2:00,user_881,Login,Mobile,North America,575.75,,0,8.85
1/9/2024 2:15,user_62,Checkout,Tablet,North America,430.82,0.61,0,7.94
1/9/2024 2:30,user_596,Profile,Tablet,Asia,473.96,0.79,0,4.38
1/9/2024 2:45,user_880,Help,Mobile,South America,423.94,0.25,0,9.83
1/9/2024 3:00,user_729,Help,Mobile,North America,,0.76,1,4.11
1/9/2024 3:15,user_342,Login,Desktop,Asia,,0.69,0,6.57
1/9/2024 3:30,user_397,Product,Desktop,Africa,515.73,0.32,0,
1/9/2024 3:45,user_699,Home,Tablet,Asia,574.32,0.55,0,9.81
1/9/2024 4:00,user_19,Home,Tablet,Asia,301.93,0.15,0,7.19
1/9/2024 4:15,user_177,Checkout,Desktop,Asia,559.26,0.45,0,7.66
1/9/2024 4:30,user_612,Profile,Desktop,Europe,352.08,0.88,0,1.12
1/9/2024 4:45,user_396,Home,Mobile,Asia,325.34,0.42,0,7.75
1/9/2024 5:00,user_445,Profile,Desktop,Asia,275.42,0.84,0,7.86
1/9/2024 5:15,user_233,Profile,Desktop,Europe,129.53,0.59,0,6.88
1/9/2024 5:30,user_915,Checkout,Tablet,Europe,7.21,,0,3.27
1/9/2024 5:45,user_76,Checkout,Desktop,Africa,148.7,0.58,0,5.15
1/9/2024 6:00,user_265,Checkout,Tablet,South America,308.29,0.51,0,1.55
1/9/2024 6:15,user_455,Home,Desktop,North America,231.08,0.4,0,4.98
1/9/2024 6:30,user_796,Help,Mobile,North America,271.85,,0,2.82
1/9/2024 6:45,user_718,Checkout,Desktop,Asia,588.49,0.42,0,3.82
1/9/2024 7:00,user_735,Home,Desktop,Africa,213.41,,0,
1/9/2024 7:15,user_384,Checkout,Desktop,Asia,274.05,0.1,0,2.69
1/9/2024 7:30,user_564,Search,Tablet,North America,84.44,0.42,0,1.23
1/9/2024 7:45,user_851,Profile,Mobile,Europe,33.53,0.31,0,9.24
1/9/2024 8:00,user_506,Checkout,Desktop,South America,466.37,0.93,0,5.54
1/9/2024 8:15,user_367,Login,Tablet,Africa,344.56,0.38,0,4.27
1/9/2024 8:30,user_144,Profile,,Europe,457.62,0.76,1,5.58
1/9/2024 8:45,user_885,Profile,Tablet,South America,94.17,0.53,0,6.47
1/9/2024 9:00,user_69,Checkout,Tablet,Africa,345.24,,1,9.26
1/9/2024 9:15,user_99,Help,Mobile,Africa,155.92,0.26,0,2.2
1/9/2024 9:30,user_396,Product,Desktop,North America,140.7,0.94,0,3.31
1/9/2024 9:45,user_25,Help,Tablet,Europe,11.86,0.53,0,9.77
1/9/2024 10:00,user_948,Checkout,Tablet,Africa,82.55,0.83,0,4.03
1/9/2024 10:15,user_891,Profile,Desktop,Africa,189.01,0.37,0,0.71
1/9/2024 10:30,user_469,Login,Desktop,South America,74.54,0.1,0,1.9
1/9/2024 10:45,user_484,Profile,Mobile,North America,591.59,0.67,0,0.75
1/9/2024 11:00,user_565,Help,Mobile,Asia,188.64,,0,9.9
1/9/2024 11:15,user_151,Login,Mobile,North America,82.54,0.48,0,3.15
1/9/2024 11:30,user_144,Home,Desktop,Asia,123.45,0.19,1,
1/9/2024 11:45,user_569,Search,Tablet,Europe,354.68,0.63,0,9.96
1/9/2024 12:00,user_39,Profile,Tablet,Europe,43.11,0.98,0,6.2
1/9/2024 12:15,user_109,Checkout,Mobile,Africa,518.15,0.46,0,0.82
1/9/2024 12:30,user_693,Home,Desktop,Europe,577.09,0.82,1,1.28
1/9/2024 12:45,user_42,Search,Tablet,Africa,151.81,0.51,0,5.08
1/9/2024 13:00,user_186,Checkout,Mobile,North America,272.81,0.5,0,4.36
1/9/2024 13:15,user_935,Product,Tablet,Europe,,0.93,0,6.26
1/9/2024 13:30,user_398,Checkout,Tablet,North America,386.22,0.89,0,4.67
1/9/2024 13:45,user_223,Login,Desktop,North America,251.29,0.79,0,9.37
1/9/2024 14:00,user_634,Login,Desktop,Europe,165.68,0.3,0,5.58
1/9/2024 14:15,user_133,Product,Tablet,North America,128.07,0.55,0,7.09
1/9/2024 14:30,user_163,Home,Mobile,Europe,394.14,0.22,0,9.02
1/9/2024 14:45,user_215,Search,Desktop,Europe,252.65,0.44,0,1.9
1/9/2024 15:00,user_733,Checkout,,Europe,111.9,0.48,0,2.68
1/9/2024 15:15,user_235,Login,Desktop,Asia,415.02,,0,1.52
1/9/2024 15:30,user_843,Home,,North America,341.22,0.9,0,1.83
1/9/2024 15:45,user_658,Product,Desktop,South America,515.91,0.41,0,5.37
1/9/2024 16:00,user_751,Help,Tablet,Europe,74.9,0.02,0,3.55
1/9/2024 16:15,user_588,Profile,,North America,472.47,0.86,1,4.52
1/9/2024 16:30,user_9,Help,Mobile,Africa,405.74,0.17,0,9.83
1/9/2024 16:45,user_74,Help,Mobile,Europe,73.43,0.62,0,1.99
1/9/2024 17:00,user_954,Login,Desktop,Europe,418.42,0.02,0,5.64
1/9/2024 17:15,user_492,Product,Tablet,South America,267.72,0.4,1,1.44
1/9/2024 17:30,user_913,Checkout,,Asia,567.27,0.99,0,3.53
1/9/2024 17:45,user_253,Help,Mobile,Asia,89.26,0.1,0,5.51
1/9/2024 18:00,user_230,Help,Mobile,Europe,387.49,0.42,0,9.49
1/9/2024 18:15,user_519,Search,Tablet,North America,232.28,0.31,0,4.22
1/9/2024 18:30,user_174,Login,Desktop,Africa,574.3,,0,1.12
1/9/2024 18:45,user_653,Login,Mobile,Africa,201.34,,0,4.19
1/9/2024 19:00,user_168,Checkout,Tablet,North America,577.5,0.24,1,1.88
1/9/2024 19:15,user_170,Profile,Desktop,Europe,541.38,0.08,0,2.68
1/9/2024 19:30,user_393,Home,Desktop,Africa,165.88,0.63,0,6.37
1/9/2024 19:45,user_946,Search,Mobile,Asia,483.11,0.34,0,1.14
1/9/2024 20:00,user_795,Login,Mobile,North America,597.38,0.67,1,4.91
1/9/2024 20:15,user_634,Search,Desktop,South America,155.33,0.03,0,6.29
1/9/2024 20:30,user_194,Login,Desktop,Europe,,0.13,0,4.51
1/9/2024 20:45,user_517,Search,Mobile,North America,314.51,0.69,1,0.68
1/9/2024 21:00,user_29,Product,Desktop,Africa,180.48,0.21,0,9.86
1/9/2024 21:15,user_165,Help,Mobile,Europe,14.08,0.86,0,3.99
1/9/2024 21:30,user_422,Login,Desktop,Asia,135.98,0.06,0,7.9
1/9/2024 21:45,user_339,Search,Mobile,Europe,,0.22,1,3.59
1/9/2024 22:00,user_648,Home,Tablet,Europe,268.94,1,0,5.01
1/9/2024 22:15,user_496,Product,Mobile,Asia,106.81,0.43,0,4.19
1/9/2024 22:30,user_365,Product,Mobile,Asia,524.59,0.7,0,3.75
1/9/2024 22:45,user_833,Home,,Europe,,0.18,0,0.71
1/9/2024 23:00,user_342,Search,Desktop,Asia,55.69,0.61,1,3.92
1/9/2024 23:15,user_500,Checkout,Tablet,North America,391.81,0.73,1,8.95
1/9/2024 23:30,user_657,Home,Mobile,Asia,,0.31,0,7.06
1/9/2024 23:45,user_511,Search,Desktop,Asia,573.95,0.83,0,1.88
1/10/2024 0:00,user_327,Home,Tablet,Europe,,0.6,0,6.12
1/10/2024 0:15,user_217,Home,Desktop,North America,152.52,0.39,0,8.98
1/10/2024 0:30,user_301,Login,Desktop,South America,557.04,0.56,0,7.15
1/10/2024 0:45,user_132,Search,Tablet,South America,559.62,0.58,0,1.91
1/10/2024 1:00,user_804,Checkout,Desktop,Africa,433.75,0.17,0,8.74
1/10/2024 1:15,user_70,Help,Tablet,Asia,460.63,0.4,0,3.36
1/10/2024 1:30,user_252,Login,Mobile,Asia,59.43,0.34,0,4.81
1/10/2024 1:45,user_415,Home,Desktop,North America,310.76,0.4,0,5.5
1/10/2024 2:00,user_787,Help,Mobile,South America,142.79,0.76,0,8.58
1/10/2024 2:15,user_445,Profile,Mobile,Africa,112.82,0.48,0,9.35
1/10/2024 2:30,user_876,Help,Desktop,North America,487.13,0.94,0,9.33
1/10/2024 2:45,user_182,Home,Tablet,Asia,85.35,0.29,0,0.58
1/10/2024 3:00,user_167,Home,Desktop,South America,283.85,0.42,0,9.26
1/10/2024 3:15,user_91,Search,Mobile,Africa,563.45,0.79,0,1.02
1/10/2024 3:30,user_714,Search,Mobile,Europe,115.57,0.55,0,3.02
1/10/2024 3:45,user_858,Login,Tablet,South America,586.91,0.55,0,5.39
1/10/2024 4:00,user_531,Checkout,Desktop,Africa,596.6,0.05,0,
1/10/2024 4:15,user_39,Login,Mobile,North America,335.59,0.4,0,6.24
1/10/2024 4:30,user_126,Product,Mobile,Europe,106.23,0.27,0,5.05
1/10/2024 4:45,user_451,Home,Mobile,Africa,193.08,1,0,9.38
1/10/2024 5:00,user_173,Help,Tablet,Africa,,0.31,0,2.79
1/10/2024 5:15,user_653,Profile,Mobile,Asia,189.05,0.88,1,3.1
1/10/2024 5:30,user_754,Home,Mobile,South America,171.98,0.68,0,9.25
1/10/2024 5:45,user_220,Home,Desktop,Asia,,0.34,2,1.23
1/10/2024 6:00,user_638,Login,Desktop,Europe,96.25,0.54,0,6.29
1/10/2024 6:15,user_58,Profile,Mobile,Africa,441.33,0.84,0,6.98
1/10/2024 6:30,user_660,Profile,Mobile,Asia,5.24,0.88,0,5.3
1/10/2024 6:45,user_476,Profile,Desktop,South America,359.73,0.16,0,7.1
1/10/2024 7:00,user_456,Login,Tablet,Europe,549.99,0.34,1,2.14
1/10/2024 7:15,user_829,Home,Tablet,North America,176.32,0.34,0,8.6
1/10/2024 7:30,user_895,Login,Tablet,Asia,115.39,0.04,1,
1/10/2024 7:45,user_361,Search,,Europe,392.75,0.6,0,4.31
1/10/2024 8:00,user_935,Search,Tablet,North America,429,0.85,0,1.21
1/10/2024 8:15,user_1,Login,Tablet,Asia,414.38,0.38,0,5.68
1/10/2024 8:30,user_387,Profile,Tablet,Europe,194.99,0.74,0,6.86
1/10/2024 8:45,user_973,Home,Tablet,Europe,155.06,0.63,0,9.44
1/10/2024 9:00,user_348,Login,,Asia,573.77,0.38,0,7.52
1/10/2024 9:15,user_190,Login,Tablet,Europe,554.36,0.14,0,5.64
1/10/2024 9:30,user_505,Login,Tablet,Africa,277.1,0.71,1,9.36
1/10/2024 9:45,user_191,Product,Tablet,Asia,508.49,0.85,0,5.05
1/10/2024 10:00,user_508,Search,Mobile,Europe,274.13,0.69,0,5.83
1/10/2024 10:15,user_369,Help,Desktop,North America,257.51,0.02,1,6.16
1/10/2024 10:30,user_409,Profile,Desktop,North America,98.27,0.22,0,4.39
1/10/2024 10:45,user_824,Checkout,Desktop,Africa,258.71,0.07,0,8.47
1/10/2024 11:00,user_929,Help,Tablet,Asia,324.76,0.57,0,2.26
1/10/2024 11:15,user_934,Profile,Tablet,Europe,18.39,0.76,0,5.77
1/10/2024 11:30,user_117,Checkout,Mobile,Europe,269.25,0.11,0,7.36
1/10/2024 11:45,user_134,Product,Desktop,North America,469.91,0.84,0,9.09
1/10/2024 12:00,user_58,Login,Tablet,Africa,409.63,0.56,0,8.9
1/10/2024 12:15,user_556,Product,Desktop,North America,382.92,0.69,0,5.33
1/10/2024 12:30,user_685,Product,Mobile,North America,546.19,0.97,0,6.61
1/10/2024 12:45,user_672,Help,Mobile,Africa,,0.08,1,4.25
1/10/2024 13:00,user_173,Home,Mobile,Asia,336.44,0.9,0,4.95
1/10/2024 13:15,user_829,Help,Desktop,Europe,473.47,0.13,0,9.11
1/10/2024 13:30,user_815,Search,Tablet,Asia,327.09,0.39,0,9.34
1/10/2024 13:45,user_149,Checkout,Tablet,South America,197.72,0.85,0,9.01
1/10/2024 14:00,user_80,Login,Mobile,South America,86.07,0.91,0,1.81
1/10/2024 14:15,user_886,Help,Tablet,South America,533.1,0.51,0,8.58
1/10/2024 14:30,user_213,Checkout,Mobile,Africa,285.1,0.59,0,9.51
1/10/2024 14:45,user_203,Profile,Desktop,North America,527.48,0.71,0,3.93
1/10/2024 15:00,user_764,Checkout,,Asia,353.58,0.83,0,5.43
1/10/2024 15:15,user_229,Profile,Desktop,Europe,406.14,0.12,0,7.9
1/10/2024 15:30,user_676,Help,Mobile,South America,,0.81,0,5.84
1/10/2024 15:45,user_227,Search,Tablet,Asia,397.2,0.48,0,9.94
1/10/2024 16:00,user_659,Help,Tablet,South America,241.84,0.45,0,
1/10/2024 16:15,user_532,Profile,Mobile,South America,310.61,0.42,0,7.28
1/10/2024 16:30,user_441,Checkout,Tablet,Europe,482.81,0.51,0,8.03
1/10/2024 16:45,user_402,Checkout,,Africa,227.32,0.95,0,5.19
1/10/2024 17:00,user_47,Profile,,North America,235.93,0.55,0,8.64
1/10/2024 17:15,user_233,Product,Desktop,Africa,,0.95,0,5.69
1/10/2024 17:30,user_305,Search,Tablet,Asia,549.18,0.18,0,4.41
1/10/2024 17:45,user_526,Home,Desktop,Africa,59.17,0.72,0,1.52
1/10/2024 18:00,user_143,Login,Mobile,Asia,390.68,0.81,0,4.24
1/10/2024 18:15,user_415,Checkout,Tablet,Asia,250.85,0.68,0,7.47
1/10/2024 18:30,user_513,Login,Tablet,North America,246.34,0.61,0,9.25
1/10/2024 18:45,user_373,Home,Tablet,Europe,409.33,0.56,0,2.89
1/10/2024 19:00,user_566,Help,Mobile,North America,44.92,0.86,0,3.87
1/10/2024 19:15,user_886,Login,Desktop,Africa,358.25,0.82,0,1.96
1/10/2024 19:30,user_259,Home,Desktop,Asia,464.36,0.12,0,7.06
1/10/2024 19:45,user_656,Profile,Tablet,South America,497.79,0.85,0,9.62
1/10/2024 20:00,user_471,Product,Mobile,South America,106.47,0.41,0,
1/10/2024 20:15,user_953,Checkout,Mobile,Asia,538.96,0.25,0,6.36
1/10/2024 20:30,user_971,Home,Mobile,North America,395.41,0.87,0,5.76
1/10/2024 20:45,user_12,Login,Mobile,Europe,529.7,0.43,0,1.34
1/10/2024 21:00,user_330,Checkout,Mobile,North America,293.74,0.81,0,7.43
1/10/2024 21:15,user_736,Product,Desktop,Asia,327.51,0.26,0,
1/10/2024 21:30,user_784,Profile,Desktop,Asia,551.83,0,1,6.78
1/10/2024 21:45,user_968,Help,Desktop,Europe,540.45,0.5,0,9.04
1/10/2024 22:00,user_358,Checkout,Tablet,Africa,271.66,0.1,0,7.95
1/10/2024 22:15,user_972,Help,,Africa,168.28,0.75,0,7.92
1/10/2024 22:30,user_408,Home,Tablet,Europe,238.94,0.28,0,9.31
1/10/2024 22:45,user_668,Product,Mobile,Africa,235.72,0.44,1,9.9
1/10/2024 23:00,user_373,Login,Desktop,South America,175.69,0.09,0,6.02
1/10/2024 23:15,user_8,Product,Tablet,Africa,164.8,0.29,0,
1/10/2024 23:30,user_122,Product,Desktop,Africa,517.33,0.78,0,4.86
1/10/2024 23:45,user_348,Search,Mobile,Africa,46.57,,0,7.98
1/11/2024 0:00,user_676,Product,Mobile,South America,408.18,0.65,1,0.76
1/11/2024 0:15,user_90,Product,Mobile,Africa,107.83,0.92,0,1.04
1/11/2024 0:30,user_648,Checkout,Desktop,South America,209.98,0.68,0,1.14
1/11/2024 0:45,user_698,Login,Mobile,Europe,41.62,0.81,0,7.44
1/11/2024 1:00,user_316,Checkout,Desktop,North America,165.63,0.11,0,5.26
1/11/2024 1:15,user_178,Checkout,Tablet,Europe,462.21,0.25,0,4
1/11/2024 1:30,user_540,Home,Mobile,North America,531.58,0.89,0,1.5
1/11/2024 1:45,user_732,Checkout,,Europe,136.81,0.72,0,7.46
1/11/2024 2:00,user_869,Search,Mobile,North America,280.81,0.64,0,3.55
1/11/2024 2:15,user_41,Search,Tablet,North America,284.84,0.66,0,3.02
1/11/2024 2:30,user_740,Help,Mobile,Asia,524.78,0.41,1,6.7
1/11/2024 2:45,user_704,Home,Desktop,North America,458.87,0.04,0,5.81
1/11/2024 3:00,user_923,Help,Desktop,North America,310.28,0.78,0,3.94
1/11/2024 3:15,user_502,Help,Mobile,Asia,404.09,,0,6.59
1/11/2024 3:30,user_959,Profile,,Africa,509.18,0.47,0,3.08
1/11/2024 3:45,user_145,Login,Tablet,Africa,,0.9,1,8.05
1/11/2024 4:00,user_201,Login,Tablet,Asia,244.72,0.34,0,2.68
1/11/2024 4:15,user_929,Checkout,Tablet,South America,544.81,0.29,0,2.01
1/11/2024 4:30,user_724,Checkout,Mobile,North America,445.49,0.87,0,7.93
1/11/2024 4:45,user_461,Profile,Tablet,North America,327.99,0.8,0,7.22
1/11/2024 5:00,user_732,Checkout,Tablet,Asia,320.14,0.51,1,2.24
1/11/2024 5:15,user_752,Login,Desktop,Asia,211.92,0.13,1,1.6
1/11/2024 5:30,user_925,Help,Tablet,South America,314.71,0.22,0,8.46
1/11/2024 5:45,user_909,Product,Desktop,Africa,394.95,0.66,1,7.88
1/11/2024 6:00,user_558,Search,Desktop,Europe,,0.39,0,3.61
1/11/2024 6:15,user_547,Product,Tablet,Africa,429.92,0.84,0,6.75
1/11/2024 6:30,user_253,Product,Desktop,North America,517.43,0.95,0,1.68
1/11/2024 6:45,user_390,Login,Mobile,Asia,97.04,0.81,0,5.32
1/11/2024 7:00,user_594,Product,Mobile,South America,273.67,0.38,0,
1/11/2024 7:15,user_883,Profile,Tablet,Africa,,0.79,0,4.22
1/11/2024 7:30,user_256,Home,Mobile,South America,414.04,0.35,0,1.21
1/11/2024 7:45,user_709,Checkout,Desktop,Africa,153.67,0.17,0,5.01
1/11/2024 8:00,user_815,Home,Mobile,North America,385.95,0.03,0,4.51
1/11/2024 8:15,user_921,Help,Tablet,Europe,527.11,0.39,0,4.72
1/11/2024 8:30,user_450,Search,Tablet,South America,253.79,0.9,0,0.93
1/11/2024 8:45,user_10,Checkout,Desktop,South America,547.05,,0,3.94
1/11/2024 9:00,user_824,Product,Tablet,Europe,595.93,0.21,0,7.69
1/11/2024 9:15,user_798,Search,Mobile,South America,68.12,0.97,0,4
1/11/2024 9:30,user_242,Checkout,Tablet,South America,143.67,0.03,0,7.29
1/11/2024 9:45,user_251,Profile,Desktop,Africa,570.48,0.79,0,4.01
1/11/2024 10:00,user_877,Profile,Tablet,Africa,575.2,,0,4.52
1/11/2024 10:15,user_5,Profile,Mobile,Europe,63.14,0.04,0,5.86
1/11/2024 10:30,user_119,Profile,Desktop,North America,13.92,0.92,0,9.53
1/11/2024 10:45,user_801,Product,,South America,100.85,0.14,0,1.53
1/11/2024 11:00,user_374,Home,Desktop,North America,597.63,0.55,0,0.81
1/11/2024 11:15,user_65,Checkout,Tablet,Europe,112.1,,0,6.28
1/11/2024 11:30,user_146,Product,Desktop,Europe,304.02,0.07,0,9.52
1/11/2024 11:45,user_224,Profile,Desktop,Africa,509.81,0.05,0,9.9
1/11/2024 12:00,user_239,Help,Tablet,South America,17.14,0.12,0,
1/11/2024 12:15,user_177,Home,Mobile,Asia,,0.07,0,4.95
1/11/2024 12:30,user_779,Help,Tablet,Europe,,0.76,0,6.63
1/11/2024 12:45,user_853,Search,Desktop,South America,518.09,0.49,0,5.78
1/11/2024 13:00,user_282,Help,Tablet,North America,173.66,0.34,0,6.52
1/11/2024 13:15,user_63,Search,Desktop,Africa,,0.42,0,8.8
1/11/2024 13:30,user_217,Search,Tablet,North America,406.16,0.93,0,7.59
1/11/2024 13:45,user_854,Profile,Tablet,Europe,136.79,0.91,0,5.22
1/11/2024 14:00,user_827,Search,Mobile,Europe,25.71,0.72,0,4.89
1/11/2024 14:15,user_795,Login,Desktop,North America,248.5,0.88,0,6.58
1/11/2024 14:30,user_689,Checkout,Mobile,Europe,177.07,0.32,0,4.83
1/11/2024 14:45,user_461,Checkout,Desktop,South America,486.34,0.38,0,4.85
1/11/2024 15:00,user_929,Profile,Tablet,Europe,481.22,0.61,0,0.65
1/11/2024 15:15,user_610,Login,,Africa,276.93,,0,2.15
1/11/2024 15:30,user_105,Help,Mobile,South America,365.87,0.48,0,5.14
1/11/2024 15:45,user_99,Product,,Asia,364.53,0.4,0,8.32
1/11/2024 16:00,user_511,Help,Mobile,Europe,497.16,0.99,0,3.15
1/11/2024 16:15,user_385,Product,Desktop,Europe,257.88,0.82,2,5.47
1/11/2024 16:30,user_405,Search,Mobile,Africa,168.89,0.43,0,3.78
1/11/2024 16:45,user_823,Home,Mobile,Africa,162.7,0.73,0,1.5
1/11/2024 17:00,user_518,Product,Mobile,North America,324.03,0.27,0,9.6
1/11/2024 17:15,user_476,Home,Tablet,North America,272.24,0.1,0,8.62
1/11/2024 17:30,user_977,Checkout,Tablet,North America,266.87,0.35,0,1.25
1/11/2024 17:45,user_709,Home,Desktop,Africa,59.23,0.4,0,7.34
1/11/2024 18:00,user_863,Checkout,Desktop,North America,432.57,0.02,0,3.8
1/11/2024 18:15,user_645,Login,Mobile,North America,132.17,0.81,0,9.95
1/11/2024 18:30,user_870,Login,Tablet,Asia,122.19,0.36,0,3.37
1/11/2024 18:45,user_771,Profile,Mobile,North America,250.59,0.58,0,2.77
1/11/2024 19:00,user_437,Profile,,Europe,140.53,0.07,0,5.89
1/11/2024 19:15,user_23,Search,Tablet,Africa,352.4,0.17,0,8.43
1/11/2024 19:30,user_997,Product,Tablet,South America,226.02,0.89,0,2.33
1/11/2024 19:45,user_565,Search,Tablet,Asia,272.1,0.61,0,7.24
1/11/2024 20:00,user_677,Checkout,Desktop,Africa,324.62,0.95,0,1.08
1/11/2024 20:15,user_714,Search,Desktop,Africa,126.1,,0,9.23
1/11/2024 20:30,user_458,Home,Mobile,Europe,97.67,0.37,0,1.27
1/11/2024 20:45,user_83,Checkout,Desktop,North America,528.85,0.3,1,9.19
1/11/2024 21:00,user_145,Profile,Tablet,Europe,263.07,0.86,0,5.16
1/11/2024 21:15,user_85,Login,Tablet,North America,250.2,1,0,4.76
1/11/2024 21:30,user_78,Profile,Desktop,North America,26.19,0.63,0,9.75
1/11/2024 21:45,user_457,Product,Mobile,Africa,301.3,0.8,0,
1/11/2024 22:00,user_878,Checkout,Mobile,North America,334.73,0.78,0,6.68
1/11/2024 22:15,user_1,Checkout,Desktop,Asia,337.51,0.36,0,1.71
1/11/2024 22:30,user_51,Home,Mobile,Asia,425.68,0.57,0,5.31
1/11/2024 22:45,user_685,Product,Mobile,Asia,110.6,,0,5.53
1/11/2024 23:00,user_717,Login,Mobile,Africa,155.07,0.69,0,5.39
1/11/2024 23:15,user_772,Help,Tablet,Europe,487.38,0.02,0,5.91
1/11/2024 23:30,user_446,Checkout,Tablet,South America,,0.34,0,0.68
1/11/2024 23:45,user_449,Checkout,Desktop,North America,85.88,0.14,0,7.26
1/12/2024 0:00,user_881,Home,Tablet,South America,301.1,0.23,0,7.27
1/12/2024 0:15,user_488,Search,Mobile,Europe,132.43,,0,1.6
1/12/2024 0:30,user_800,Login,Tablet,Europe,40.74,0.04,0,5.92
1/12/2024 0:45,user_34,Profile,Desktop,Africa,198.67,0.22,0,5.9
1/12/2024 1:00,user_348,Product,Tablet,Asia,90.49,0.31,0,6.98
1/12/2024 1:15,user_95,Checkout,Mobile,Asia,427.41,0.62,0,1.31
1/12/2024 1:30,user_72,Checkout,Mobile,Europe,322.57,0.53,0,6.45
1/12/2024 1:45,user_551,Profile,,Africa,90.58,0.22,0,3.17
1/12/2024 2:00,user_154,Login,Tablet,Africa,10.5,0.16,0,5.32
1/12/2024 2:15,user_250,Search,Tablet,North America,485.85,0.24,0,7.85
1/12/2024 2:30,user_674,Checkout,Tablet,Asia,109.84,0.5,0,7.2
1/12/2024 2:45,user_438,Login,Mobile,Europe,365.7,0.27,0,1.63
1/12/2024 3:00,user_118,Profile,Desktop,South America,205.47,0.95,0,6.12
1/12/2024 3:15,user_771,Home,,Asia,353.36,0.46,0,9.71
1/12/2024 3:30,user_891,Search,Mobile,North America,192.81,0.06,0,1.99
1/12/2024 3:45,user_306,Product,Mobile,Africa,56.73,0.73,0,8.6
1/12/2024 4:00,user_268,Checkout,,Europe,137.66,0.33,1,7.17
1/12/2024 4:15,user_961,Login,Tablet,Asia,116.89,0.65,0,7.85
1/12/2024 4:30,user_54,Home,Tablet,South America,259.67,0.28,0,3.18
1/12/2024 4:45,user_236,Product,Tablet,North America,396.68,0.57,0,3.23
1/12/2024 5:00,user_389,Help,Tablet,North America,161.96,0.77,0,9.11
1/12/2024 5:15,user_990,Login,Tablet,Asia,12.18,0.93,0,3.92
1/12/2024 5:30,user_734,Login,Tablet,South America,313.77,0.26,0,1.1
1/12/2024 5:45,user_763,Product,Tablet,North America,365.43,0.33,0,6.21
1/12/2024 6:00,user_825,Home,Tablet,Europe,577.91,0.46,0,1.69
1/12/2024 6:15,user_401,Help,Tablet,North America,355.74,0.93,0,
1/12/2024 6:30,user_624,Profile,Mobile,South America,285.35,,0,6.6
1/12/2024 6:45,user_767,Home,Tablet,Africa,346.17,0.09,0,8.81
1/12/2024 7:00,user_303,Search,Desktop,Africa,557.1,0.13,1,7.96
1/12/2024 7:15,user_919,Checkout,Mobile,Asia,497.88,0.5,0,1.57
1/12/2024 7:30,user_207,Product,Tablet,South America,197.17,0.11,0,4.12
1/12/2024 7:45,user_229,Profile,Desktop,North America,146.17,0.35,0,7.86
1/12/2024 8:00,user_853,Help,Tablet,North America,161.27,0.15,1,
1/12/2024 8:15,user_910,Product,Desktop,Africa,305.13,0.64,0,9.74
1/12/2024 8:30,user_578,Product,Desktop,Africa,447.71,,0,7.49
1/12/2024 8:45,user_75,Home,Desktop,Europe,304.42,1,0,0.65
1/12/2024 9:00,user_435,Checkout,Desktop,Africa,45.34,0.38,0,8.86
1/12/2024 9:15,user_103,Search,Mobile,Europe,435.53,0.6,0,1.46
1/12/2024 9:30,user_422,Login,Mobile,North America,,0.86,0,1.83
1/12/2024 9:45,user_704,Login,Desktop,Europe,177.25,0.12,0,7.48
1/12/2024 10:00,user_764,Product,Tablet,Europe,400.15,0.69,0,8.72
1/12/2024 10:15,user_738,Checkout,Desktop,Asia,258.82,0.41,0,5.6
1/12/2024 10:30,user_806,Help,Mobile,Africa,534.03,0.21,0,3.25
1/12/2024 10:45,user_306,Help,Tablet,Europe,507.91,0.4,0,3.84
1/12/2024 11:00,user_98,Profile,Mobile,North America,317.63,0.08,1,3.76
1/12/2024 11:15,user_850,Home,Mobile,South America,416.45,0.7,0,3.6
1/12/2024 11:30,user_798,Checkout,Tablet,Europe,530.59,0.25,0,
1/12/2024 11:45,user_335,Checkout,Desktop,Africa,299.95,0.31,0,6.28
1/12/2024 12:00,user_859,Home,Desktop,Asia,191.38,0.12,0,9.05
1/12/2024 12:15,user_435,Help,Desktop,North America,453.43,0.86,0,3.42
1/12/2024 12:30,user_447,Help,Desktop,Asia,135.94,0.49,0,2.27
1/12/2024 12:45,user_994,Help,Tablet,South America,236.18,0.57,0,8.47
1/12/2024 13:00,user_308,Product,Tablet,Europe,520.11,0.57,1,7.55
1/12/2024 13:15,user_249,Checkout,Tablet,Europe,,0.41,0,9.34
1/12/2024 13:30,user_166,Login,Mobile,Africa,245.27,0.19,0,2.07
1/12/2024 13:45,user_481,Home,Tablet,Europe,132.77,0.75,0,1.87
1/12/2024 14:00,user_984,Help,Desktop,North America,216.8,,1,5.64
1/12/2024 14:15,user_335,Profile,Mobile,South America,174.04,0.1,1,6.34
1/12/2024 14:30,user_542,Help,Desktop,Asia,109.77,0.71,1,5.06
1/12/2024 14:45,user_759,Help,Desktop,South America,447.28,0.21,0,6.19
1/12/2024 15:00,user_106,Search,Tablet,Europe,,0.31,0,2.21
1/12/2024 15:15,user_563,Product,Tablet,Asia,275.23,0.48,0,5.06
1/12/2024 15:30,user_81,Home,Desktop,Africa,,0.45,0,6.75
1/12/2024 15:45,user_133,Search,Desktop,South America,589.34,0.71,0,4.61
1/12/2024 16:00,user_797,Search,Mobile,Asia,237.7,0.62,0,6.95
1/12/2024 16:15,user_900,Profile,Tablet,Asia,52.59,0.64,0,4.79
1/12/2024 16:30,user_138,Checkout,Mobile,Asia,58.45,0.71,0,3.67
1/12/2024 16:45,user_184,Profile,Mobile,North America,356.5,0.29,0,3.38
1/12/2024 17:00,user_401,Checkout,Mobile,South America,361.62,0.32,0,4.4
1/12/2024 17:15,user_330,Checkout,Desktop,Asia,254.16,0.44,0,0.72
1/12/2024 17:30,user_785,Home,Mobile,South America,261.95,0.31,0,6.85
1/12/2024 17:45,user_508,Help,Mobile,Asia,37.09,0.98,0,8.53
1/12/2024 18:00,user_852,Home,Desktop,Africa,312.35,0.81,0,3.87
1/12/2024 18:15,user_984,Product,Tablet,Africa,305.32,0.16,0,0.94
1/12/2024 18:30,user_69,Checkout,Tablet,Africa,93.98,0.01,0,9.87
1/12/2024 18:45,user_546,Search,Mobile,Europe,66.78,0.04,0,3.01
1/12/2024 19:00,user_774,Help,Desktop,Asia,78.53,0.24,0,1.7
1/12/2024 19:15,user_53,Login,Tablet,Europe,65.11,0.11,1,4.01
1/12/2024 19:30,user_450,Product,Mobile,South America,367.78,0.53,0,7.52
1/12/2024 19:45,user_205,Home,Mobile,Europe,121.91,0.86,0,3.29
1/12/2024 20:00,user_126,Profile,Desktop,South America,154.6,0.74,0,5.96
1/12/2024 20:15,user_747,Product,Mobile,South America,108.28,0.22,0,4.45
1/12/2024 20:30,user_43,Product,Tablet,South America,574.91,0.4,0,1.62
1/12/2024 20:45,user_752,Help,Desktop,Europe,513.5,0.51,0,3.64
1/12/2024 21:00,user_971,Product,Tablet,Asia,142.14,0.81,0,7.39
1/12/2024 21:15,user_883,Product,Tablet,Europe,199.9,0.84,0,6.31
1/12/2024 21:30,user_111,Login,Tablet,Asia,129.89,0.91,0,1.64
1/12/2024 21:45,user_761,Profile,Mobile,Asia,297.67,0.51,0,2.05
1/12/2024 22:00,user_663,Profile,,South America,16.67,0.69,0,6.59
1/12/2024 22:15,user_183,Profile,Tablet,Europe,404.46,0.11,0,8.23
1/12/2024 22:30,user_848,Checkout,Tablet,Asia,316.28,0.57,0,3.82
1/12/2024 22:45,user_95,Search,Desktop,Africa,539.69,0.25,0,6.16
1/12/2024 23:00,user_971,Profile,Desktop,Asia,102.81,0.43,1,2.12
1/12/2024 23:15,user_374,Product,Mobile,Africa,483.45,0.63,0,3.46
1/12/2024 23:30,user_912,Product,Mobile,Europe,476.22,0.26,0,0.69
1/12/2024 23:45,user_520,Profile,Desktop,Europe,80.67,1.5,1,7.8
1/13/2024 0:00,user_900,Help,Tablet,Europe,242.14,0.01,0,4.31
1/13/2024 0:15,user_360,Profile,Mobile,Asia,106.24,0.02,0,8.25
1/13/2024 0:30,user_900,Product,Tablet,North America,156.56,0.01,0,7.23
1/13/2024 0:45,user_696,Checkout,Desktop,Asia,161.63,0.11,0,8.37
1/13/2024 1:00,user_281,Home,Mobile,Asia,335.96,0.24,0,3.21
1/13/2024 1:15,user_195,Home,Mobile,South America,249.79,0.22,0,2.26
1/13/2024 1:30,user_864,Profile,Desktop,South America,568.9,0.99,0,9.73
1/13/2024 1:45,user_195,Login,Mobile,Asia,80.19,0.31,0,7.31
1/13/2024 2:00,user_667,Profile,Desktop,Africa,584.35,0.13,0,8.42
1/13/2024 2:15,user_93,Help,Mobile,South America,142.23,0.55,0,0.62
1/13/2024 2:30,user_672,Profile,Desktop,Asia,464.86,0.86,0,3.87
1/13/2024 2:45,user_946,Home,Mobile,North America,206.69,0.68,0,7.56
1/13/2024 3:00,user_61,Product,Tablet,Africa,90.13,0.3,0,1.24
1/13/2024 3:15,user_634,Profile,Tablet,Europe,515.44,0.56,1,5.89
1/13/2024 3:30,user_51,Product,Tablet,Asia,188.77,0.71,0,4.58
1/13/2024 3:45,user_403,Product,Mobile,Asia,397.02,0.73,0,0.67
1/13/2024 4:00,user_789,Login,Mobile,Africa,342.03,0.67,0,2.74
1/13/2024 4:15,user_5,Product,Tablet,South America,285.7,0.87,0,3.21
1/13/2024 4:30,user_466,Home,Tablet,South America,300.01,0.87,0,1.56
1/13/2024 4:45,user_604,Checkout,Desktop,South America,,0.58,0,6.5
1/13/2024 5:00,user_682,Checkout,Desktop,Europe,57.22,0.43,0,2.8
1/13/2024 5:15,user_829,Search,Desktop,Africa,402.57,0.64,1,3.14
1/13/2024 5:30,user_534,Help,Tablet,Africa,538.01,0.82,0,9.03
1/13/2024 5:45,user_405,Profile,Tablet,South America,39.38,0.01,0,4.94
1/13/2024 6:00,user_838,Help,Tablet,South America,88.69,0.99,0,4.23
1/13/2024 6:15,user_513,Home,Desktop,North America,431.4,0.18,0,7.38
1/13/2024 6:30,user_645,Product,Mobile,North America,,0.47,0,9.14
1/13/2024 6:45,user_233,Checkout,Tablet,Asia,245.11,0.87,0,0.74
1/13/2024 7:00,user_524,Help,Mobile,Asia,86.5,0.23,0,4.76
1/13/2024 7:15,user_346,Home,Mobile,Africa,,0.48,0,6.3
1/13/2024 7:30,user_46,Checkout,Mobile,Africa,80.29,0.13,0,3.53
1/13/2024 7:45,user_546,Product,Desktop,Europe,288.59,0.4,0,7.84
1/13/2024 8:00,user_945,Help,Mobile,Europe,459.35,0.18,1,9.73
1/13/2024 8:15,user_78,Checkout,Tablet,North America,158.67,0.36,0,9.46
1/13/2024 8:30,user_730,Profile,Desktop,Asia,291.07,0.37,1,3.03
1/13/2024 8:45,user_813,Profile,Tablet,North America,595.25,0.99,0,2.65
1/13/2024 9:00,user_923,Search,Tablet,North America,413.56,0.99,0,9.6
1/13/2024 9:15,user_73,Search,Desktop,Asia,505.61,0.11,0,4.86
1/13/2024 9:30,user_794,Checkout,Tablet,Europe,251.83,0.73,0,2.48
1/13/2024 9:45,user_249,Home,Tablet,Asia,461.88,0.05,0,7.22
1/13/2024 10:00,user_47,Profile,Desktop,South America,29.1,0.03,0,3.2
1/13/2024 10:15,user_121,Home,Tablet,South America,78.13,0.11,1,3.04
1/13/2024 10:30,user_214,Home,Mobile,South America,125.83,0.97,0,8.85
1/13/2024 10:45,user_239,Checkout,Tablet,Africa,244.16,0.94,0,2.04
1/13/2024 11:00,user_56,Home,Mobile,Europe,508.22,0.19,0,1.11
1/13/2024 11:15,user_350,Profile,Tablet,Europe,211.03,0.16,0,3.06
1/13/2024 11:30,user_107,Product,Desktop,Africa,394.5,0.24,0,6.27
1/13/2024 11:45,user_831,Search,Desktop,North America,427.04,0.52,0,1.67
1/13/2024 12:00,user_48,Product,Tablet,South America,353.78,0.57,0,
1/13/2024 12:15,user_573,Home,Desktop,South America,217.56,0.22,0,6.46
1/13/2024 12:30,user_337,Product,Tablet,North America,348.35,0.76,0,8.56
1/13/2024 12:45,user_26,Profile,Desktop,Asia,208.65,0.31,0,2.68
1/13/2024 13:00,user_804,Profile,Mobile,Asia,54.9,0.92,0,8.26
1/13/2024 13:15,user_257,Home,Tablet,Europe,595.72,0.66,0,2.73
1/13/2024 13:30,user_8,Checkout,Mobile,Africa,80.67,0.44,0,6.93
1/13/2024 13:45,user_625,Product,Mobile,Europe,48.05,0.79,0,4.59
1/13/2024 14:00,user_867,Checkout,Tablet,Asia,527.73,0.82,0,1.59
1/13/2024 14:15,user_253,Checkout,Mobile,North America,184.59,0.29,0,7.29
1/13/2024 14:30,user_692,Login,Tablet,Europe,391.93,0.34,0,2.57
1/13/2024 14:45,user_719,Home,Mobile,South America,200.76,0.94,0,2.18
1/13/2024 15:00,user_303,Search,Tablet,South America,237.92,0.16,0,3.9
1/13/2024 15:15,user_639,Profile,,North America,160.96,0.04,0,6.71
1/13/2024 15:30,user_56,Profile,Desktop,Asia,209.11,0.45,0,2.72
1/13/2024 15:45,user_726,Home,Tablet,South America,249.37,0.8,0,2.24
1/13/2024 16:00,user_526,Help,Tablet,South America,433.65,0.77,0,0.59
1/13/2024 16:15,user_474,Help,Mobile,Africa,309.36,,0,4.98
1/13/2024 16:30,user_28,Help,Tablet,Europe,566.42,0.53,0,4.57
1/13/2024 16:45,user_983,Search,Desktop,Asia,,0.1,0,2.72
1/13/2024 17:00,user_78,Profile,Mobile,Europe,304.33,0.59,0,1.01
1/13/2024 17:15,user_216,Home,Mobile,Asia,352.61,0.78,0,4.58
1/13/2024 17:30,user_386,Profile,Desktop,South America,552.52,0.09,0,7.99
1/13/2024 17:45,user_365,Checkout,Mobile,Africa,34.25,0.17,0,7.3
1/13/2024 18:00,user_666,Product,Mobile,Europe,,0.01,0,8.68
1/13/2024 18:15,user_526,Product,Mobile,South America,,0.59,0,0.59
1/13/2024 18:30,user_699,Profile,Mobile,Asia,148.95,0.89,0,9.68
1/13/2024 18:45,user_312,Login,Desktop,Europe,526.39,0.67,0,3.74
1/13/2024 19:00,user_883,Search,Desktop,Europe,16.33,0.98,0,9.91
1/13/2024 19:15,user_7,Help,Mobile,South America,440.81,,0,2.9
1/13/2024 19:30,user_3,Search,Mobile,Europe,560.2,0.9,0,4.98
1/13/2024 19:45,user_623,Search,Desktop,Africa,396.03,0.81,1,3.86
1/13/2024 20:00,user_919,Checkout,Desktop,Africa,266.22,0.31,0,3.88
1/13/2024 20:15,user_750,Search,Desktop,South America,31.7,0.97,0,8.5
1/13/2024 20:30,user_363,Product,Mobile,Asia,552.47,0.29,0,7.59
1/13/2024 20:45,user_751,Checkout,Mobile,South America,284.83,0.89,0,9.93
1/13/2024 21:00,user_508,Home,Tablet,Africa,22.25,0.88,0,6.33
1/13/2024 21:15,user_274,Search,Desktop,North America,415.44,0.76,0,4.9
1/13/2024 21:30,user_506,Search,Mobile,North America,291.69,0.56,0,1.36
1/13/2024 21:45,user_806,Home,Desktop,Europe,78.99,0.12,0,9.97
1/13/2024 22:00,user_739,Search,Mobile,Europe,132.49,0.53,0,5.74
1/13/2024 22:15,user_883,Home,Desktop,North America,43.37,0.36,0,7.15
1/13/2024 22:30,user_15,Checkout,Mobile,Africa,346.7,0.79,0,4.36
1/13/2024 22:45,user_192,Product,Tablet,Europe,375.11,0.76,0,5.7
1/13/2024 23:00,user_985,Home,Tablet,South America,305.92,0.91,0,9.45
1/13/2024 23:15,user_631,Login,Desktop,South America,491.18,0.01,0,2.08
1/13/2024 23:30,user_485,Home,Mobile,Africa,517.3,0.81,0,3.28
1/13/2024 23:45,user_28,Search,Mobile,Europe,371.3,0.94,0,
1/14/2024 0:00,user_714,Help,Desktop,South America,12.59,0.79,0,8.03
1/14/2024 0:15,user_39,Help,Mobile,Europe,418.66,0.13,0,1.09
1/14/2024 0:30,user_953,Checkout,Desktop,Europe,253.71,0.08,0,1.28
1/14/2024 0:45,user_273,Profile,Mobile,South America,341.51,0.02,0,3.34
1/14/2024 1:00,user_231,Checkout,,North America,391.2,0.63,0,5.38
1/14/2024 1:15,user_86,Profile,Mobile,South America,213.39,0.63,0,4.36
1/14/2024 1:30,user_474,Help,Desktop,Africa,550.67,0.99,0,0.93
1/14/2024 1:45,user_126,Help,Mobile,Asia,84.72,0.4,0,9.6
1/14/2024 2:00,user_812,Home,Tablet,South America,404.55,0.33,0,9.55
1/14/2024 2:15,user_537,Product,Mobile,Europe,7.59,0.62,0,3.15
1/14/2024 2:30,user_145,Login,Desktop,Europe,555.17,0.83,0,
1/14/2024 2:45,user_525,Checkout,Tablet,South America,71.94,0.94,0,6
1/14/2024 3:00,user_212,Search,Mobile,Asia,61.46,0.8,0,2.76
1/14/2024 3:15,user_25,Profile,Tablet,South America,203.14,0.43,1,2.99
1/14/2024 3:30,user_580,Search,Mobile,Asia,227.27,0.63,0,5.17
1/14/2024 3:45,user_394,Product,Tablet,Asia,132.51,0.86,0,
1/14/2024 4:00,user_67,Profile,Desktop,Africa,353.15,0.49,0,3.27
1/14/2024 4:15,user_233,Checkout,Mobile,Europe,268.53,0.22,0,8.17
1/14/2024 4:30,user_109,Home,Mobile,Europe,25.33,0.17,0,5.07
1/14/2024 4:45,user_146,Search,Desktop,Asia,195.19,,0,6.72
1/14/2024 5:00,user_111,Product,Tablet,Europe,487.21,0.72,0,2.3
1/14/2024 5:15,user_228,Checkout,Desktop,North America,-10,0.11,0,5.57
1/14/2024 5:30,user_111,Help,Desktop,Asia,436.3,0.24,0,3.52
1/14/2024 5:45,user_470,Help,Tablet,Europe,420.38,0.3,0,5.5
1/14/2024 6:00,user_34,Checkout,Desktop,North America,190.03,0.56,1,
1/14/2024 6:15,user_623,Checkout,Mobile,Africa,64.3,0.4,1,
1/14/2024 6:30,user_776,Checkout,Mobile,Europe,,0.67,0,3.87
1/14/2024 6:45,user_936,Profile,Mobile,North America,499.91,,0,7.1
1/14/2024 7:00,user_369,Checkout,Desktop,South America,588.38,0.12,0,9.44
1/14/2024 7:15,user_748,Search,Mobile,South America,298.84,0.5,0,6.44
1/14/2024 7:30,user_595,Product,Mobile,North America,10.77,0.34,0,1.91
1/14/2024 7:45,user_554,Profile,Mobile,Asia,88.33,0.3,0,6.96
1/14/2024 8:00,user_425,Checkout,Mobile,Asia,196.64,0.07,0,1.5
1/14/2024 8:15,user_613,Login,Mobile,Europe,349.26,0.9,0,8.79
1/14/2024 8:30,user_518,Login,Mobile,South America,49.68,0.69,0,5.41
1/14/2024 8:45,user_692,Product,Desktop,Asia,566.3,0.12,0,4.16
1/14/2024 9:00,user_282,Help,Mobile,Asia,222.22,0.07,0,1.04
1/14/2024 9:15,user_320,Home,Mobile,South America,547.99,0.97,0,4.12
1/14/2024 9:30,user_738,Home,Tablet,Africa,469.41,0.68,0,9.08
1/14/2024 9:45,user_443,Help,Desktop,Asia,454.49,0.42,0,0.7
1/14/2024 10:00,user_952,Profile,Desktop,North America,366,0.7,0,5.01
1/14/2024 10:15,user_315,Profile,Desktop,Europe,377.94,0.76,0,9.35
1/14/2024 10:30,user_877,Profile,Desktop,Asia,384.61,0.78,0,4.25
1/14/2024 10:45,user_966,Home,,Asia,,0.48,0,4.57
1/14/2024 11:00,user_741,Login,Mobile,Africa,,0.43,0,6
1/14/2024 11:15,user_377,Home,Tablet,North America,591.92,,0,4.9
1/14/2024 11:30,user_289,Search,Tablet,Europe,440.71,,0,2.1
1/14/2024 11:45,user_437,Checkout,Desktop,Asia,467.28,0.6,0,0.68
1/14/2024 12:00,user_662,Profile,Tablet,Europe,524.12,0.2,0,6.29
1/14/2024 12:15,user_277,Login,Tablet,South America,133.31,0.92,0,9.25
1/14/2024 12:30,user_710,Product,Desktop,Asia,54.86,0.91,0,1.51
1/14/2024 12:45,user_582,Product,Desktop,Asia,,0.99,0,
1/14/2024 13:00,user_503,Checkout,Tablet,South America,310.88,0.87,0,4.02
1/14/2024 13:15,user_624,Login,Mobile,Africa,498.36,1,0,8.18
1/14/2024 13:30,user_516,Home,Tablet,Asia,269.05,0.24,0,3.06
1/14/2024 13:45,user_350,Home,Tablet,Europe,344.66,0.84,0,8.88
1/14/2024 14:00,user_843,Search,Mobile,North America,318.61,0.82,0,1.02
1/14/2024 14:15,user_446,Search,Mobile,Europe,,1.5,1,9.44
1/14/2024 14:30,user_830,Home,Desktop,Africa,371.05,0.1,1,5.83
1/14/2024 14:45,user_350,Product,Desktop,North America,497.69,0.98,0,
1/14/2024 15:00,user_607,Profile,Tablet,Europe,98.71,0.3,0,3.99
1/14/2024 15:15,user_664,Product,Mobile,Europe,358.63,0.87,0,7.93
1/14/2024 15:30,user_823,Search,Desktop,South America,358.2,0,1,2.08
1/14/2024 15:45,user_137,Checkout,,Africa,102.69,0.02,0,0.96
1/14/2024 16:00,user_759,Home,Mobile,South America,78.46,0.47,0,4.26
1/14/2024 16:15,user_899,Search,Tablet,North America,,0.24,0,
1/14/2024 16:30,user_243,Search,Desktop,South America,239.26,,0,7.67
1/14/2024 16:45,user_543,Profile,Desktop,Africa,140.32,0.57,0,5.41
1/14/2024 17:00,user_40,Home,Mobile,Asia,106.94,0.08,0,5.94
1/14/2024 17:15,user_229,Profile,Tablet,Asia,402.22,0.16,0,1.73
1/14/2024 17:30,user_548,Home,Mobile,North America,367.62,0.39,0,8.49
1/14/2024 17:45,user_920,Profile,Desktop,Asia,387.91,0.19,1,7.98
1/14/2024 18:00,user_223,Product,Desktop,South America,,0.79,0,6.74
1/14/2024 18:15,user_6,Checkout,Tablet,North America,536.65,0.42,0,4.93
1/14/2024 18:30,user_322,Checkout,Tablet,Africa,236.61,0.09,0,9.66
1/14/2024 18:45,user_468,Home,Tablet,North America,191.45,0.48,0,8.85
1/14/2024 19:00,user_732,Login,Mobile,North America,-10,0.09,0,6.62
1/14/2024 19:15,user_75,Help,Tablet,Europe,237.09,0.13,0,4.03
1/14/2024 19:30,user_4,Search,Tablet,Europe,518.83,0.24,0,6.37
1/14/2024 19:45,user_847,Search,Desktop,North America,557.91,0.86,0,5.97
1/14/2024 20:00,user_646,Home,Desktop,Asia,185.55,0.92,0,4.25
1/14/2024 20:15,user_118,Profile,Tablet,Europe,519.04,0.83,1,3.41
1/14/2024 20:30,user_881,Login,Tablet,Africa,470.01,0.33,0,4.37
1/14/2024 20:45,user_606,Product,Desktop,South America,558.83,0.27,0,5.95
1/14/2024 21:00,user_504,Profile,Tablet,Europe,151.22,0.55,0,
1/14/2024 21:15,user_998,Profile,Mobile,North America,348.29,0.72,0,3
1/14/2024 21:30,user_947,Home,Mobile,Asia,168.35,0.99,0,7.73
1/14/2024 21:45,user_574,Home,Mobile,South America,495.34,0.13,0,5.55
1/14/2024 22:00,user_441,Search,Tablet,Europe,8.17,0.05,0,1.14
1/14/2024 22:15,user_194,Home,Desktop,Asia,-10,0.69,0,4
1/14/2024 22:30,user_847,Home,Tablet,Asia,206.83,0.83,0,8.91
1/14/2024 22:45,user_715,Home,Tablet,Asia,197,0.85,0,7.67
1/14/2024 23:00,user_392,Search,Desktop,North America,388.72,0.68,0,3.57
1/14/2024 23:15,user_26,Product,Desktop,Africa,511.63,0.95,0,9.41
1/14/2024 23:30,user_435,Product,Desktop,Asia,367.47,0.51,0,1.23
1/14/2024 23:45,user_173,Help,Mobile,South America,512.64,0.91,0,9.63
1/15/2024 0:00,user_300,Help,Tablet,Europe,162.44,0.97,0,2.83
1/15/2024 0:15,user_645,Home,Desktop,South America,314.1,0.85,0,0.59
1/15/2024 0:30,user_326,Help,Tablet,North America,273.07,0.31,0,4.62
1/15/2024 0:45,user_410,Search,Mobile,North America,11.93,0.2,0,3.91
1/15/2024 1:00,user_118,Product,Mobile,South America,336.3,0.55,0,5.62
1/15/2024 1:15,user_836,Profile,Desktop,Africa,398.61,0.45,0,8.07
1/15/2024 1:30,user_787,Product,Desktop,North America,357.19,0.88,0,8.5
1/15/2024 1:45,user_724,Product,Tablet,North America,443.09,0.1,0,4.31
1/15/2024 2:00,user_225,Search,Desktop,South America,344.95,0.26,0,4.58
1/15/2024 2:15,user_532,Help,Tablet,North America,44.72,,0,1.91
1/15/2024 2:30,user_113,Profile,Desktop,Africa,74.29,0.09,1,0.95
1/15/2024 2:45,user_140,Search,Tablet,Africa,359.9,0.32,0,6.59
1/15/2024 3:00,user_559,Home,Tablet,Africa,168.61,0.39,0,1.11
1/15/2024 3:15,user_1,Checkout,Tablet,Europe,52.39,0.62,0,7.47
1/15/2024 3:30,user_90,Product,Tablet,Africa,260.61,0.16,0,
1/15/2024 3:45,user_654,Checkout,Mobile,Africa,334.82,0.86,0,2.39
1/15/2024 4:00,user_320,Search,Tablet,Europe,200.6,0.45,0,5.63
1/15/2024 4:15,user_550,Search,Desktop,Asia,433.66,0.92,0,
1/15/2024 4:30,user_805,Search,Mobile,North America,388.04,0.47,0,4.67
1/15/2024 4:45,user_894,Checkout,Mobile,Africa,203.03,0.28,0,8.1
1/15/2024 5:00,user_139,Search,Tablet,North America,454.15,0.14,0,4.89
1/15/2024 5:15,user_511,Home,Mobile,South America,390.97,0,0,1.91
1/15/2024 5:30,user_868,Search,Tablet,North America,384.28,0.53,1,7.38
1/15/2024 5:45,user_845,Login,Desktop,Europe,334.29,0.11,0,2.27
1/15/2024 6:00,user_259,Help,Tablet,North America,11.78,0.39,0,7.52
1/15/2024 6:15,user_673,Checkout,Mobile,North America,419.42,,0,5.05
1/15/2024 6:30,user_902,Login,Desktop,North America,228.74,0.28,0,4.81
1/15/2024 6:45,user_690,Search,Tablet,Asia,565.85,0.18,0,8.59
1/15/2024 7:00,user_10,Home,Desktop,Asia,491.7,0.77,0,7.23
1/15/2024 7:15,user_261,Product,Desktop,South America,354.68,0.95,0,0.81
1/15/2024 7:30,user_919,Profile,Mobile,Europe,155.05,0.1,1,3.31
1/15/2024 7:45,user_650,Help,Desktop,North America,126.21,0.16,0,8.77
1/15/2024 8:00,user_172,Profile,Mobile,North America,207.53,0.96,0,0.67
1/15/2024 8:15,user_898,Search,Desktop,North America,288.56,0.04,0,5.68
1/15/2024 8:30,user_13,Help,Tablet,North America,181.16,0.98,0,7.41
1/15/2024 8:45,user_168,Help,Desktop,Asia,311.38,0,0,6.41
1/15/2024 9:00,user_642,Home,,South America,103.4,0.87,0,7.73
1/15/2024 9:15,user_596,Help,Tablet,Africa,586.74,0.31,0,7.39
1/15/2024 9:30,user_321,Checkout,Desktop,Europe,69.22,0.94,0,7.07
1/15/2024 9:45,user_319,Login,Tablet,North America,559.51,0.32,0,8.3
1/15/2024 10:00,user_613,Login,Desktop,South America,548.58,0.65,0,6.63
1/15/2024 10:15,user_329,Login,Desktop,Africa,317.59,0.08,0,4.32
1/15/2024 10:30,user_785,Checkout,Tablet,South America,436.32,0.24,0,
1/15/2024 10:45,user_777,Profile,Tablet,Asia,,0.77,0,7.31
1/15/2024 11:00,user_971,Home,,Africa,379.87,0.53,0,8.82
1/15/2024 11:15,user_911,Help,Tablet,South America,207.64,0.93,0,3.09
1/15/2024 11:30,user_920,Checkout,Mobile,Asia,,0.43,0,3.75
1/15/2024 11:45,user_550,Login,Tablet,South America,349.05,0.87,0,9.34
1/15/2024 12:00,user_419,Search,Desktop,South America,301.39,0.45,0,
1/15/2024 12:15,user_606,Product,Tablet,Africa,349.82,0.98,0,2.2
1/15/2024 12:30,user_95,Help,Desktop,Asia,175.56,0.96,0,6.81
1/15/2024 12:45,user_817,Checkout,Desktop,North America,223.34,0.33,0,9.91
1/15/2024 13:00,user_581,Checkout,Desktop,Europe,54.92,0.89,1,8.32
1/15/2024 13:15,user_318,Home,Mobile,Africa,36.1,,0,7.58
1/15/2024 13:30,user_956,Home,Tablet,Asia,155.81,0.21,0,2.48
1/15/2024 13:45,user_236,Checkout,Desktop,South America,49.18,0.62,0,8.82
1/15/2024 14:00,user_946,Login,Desktop,Asia,66.75,0.07,0,5.49
1/15/2024 14:15,user_334,Product,Mobile,Europe,488.69,0.84,0,8.95
1/15/2024 14:30,user_885,Help,Tablet,Europe,28.13,0.17,0,3.63
1/15/2024 14:45,user_376,Home,Tablet,North America,397.07,0.07,0,1.09
1/15/2024 15:00,user_459,Help,,North America,167.17,0.4,0,5.02
1/15/2024 15:15,user_137,Login,Mobile,Europe,523.57,0.58,0,
1/15/2024 15:30,user_930,Help,Tablet,Africa,293.57,0.85,0,7.29
1/15/2024 15:45,user_588,Search,,Africa,186.82,0.97,0,9.59
1/15/2024 16:00,user_995,Home,Tablet,South America,313,0.44,0,7.06
1/15/2024 16:15,user_547,Login,Tablet,North America,232.27,0.06,0,8.93
1/15/2024 16:30,user_513,Login,Desktop,South America,-10,0.75,0,4.8
1/15/2024 16:45,user_296,Product,Desktop,North America,73.15,0.57,0,7.83
1/15/2024 17:00,user_320,Product,Tablet,Europe,598.21,0.45,0,8.51
1/15/2024 17:15,user_918,Search,Tablet,Africa,258.21,0.31,0,7.25
1/15/2024 17:30,user_572,Login,Tablet,Africa,,0.5,0,5.32
1/15/2024 17:45,user_832,Profile,Tablet,Europe,427.57,0.34,1,6.45
1/15/2024 18:00,user_349,Login,Tablet,South America,221.52,,0,7.15
1/15/2024 18:15,user_840,Product,Tablet,South America,500.8,0.54,1,2.9
1/15/2024 18:30,user_779,Profile,Mobile,Asia,275.29,,0,8.19
1/15/2024 18:45,user_873,Home,Tablet,North America,433.14,0.54,0,9.53
1/15/2024 19:00,user_229,Home,,South America,68.93,0.24,0,4.92
1/15/2024 19:15,user_270,Help,Mobile,Europe,508.44,0.85,0,7.16
1/15/2024 19:30,user_828,Checkout,Tablet,South America,442.75,0.56,0,7.5
1/15/2024 19:45,user_798,Product,Tablet,Africa,130.97,0.21,0,6.79
1/15/2024 20:00,user_291,Checkout,Mobile,North America,,0.62,0,5.7
1/15/2024 20:15,user_725,Profile,Mobile,Asia,,0.36,0,8.88
1/15/2024 20:30,user_165,Product,Tablet,North America,585.76,0.84,0,4.76
1/15/2024 20:45,user_5,Search,Tablet,Africa,157.81,0.45,0,1.08
1/15/2024 21:00,user_851,Login,Mobile,Africa,276.4,0.73,0,8.52
1/15/2024 21:15,user_379,Search,Mobile,Africa,22.86,0.1,0,6.9
1/15/2024 21:30,user_78,Profile,Mobile,Africa,241.35,0.4,0,8.57
1/15/2024 21:45,user_410,Product,Desktop,Europe,344.94,0.98,0,1.82
1/15/2024 22:00,user_574,Profile,Mobile,Asia,572.11,0.81,0,0.79
1/15/2024 22:15,user_132,Login,Desktop,Africa,312.46,0.16,0,9.38
1/15/2024 22:30,user_601,Home,Tablet,Africa,492.37,0.28,0,1.9
1/15/2024 22:45,user_749,Home,Tablet,South America,330.54,0.33,0,8.19
1/15/2024 23:00,user_42,Profile,Mobile,Asia,29.27,0.65,0,8.32
1/15/2024 23:15,user_89,Checkout,Tablet,North America,192.43,0.76,0,7.23
1/15/2024 23:30,user_402,Product,Tablet,Asia,347.45,,0,1.75
1/15/2024 23:45,user_296,Product,Tablet,Asia,570.6,0.51,0,6.84
1/16/2024 0:00,user_840,Home,Tablet,Asia,,0.81,0,8.95
1/16/2024 0:15,user_295,Help,Desktop,Africa,140.87,0.44,0,4.54
1/16/2024 0:30,user_616,Search,Desktop,Africa,135.97,0.12,0,4.43
1/16/2024 0:45,user_526,Help,Mobile,Europe,124.7,0.56,0,4.71
1/16/2024 1:00,user_800,Login,Mobile,North America,553.89,0.95,0,1.28
1/16/2024 1:15,user_691,Search,Mobile,South America,512.34,0.79,0,8.97
1/16/2024 1:30,user_637,Search,Tablet,Asia,466.06,0.58,0,8.76
1/16/2024 1:45,user_422,Profile,Tablet,North America,238.68,0.65,0,9.98
1/16/2024 2:00,user_865,Home,Desktop,North America,305.11,0.93,0,6.06
1/16/2024 2:15,user_23,Help,Desktop,Europe,281.28,0.43,0,7.64
1/16/2024 2:30,user_575,Help,Mobile,South America,155.77,0.33,0,2.43
1/16/2024 2:45,user_143,Home,Desktop,Asia,305.49,0.98,0,6.84
1/16/2024 3:00,user_993,Help,Desktop,South America,23.15,0.86,0,6.67
1/16/2024 3:15,user_665,Home,Desktop,Europe,83.43,,1,9.06
1/16/2024 3:30,user_145,Profile,Desktop,Africa,532.52,0.46,1,8.39
1/16/2024 3:45,user_225,Checkout,Desktop,North America,452.25,0.42,0,9.42
1/16/2024 4:00,user_503,Search,Mobile,Asia,256.61,0.15,0,8.75
1/16/2024 4:15,user_962,Profile,Mobile,Africa,312.7,0.96,0,8.75
1/16/2024 4:30,user_974,Product,Desktop,Europe,225.15,0.4,1,1.11
1/16/2024 4:45,user_821,Login,Mobile,South America,445.76,0.88,0,
1/16/2024 5:00,user_616,Checkout,Tablet,North America,471.59,0.19,0,6.27
1/16/2024 5:15,user_104,Product,Desktop,Asia,459.15,0.55,0,4.11
1/16/2024 5:30,user_947,Search,Tablet,Africa,434.95,0.02,0,1.04
1/16/2024 5:45,user_39,Help,Mobile,Africa,126.68,0.76,0,6.94
1/16/2024 6:00,user_947,Home,Mobile,North America,206.09,0.58,0,3.62
1/16/2024 6:15,user_198,Search,Tablet,South America,284.56,0.63,0,4.94
1/16/2024 6:30,user_646,Profile,Mobile,Europe,201.82,,0,6.98
1/16/2024 6:45,user_579,Login,Desktop,South America,,0.21,0,9.16
1/16/2024 7:00,user_391,Profile,,South America,200.97,0.07,0,
1/16/2024 7:15,user_179,Checkout,,South America,87.25,0.29,0,4.78
1/16/2024 7:30,user_968,Checkout,Tablet,North America,242.43,,0,4.18
1/16/2024 7:45,user_554,Login,Mobile,North America,588.05,0.57,0,2.78
1/16/2024 8:00,user_448,Product,Tablet,Europe,139.4,0.61,0,4.04
1/16/2024 8:15,user_500,Product,Tablet,South America,369.23,0.55,0,1.55
1/16/2024 8:30,user_15,Checkout,Desktop,North America,262.62,0.27,0,9.73
1/16/2024 8:45,user_623,Checkout,Mobile,Europe,47.26,0.24,0,5.95
1/16/2024 9:00,user_669,Help,Desktop,Europe,295.29,0.14,0,1.71
1/16/2024 9:15,user_289,Home,Mobile,South America,422.79,0.85,0,3.85
1/16/2024 9:30,user_478,Help,Desktop,Asia,310.37,0.62,0,
1/16/2024 9:45,user_231,Help,,South America,523.9,0.19,0,5.56
1/16/2024 10:00,user_923,Product,Desktop,Asia,176.92,0.18,0,0.84
1/16/2024 10:15,user_420,Login,Mobile,Europe,56.32,0.87,0,9.53
1/16/2024 10:30,user_157,Product,Mobile,North America,562.26,0.74,0,3.12
1/16/2024 10:45,user_550,Home,Tablet,Africa,230.03,0.66,0,0.65
1/16/2024 11:00,user_441,Profile,,Europe,347.96,0.41,0,1.23
1/16/2024 11:15,user_97,Checkout,Desktop,North America,476.24,0.26,0,6.01
1/16/2024 11:30,user_997,Checkout,,Europe,197.97,,0,1.81
1/16/2024 11:45,user_411,Home,Mobile,South America,431.12,0.8,0,0.9
1/16/2024 12:00,user_951,Help,Mobile,Asia,85.57,0.3,0,4.11
1/16/2024 12:15,user_289,Login,Desktop,Europe,178.32,0.85,0,6.42
1/16/2024 12:30,user_254,Checkout,Desktop,North America,91.1,0.76,0,1.56
1/16/2024 12:45,user_196,Search,Tablet,South America,487.68,0.3,0,3.48
1/16/2024 13:00,user_598,Help,Mobile,Africa,137.48,0.43,0,4.47
1/16/2024 13:15,user_834,Checkout,,South America,431.86,0.19,0,2.01
1/16/2024 13:30,user_522,Search,Tablet,Asia,566.26,0.11,0,5.31
1/16/2024 13:45,user_517,Home,Mobile,South America,319.02,0.72,0,1.31
1/16/2024 14:00,user_635,Home,Mobile,Africa,326.32,,1,0.94
1/16/2024 14:15,user_842,Help,Tablet,North America,279.31,0.82,0,5.44
1/16/2024 14:30,user_865,Checkout,Tablet,Europe,198.9,1,0,2.86
1/16/2024 14:45,user_118,Product,Desktop,Asia,288.01,0.08,0,
1/16/2024 15:00,user_806,Search,Mobile,Africa,363.67,0.47,0,4.53
1/16/2024 15:15,user_909,Login,,Asia,591.66,0.8,0,9.19
1/16/2024 15:30,user_159,Checkout,Mobile,South America,562.97,,0,7.38
1/16/2024 15:45,user_815,Login,Tablet,Asia,517.98,0.76,0,8.25
1/16/2024 16:00,user_228,Checkout,Desktop,Africa,534.03,0.35,0,8.78
1/16/2024 16:15,user_877,Product,Mobile,Europe,283.37,0.45,0,9.74
1/16/2024 16:30,user_216,Product,Tablet,Europe,396.18,0.59,0,7.75
1/16/2024 16:45,user_948,Help,Mobile,Asia,537.56,0.97,0,6.28
1/16/2024 17:00,user_696,Help,Desktop,North America,238.81,0.33,0,3.97
1/16/2024 17:15,user_15,Product,Mobile,Asia,577.25,0.92,0,2.23
1/16/2024 17:30,user_157,Profile,Desktop,South America,252.39,0.27,0,7.02
1/16/2024 17:45,user_648,Product,Desktop,Europe,362.64,0.99,0,9.95
1/16/2024 18:00,user_261,Home,Mobile,Europe,427.33,0.67,0,
1/16/2024 18:15,user_157,Home,Mobile,Europe,570.6,0.46,0,7.37
1/16/2024 18:30,user_47,Profile,Desktop,North America,150.55,0.61,0,
1/16/2024 18:45,user_324,Search,Tablet,North America,448.95,0.27,1,4.6
1/16/2024 19:00,user_844,Login,Desktop,Africa,314.89,0.27,1,4.4
1/16/2024 19:15,user_685,Checkout,Mobile,Asia,164.79,0.11,0,5.29
1/16/2024 19:30,user_130,Checkout,Mobile,Asia,467.08,0.11,0,3.99
1/16/2024 19:45,user_411,Profile,Tablet,South America,333.57,0.35,0,7.61
1/16/2024 20:00,user_95,Home,Desktop,Europe,398.28,0.76,0,8.81
1/16/2024 20:15,user_627,Help,Desktop,North America,197.13,0.61,0,8.89
1/16/2024 20:30,user_755,Checkout,Desktop,South America,291.36,0.1,0,2.66
1/16/2024 20:45,user_932,Home,Mobile,South America,372.33,0.85,0,9.01
1/16/2024 21:00,user_292,Search,Desktop,North America,245.92,0.6,0,3.74
1/16/2024 21:15,user_794,Login,Tablet,Asia,123.03,0.96,1,3.44
1/16/2024 21:30,user_811,Search,Mobile,Europe,-10,0.67,0,7.4
1/16/2024 21:45,user_283,Profile,Mobile,Asia,309.32,0.18,0,3.39
1/16/2024 22:00,user_69,Product,Desktop,South America,441.68,0.47,0,1
1/16/2024 22:15,user_660,Product,Tablet,Europe,249.57,0.65,1,4.05
1/16/2024 22:30,user_11,Product,Mobile,Africa,216.3,0.03,0,7.35
1/16/2024 22:45,user_254,Search,Mobile,South America,247.26,0.01,0,3.61
1/16/2024 23:00,user_842,Checkout,Desktop,Asia,248.47,0.13,1,6.48
1/16/2024 23:15,user_872,Login,Desktop,Asia,328.79,0.25,0,6.77
1/16/2024 23:30,user_550,Product,,Asia,,0.43,0,7.47
1/16/2024 23:45,user_134,Profile,Desktop,North America,300.81,0.49,0,9.02
1/17/2024 0:00,user_712,Profile,Tablet,South America,85.2,0.14,1,4.61
1/17/2024 0:15,user_23,Product,Mobile,Europe,300.16,0.67,0,2.08
1/17/2024 0:30,user_815,Product,,Asia,105.62,0.6,0,3.53
1/17/2024 0:45,user_346,Login,Tablet,Asia,80.05,0.29,0,4.61
1/17/2024 1:00,user_302,Product,Tablet,North America,559.92,0.01,0,7.28
1/17/2024 1:15,user_363,Login,Mobile,Europe,364.95,0.08,0,
1/17/2024 1:30,user_396,Profile,Desktop,South America,397.4,0.39,0,3.5
1/17/2024 1:45,user_218,Product,Mobile,Africa,244.07,0.15,0,7.91
1/17/2024 2:00,user_141,Search,Desktop,North America,545.84,0.38,0,6.87
1/17/2024 2:15,user_616,Help,Tablet,South America,384.57,0.63,0,7.45
1/17/2024 2:30,user_958,Search,Tablet,Africa,462.66,,0,8.21
1/17/2024 2:45,user_210,Profile,Tablet,Asia,224.29,,0,7.94
1/17/2024 3:00,user_985,Login,Tablet,Asia,576.21,0.34,0,6.98
1/17/2024 3:15,user_993,Search,Tablet,Europe,493.17,0.61,0,4.68
1/17/2024 3:30,user_623,Login,Desktop,Africa,513.1,0.86,0,9.84
1/17/2024 3:45,user_616,Search,,Asia,107.46,0.75,0,5.91
1/17/2024 4:00,user_828,Search,Tablet,Asia,166.22,,0,2.43
1/17/2024 4:15,user_683,Login,Mobile,Europe,174.95,0.36,0,3.28
1/17/2024 4:30,user_460,Checkout,Mobile,South America,166.19,0.37,0,7.09
1/17/2024 4:45,user_356,Search,Tablet,Asia,513.97,0.88,0,9.29
1/17/2024 5:00,user_324,Product,,North America,23.97,0.04,0,2.2
1/17/2024 5:15,user_133,Help,Mobile,North America,50.28,0.99,0,1.28
1/17/2024 5:30,user_888,Profile,Mobile,South America,167.98,0.66,1,8.87
1/17/2024 5:45,user_805,Checkout,Mobile,Africa,123.92,0.68,0,9.2
1/17/2024 6:00,user_840,Login,Tablet,Europe,142.96,0.04,0,3.13
1/17/2024 6:15,user_127,Checkout,Mobile,North America,479.78,0.61,0,4.08
1/17/2024 6:30,user_106,Home,Mobile,North America,340.06,0.48,0,6.77
1/17/2024 6:45,user_604,Home,Mobile,South America,8.43,0.11,0,3.63
1/17/2024 7:00,user_799,Search,Mobile,Africa,260.45,0.28,0,8.83
1/17/2024 7:15,user_378,Search,Desktop,Africa,247.69,0.89,0,1.52
1/17/2024 7:30,user_905,Product,Tablet,South America,72.8,0.55,0,0.86
1/17/2024 7:45,user_51,Help,Tablet,North America,407.3,0.41,0,2.48
1/17/2024 8:00,user_29,Profile,Desktop,Europe,422.75,0.07,0,3.22
1/17/2024 8:15,user_462,Checkout,Desktop,North America,433.93,0.71,0,1.57
1/17/2024 8:30,user_296,Home,Tablet,Africa,,0.7,0,1.12
1/17/2024 8:45,user_297,Search,Mobile,North America,5.03,0.61,0,7.68
1/17/2024 9:00,user_726,Profile,Mobile,Europe,572.58,0.51,0,2.06
1/17/2024 9:15,user_779,Checkout,Tablet,Asia,489.45,0.43,0,9.18
1/17/2024 9:30,user_407,Search,Mobile,North America,542.87,0.59,1,4
1/17/2024 9:45,user_769,Search,Desktop,South America,14.31,0.23,0,6.87
1/17/2024 10:00,user_814,Home,Mobile,Asia,560.65,0.94,0,2.64
1/17/2024 10:15,user_613,Home,Mobile,South America,486.82,0.59,0,2.78
1/17/2024 10:30,user_405,Search,Mobile,South America,503.15,0.31,0,
1/17/2024 10:45,user_346,Login,Tablet,South America,60.51,0.45,0,5.83
1/17/2024 11:00,user_622,Search,Desktop,North America,444.57,0.81,0,
1/17/2024 11:15,user_420,Profile,Mobile,Africa,576.15,0.16,1,7.7
1/17/2024 11:30,user_182,Search,Tablet,Asia,408.74,0.29,0,6.87
1/17/2024 11:45,user_983,Product,Mobile,Europe,344.48,0.68,0,4.77
1/17/2024 12:00,user_825,Help,Desktop,Africa,567.65,0.32,0,
1/17/2024 12:15,user_1,Product,Mobile,North America,268.55,0.79,0,6.41
1/17/2024 12:30,user_831,Product,Desktop,South America,361.58,0.13,0,9.91
1/17/2024 12:45,user_950,Login,Mobile,Europe,-10,0.76,0,8.28
1/17/2024 13:00,user_567,Login,Desktop,Asia,560.04,0.07,0,0.92
1/17/2024 13:15,user_371,Search,Mobile,Africa,50.27,0.01,0,3.55
1/17/2024 13:30,user_936,Product,Desktop,Africa,303.17,0.9,0,5.93
1/17/2024 13:45,user_911,Login,Mobile,Europe,413.74,0.58,0,7.35
1/17/2024 14:00,user_661,Home,Mobile,North America,476.18,0.35,0,5.73
1/17/2024 14:15,user_431,Search,Tablet,Asia,351.9,0.23,0,7.97
1/17/2024 14:30,user_969,Profile,Tablet,Europe,545.81,0.62,1,3.19
1/17/2024 14:45,user_309,Help,Desktop,South America,565.48,0.51,0,2.25
1/17/2024 15:00,user_137,Checkout,Mobile,Asia,43.27,0.99,0,1.01
1/17/2024 15:15,user_202,Search,Desktop,Africa,244.41,0.98,0,5.95
1/17/2024 15:30,user_436,Checkout,Tablet,Europe,18.96,0.64,0,7.04
1/17/2024 15:45,user_313,Product,Desktop,Africa,201,0.44,0,3.6
1/17/2024 16:00,user_117,Help,Desktop,Africa,324.44,0.49,0,
1/17/2024 16:15,user_666,Checkout,Tablet,Africa,546.92,0.68,0,1
1/17/2024 16:30,user_937,Product,Mobile,North America,-10,0.1,0,1.44
1/17/2024 16:45,user_803,Home,Desktop,Africa,80.86,0.33,0,7.17
1/17/2024 17:00,user_575,Checkout,Tablet,South America,60.35,0.08,0,4
1/17/2024 17:15,user_244,Help,Mobile,South America,355.61,0.07,1,6.88
1/17/2024 17:30,user_537,Search,Tablet,Asia,321.61,0.2,1,8.4
1/17/2024 17:45,user_602,Product,Desktop,Africa,163.49,0.49,1,8.6
1/17/2024 18:00,user_75,Search,Mobile,Africa,540.17,0.78,0,2.14
1/17/2024 18:15,user_806,Help,Mobile,Europe,556.78,0.49,0,5.12
1/17/2024 18:30,user_386,Login,Tablet,North America,244.55,0.34,0,7.47
1/17/2024 18:45,user_903,Product,Tablet,Asia,534.73,0.08,0,7.85
1/17/2024 19:00,user_210,Checkout,Tablet,Africa,233.45,0.55,0,7.95
1/17/2024 19:15,user_475,Product,Mobile,Europe,443.41,0.27,0,2.67
1/17/2024 19:30,user_418,Search,Mobile,North America,288.19,0.61,0,2.33
1/17/2024 19:45,user_347,Home,Desktop,Asia,,0.98,0,6.11
1/17/2024 20:00,user_529,Product,Mobile,Asia,557.12,0.11,1,7.54
1/17/2024 20:15,user_640,Checkout,Desktop,Africa,275.19,0.21,0,3.53
1/17/2024 20:30,user_939,Login,Tablet,Asia,442.02,0.47,0,1.49
1/17/2024 20:45,user_955,Profile,Tablet,Europe,223.47,0.97,0,7.31
1/17/2024 21:00,user_876,Home,Mobile,Asia,16.23,0.77,0,3.35
1/17/2024 21:15,user_763,Login,Tablet,South America,64.82,0.9,0,2.08
1/17/2024 21:30,user_179,Product,Tablet,Europe,300.25,0.33,0,1.9
1/17/2024 21:45,user_182,Search,Mobile,North America,415.53,0.99,0,3.49
1/17/2024 22:00,user_664,Help,Desktop,North America,204.17,0.1,1,6.13
1/17/2024 22:15,user_25,Search,Mobile,Africa,418.82,0.05,0,3.9
1/17/2024 22:30,user_967,Checkout,Desktop,Africa,420.69,0.86,0,0.7
1/17/2024 22:45,user_180,Search,Mobile,South America,423.84,0.93,1,1.42
1/17/2024 23:00,user_710,Home,Mobile,North America,298.05,0.09,0,
1/17/2024 23:15,user_501,Search,Tablet,North America,549.36,0.11,0,6.77
1/17/2024 23:30,user_856,Checkout,Mobile,North America,296.07,0.03,0,1.44
1/17/2024 23:45,user_161,Profile,Mobile,North America,272.91,0.1,0,5.83
1/18/2024 0:00,user_177,Product,Desktop,Asia,123.63,0.21,0,1.64
1/18/2024 0:15,user_285,Help,Tablet,Europe,188.05,,0,2.51
1/18/2024 0:30,user_63,Product,Desktop,Europe,30.19,0.67,0,2.14
1/18/2024 0:45,user_662,Search,,South America,381.95,0.78,0,1.14
1/18/2024 1:00,user_666,Login,Tablet,Asia,152.88,0.78,0,6.88
1/18/2024 1:15,user_156,Product,Tablet,North America,185.97,0.54,0,4.9
1/18/2024 1:30,user_882,Profile,Tablet,North America,463.63,0.8,0,8.4
1/18/2024 1:45,user_469,Search,Mobile,Africa,199.7,0.6,1,1.44
1/18/2024 2:00,user_49,Help,Tablet,Africa,149.11,0.31,0,1.87
1/18/2024 2:15,user_967,Checkout,Tablet,South America,105.59,0.56,0,3.41
1/18/2024 2:30,user_849,Profile,Tablet,North America,466.04,0.53,0,7.78
1/18/2024 2:45,user_84,Search,Desktop,South America,82.18,0.82,0,3.4
1/18/2024 3:00,user_361,Profile,Desktop,Asia,274.98,,0,4.38
1/18/2024 3:15,user_689,Product,,Europe,306.62,0.41,0,3.37
1/18/2024 3:30,user_148,Help,Desktop,North America,414,0.76,0,1.26
1/18/2024 3:45,user_630,Checkout,Mobile,Asia,381.8,0.1,0,9.42
1/18/2024 4:00,user_342,Search,Desktop,North America,487.38,0.78,0,
1/18/2024 4:15,user_476,Home,Tablet,Africa,31.63,0.37,0,7.98
1/18/2024 4:30,user_63,Checkout,Desktop,South America,181.38,0.04,0,6.75
1/18/2024 4:45,user_701,Home,,Africa,171.68,0.36,0,5.39
1/18/2024 5:00,user_360,Profile,,Europe,91.88,0.61,0,1.35
1/18/2024 5:15,user_561,Login,Tablet,Africa,177.06,0.12,0,6.61
1/18/2024 5:30,user_327,Checkout,Mobile,North America,189.31,0.92,0,1.98
1/18/2024 5:45,user_769,Profile,Tablet,Africa,315.52,0.08,0,4.44
1/18/2024 6:00,user_736,Home,Tablet,North America,399.9,0.93,0,6.48
1/18/2024 6:15,user_141,Product,Mobile,Europe,231.75,0.71,0,7.93
1/18/2024 6:30,user_990,Product,Tablet,Africa,433.08,0.33,0,7.01
1/18/2024 6:45,user_215,Login,Tablet,South America,205.02,0.39,0,6.88
1/18/2024 7:00,user_435,Checkout,Desktop,South America,177.72,0.74,0,1.92
1/18/2024 7:15,user_891,Checkout,Tablet,South America,327.01,0.6,0,3.79
1/18/2024 7:30,user_952,Checkout,Tablet,Africa,19.11,1.5,0,0.91
1/18/2024 7:45,user_723,Profile,Tablet,Africa,52.47,0.39,1,7.34
1/18/2024 8:00,user_318,Help,Tablet,Africa,253.69,,1,9.55
1/18/2024 8:15,user_32,Help,Mobile,North America,566.03,,0,
1/18/2024 8:30,user_670,Login,Desktop,Europe,434.3,0.21,1,
1/18/2024 8:45,user_285,Checkout,Tablet,South America,57.44,0.42,0,5.02
1/18/2024 9:00,user_305,Profile,Tablet,North America,508.56,0.29,0,8.64
1/18/2024 9:15,user_429,Product,Mobile,South America,440.72,0.77,0,5.74
1/18/2024 9:30,user_477,Home,Tablet,North America,368.51,0.76,0,0.94
1/18/2024 9:45,user_286,Profile,Mobile,Africa,493.07,0.29,0,9.76
1/18/2024 10:00,user_144,Help,Desktop,South America,245.45,0.08,0,8.37
1/18/2024 10:15,user_424,Help,Desktop,Africa,136.79,0.01,1,1.75
1/18/2024 10:30,user_19,Product,,South America,309.65,0.43,0,9.26
1/18/2024 10:45,user_18,Product,Tablet,Asia,331.56,0.41,0,4.78
1/18/2024 11:00,user_769,Home,Tablet,North America,325.3,0.99,0,4.03
1/18/2024 11:15,user_590,Product,Mobile,Asia,341.22,0.47,0,4.88
1/18/2024 11:30,user_371,Login,Tablet,North America,569.48,0.26,0,8.43
1/18/2024 11:45,user_175,Home,Tablet,Europe,541.84,0.89,0,6.77
1/18/2024 12:00,user_194,Product,Desktop,South America,526.05,0.49,1,1.06
1/18/2024 12:15,user_502,Search,Tablet,Europe,481.84,0.6,0,9.6
1/18/2024 12:30,user_988,Profile,Desktop,Europe,566.34,0.1,0,1.9
1/18/2024 12:45,user_113,Product,Tablet,North America,63.6,,0,7.58
1/18/2024 13:00,user_114,Login,Desktop,Asia,162.75,0.94,1,6.54
1/18/2024 13:15,user_222,Checkout,Tablet,Africa,299.56,0.59,0,2.28
1/18/2024 13:30,user_678,Product,Desktop,North America,508.69,0.34,0,2.12
1/18/2024 13:45,user_947,Help,Mobile,Africa,305.57,0.63,0,8.77
1/18/2024 14:00,user_831,Help,Desktop,Europe,450.08,0.91,0,4.49
1/18/2024 14:15,user_644,Help,Desktop,Africa,87.68,0.27,0,6.72
1/18/2024 14:30,user_897,Checkout,Desktop,Asia,155.19,0.51,0,5.29
1/18/2024 14:45,user_264,Help,Tablet,North America,440.41,0.96,1,7.41
1/18/2024 15:00,user_925,Search,Tablet,Asia,103.02,0.17,0,5.05
1/18/2024 15:15,user_55,Product,Tablet,Asia,214.06,0.72,0,3.23
1/18/2024 15:30,user_871,Help,Mobile,North America,162.6,0.61,1,3.95
1/18/2024 15:45,user_643,Home,Mobile,Asia,213.17,0.68,0,8.66
1/18/2024 16:00,user_800,Checkout,Desktop,South America,426.45,0.35,0,4.95
1/18/2024 16:15,user_778,Search,Mobile,South America,223.87,0.31,0,2.53
1/18/2024 16:30,user_458,Home,Desktop,South America,335.38,0.68,0,9.38
1/18/2024 16:45,user_979,Home,,Africa,64.46,0.22,0,8.07
1/18/2024 17:00,user_878,Home,Desktop,Asia,483.99,0.42,0,
1/18/2024 17:15,user_162,Home,Mobile,North America,225.08,0.19,0,9.99
1/18/2024 17:30,user_380,Product,Tablet,North America,390.88,0.01,0,7.1
1/18/2024 17:45,user_993,Help,Mobile,Africa,436.61,0.97,0,2.02
1/18/2024 18:00,user_87,Profile,Desktop,North America,129.75,0.43,0,2.75
1/18/2024 18:15,user_55,Product,Desktop,South America,531.38,0.97,0,7.08
1/18/2024 18:30,user_476,Product,Mobile,Asia,371.65,0.14,0,7.91
1/18/2024 18:45,user_800,Search,Desktop,North America,260.09,0.59,0,2.77
1/18/2024 19:00,user_178,Search,,North America,113.49,0.2,0,2.94
1/18/2024 19:15,user_391,Help,Mobile,Europe,565.67,0.79,0,3.42
1/18/2024 19:30,user_349,Profile,Mobile,Europe,454.27,0.78,0,6.18
1/18/2024 19:45,user_8,Search,,Europe,128.77,0.11,0,2.13
1/18/2024 20:00,user_833,Help,Desktop,Asia,205.94,0.91,1,1.49
1/18/2024 20:15,user_313,Help,Desktop,South America,486.76,0.19,0,6.95
1/18/2024 20:30,user_759,Login,Tablet,South America,418.93,0.61,0,7.9
1/18/2024 20:45,user_835,Profile,Tablet,South America,460.64,0.99,1,5.26
1/18/2024 21:00,user_984,Search,Mobile,Asia,267.51,0.88,0,3.96
1/18/2024 21:15,user_983,Profile,Tablet,Asia,431.3,0.96,0,4.6
1/18/2024 21:30,user_443,Product,Desktop,Europe,234.96,0.34,0,4.19
1/18/2024 21:45,user_767,Product,Tablet,North America,130.7,0.11,0,9.62
1/18/2024 22:00,user_328,Profile,Desktop,Africa,381.44,0.19,0,7.8
1/18/2024 22:15,user_54,Login,Mobile,Africa,585.73,0.5,0,2.48
1/18/2024 22:30,user_761,Login,Mobile,North America,189.81,,0,4.15
1/18/2024 22:45,user_239,Profile,Desktop,Europe,279.28,0.15,0,5.67
1/18/2024 23:00,user_229,Search,Tablet,North America,406.03,0.66,0,6.32
1/18/2024 23:15,user_579,Checkout,Mobile,North America,327.2,0.32,0,4.95
1/18/2024 23:30,user_51,Login,Mobile,Africa,506.84,0.34,0,8.2
1/18/2024 23:45,user_609,Home,Tablet,Europe,458.24,1.5,0,7.79
1/19/2024 0:00,user_604,Product,Tablet,Asia,39.69,0.47,0,5.3
1/19/2024 0:15,user_264,Profile,Desktop,Africa,599.06,0.81,0,8.62
1/19/2024 0:30,user_418,Home,Tablet,Asia,452.68,0.16,0,7.64
1/19/2024 0:45,user_803,Profile,Tablet,Europe,519.02,0.79,0,7.9
1/19/2024 1:00,user_96,Help,Tablet,North America,392.46,0.06,0,9.59
1/19/2024 1:15,user_88,Product,Desktop,South America,514.49,0.19,0,3.03
1/19/2024 1:30,user_78,Product,Desktop,South America,71.87,0.66,0,3.04
1/19/2024 1:45,user_288,Login,Mobile,Europe,211.9,0.85,0,8.95
1/19/2024 2:00,user_120,Login,Desktop,South America,,0.25,0,7.84
1/19/2024 2:15,user_814,Home,Mobile,Asia,,0.33,1,9.3
1/19/2024 2:30,user_491,Help,Tablet,South America,51.55,0.54,0,1.1
1/19/2024 2:45,user_912,Profile,Mobile,Europe,,0.21,0,6.46
1/19/2024 3:00,user_452,Help,Mobile,Europe,502.11,0.81,0,1.87
1/19/2024 3:15,user_500,Product,Tablet,Asia,101.78,0.77,1,5.29
1/19/2024 3:30,user_165,Home,Mobile,South America,513.34,0.15,0,1.98
1/19/2024 3:45,user_182,Checkout,Desktop,South America,413.63,0.46,0,1.72
1/19/2024 4:00,user_469,Home,Desktop,North America,314.45,0.77,0,0.62
1/19/2024 4:15,user_910,Search,Desktop,Africa,,0.34,0,6.49
1/19/2024 4:30,user_735,Home,Desktop,Europe,254.45,0.63,0,3.91
1/19/2024 4:45,user_823,Help,Mobile,North America,120.43,0.05,0,1.5
1/19/2024 5:00,user_944,Search,Mobile,Europe,174.49,0.61,0,3.57
1/19/2024 5:15,user_978,Search,Tablet,North America,,1.5,0,2.1
1/19/2024 5:30,user_7,Search,Mobile,Africa,321.14,0.83,0,9.45
1/19/2024 5:45,user_330,Checkout,Mobile,North America,484.32,0.36,0,3.54
1/19/2024 6:00,user_775,Home,Mobile,Europe,475.85,0.28,0,
1/19/2024 6:15,user_673,Help,Tablet,South America,350.91,0.84,0,8.48
1/19/2024 6:30,user_151,Home,Desktop,Europe,469.57,0.05,0,
1/19/2024 6:45,user_85,Checkout,Mobile,Asia,119.11,0.4,0,7.25
1/19/2024 7:00,user_147,Product,Tablet,Asia,34.79,0.37,0,6.54
1/19/2024 7:15,user_624,Login,Tablet,Asia,,0.28,0,9.49
1/19/2024 7:30,user_381,Help,Tablet,Asia,49.95,0.91,0,2.47
1/19/2024 7:45,user_915,Help,Desktop,Africa,151.78,0.75,0,9.9
1/19/2024 8:00,user_548,Home,Mobile,South America,418.71,0.06,0,8.39
1/19/2024 8:15,user_285,Login,Tablet,South America,248.62,,0,6.1
1/19/2024 8:30,user_700,Profile,Desktop,Europe,526.41,0.53,0,6.79
1/19/2024 8:45,user_82,Profile,Tablet,North America,182.3,0.9,0,6.66
1/19/2024 9:00,user_514,Checkout,Tablet,Europe,12.06,0.31,0,1.05
1/19/2024 9:15,user_897,Profile,Tablet,Europe,183.89,0.57,0,2.57
1/19/2024 9:30,user_815,Help,Tablet,Europe,348.95,0.5,0,9.63
1/19/2024 9:45,user_709,Profile,Tablet,Europe,228.68,0.49,0,5.58
1/19/2024 10:00,user_916,Product,,South America,323.25,0.46,1,4.09
1/19/2024 10:15,user_523,Product,Mobile,North America,526.58,0.21,0,7.74
1/19/2024 10:30,user_746,Product,Mobile,Europe,547.93,0.76,0,5.48
1/19/2024 10:45,user_386,Profile,Mobile,South America,163.25,0.45,0,0.63
1/19/2024 11:00,user_707,Checkout,Mobile,Europe,279.97,0.96,0,7.49
1/19/2024 11:15,user_471,Search,Desktop,Asia,331.74,0.26,0,7.46
1/19/2024 11:30,user_119,Search,Desktop,Europe,569.72,0.68,0,2.07
1/19/2024 11:45,user_396,Login,Desktop,Europe,599.18,0.94,0,9.59
1/19/2024 12:00,user_532,Search,Tablet,Africa,145.07,0.66,0,2.63
1/19/2024 12:15,user_261,Search,Tablet,Asia,437.55,0.87,0,4.85
1/19/2024 12:30,user_805,Product,Tablet,North America,229.93,0.83,1,1.59
1/19/2024 12:45,user_934,Product,Mobile,Europe,9.82,0.36,0,6.23
1/19/2024 13:00,user_256,Profile,Tablet,North America,10.51,0.6,0,4.07
1/19/2024 13:15,user_734,Login,Mobile,Asia,279.04,0.16,0,3.86
1/19/2024 13:30,user_905,Home,Tablet,Europe,295.56,0.54,0,8.36
1/19/2024 13:45,user_226,Help,Mobile,Africa,18.43,0.23,0,0.59
1/19/2024 14:00,user_53,Login,Tablet,South America,,0.74,0,8.08
1/19/2024 14:15,user_940,Login,Tablet,Africa,179.93,0.53,0,5.93
1/19/2024 14:30,user_867,Checkout,Desktop,Africa,338.14,,0,9.87
1/19/2024 14:45,user_500,Profile,Tablet,South America,184.05,0.27,0,6.1
1/19/2024 15:00,user_506,Checkout,Tablet,South America,104.44,1,1,1.03
1/19/2024 15:15,user_854,Login,Desktop,South America,247.27,0.07,0,0.98
1/19/2024 15:30,user_364,Login,Mobile,Europe,143.2,0.04,0,
1/19/2024 15:45,user_280,Login,Desktop,North America,323.21,0.22,0,8.49
1/19/2024 16:00,user_593,Search,Desktop,North America,123.3,0.97,0,3.79
1/19/2024 16:15,user_714,Help,Mobile,South America,307.5,0.98,0,6.37
1/19/2024 16:30,user_158,Help,Tablet,Africa,98.64,0.65,0,5.15
1/19/2024 16:45,user_632,Checkout,Mobile,Asia,,0.88,0,
1/19/2024 17:00,user_59,Login,Tablet,South America,453.59,0.21,0,9.52
1/19/2024 17:15,user_727,Help,,Africa,70.68,0.97,0,9.85
1/19/2024 17:30,user_128,Product,Mobile,Africa,283.34,0.14,0,8.73
1/19/2024 17:45,user_736,Help,Desktop,Europe,47.17,0.1,0,9.14
1/19/2024 18:00,user_721,Profile,Mobile,Europe,360.92,0.11,0,2.56
1/19/2024 18:15,user_882,Profile,,North America,162.32,0.57,0,
1/19/2024 18:30,user_115,Help,Mobile,North America,318.94,0.78,0,7.23
1/19/2024 18:45,user_209,Product,Mobile,Asia,312.89,0.37,0,9.65
1/19/2024 19:00,user_526,Profile,Tablet,Asia,554.99,0.98,0,5.93
1/19/2024 19:15,user_521,Search,Desktop,Asia,331.7,0.43,0,1.31
1/19/2024 19:30,user_552,Help,Mobile,Asia,,0.15,0,6.18
1/19/2024 19:45,user_962,Search,Tablet,Africa,243.98,0.47,0,7.02
1/19/2024 20:00,user_237,Help,Tablet,Africa,569.7,0.68,1,2.59
1/19/2024 20:15,user_281,Home,Mobile,North America,467.43,0.83,0,4.24
1/19/2024 20:30,user_359,Home,Desktop,Europe,174.82,0.46,0,
1/19/2024 20:45,user_201,Home,Mobile,Europe,507.3,0.59,0,4.05
1/19/2024 21:00,user_758,Profile,Desktop,South America,,0.27,0,4.06
1/19/2024 21:15,user_278,Search,Desktop,Africa,-10,0.65,0,1.76
1/19/2024 21:30,user_235,Search,Desktop,Asia,494.62,0.99,0,9.44
1/19/2024 21:45,user_494,Search,Desktop,Asia,117.38,0.05,1,7.63
1/19/2024 22:00,user_4,Product,,South America,422.18,0.89,0,0.51
1/19/2024 22:15,user_666,Search,Tablet,Europe,177.93,0.56,0,
1/19/2024 22:30,user_442,Product,Tablet,Asia,182.01,0.25,0,7.53
1/19/2024 22:45,user_29,Home,Tablet,Europe,181.33,0.95,0,0.59
1/19/2024 23:00,user_109,Home,Tablet,South America,436.71,0.48,0,4.01
1/19/2024 23:15,user_610,Profile,Tablet,Europe,141.75,0.33,0,6.26
1/19/2024 23:30,user_727,Help,Tablet,Europe,5.54,0.18,0,4.8
1/19/2024 23:45,user_805,Home,,Europe,430.57,,0,7.89
1/20/2024 0:00,user_75,Help,Desktop,Asia,106.85,0.83,0,4.54
1/20/2024 0:15,user_838,Help,Tablet,North America,67.17,0.61,0,
1/20/2024 0:30,user_146,Profile,Mobile,Africa,,0.91,0,9.78
1/20/2024 0:45,user_128,Login,Tablet,Europe,231.04,0.23,0,2.8
1/20/2024 1:00,user_853,Login,Tablet,Europe,288.16,0.12,0,7.32
1/20/2024 1:15,user_42,Checkout,Desktop,Europe,31.52,0.01,0,1.86
1/20/2024 1:30,user_356,Profile,Desktop,North America,582.49,,0,3.63
1/20/2024 1:45,user_41,Checkout,Desktop,South America,431.06,1,0,4.7
1/20/2024 2:00,user_934,Checkout,Tablet,Asia,197.3,0.69,0,2.33
1/20/2024 2:15,user_34,Login,Tablet,North America,194.62,0.31,0,4.77
1/20/2024 2:30,user_17,Profile,Tablet,Europe,271.88,0.88,0,1.99
1/20/2024 2:45,user_677,Login,Desktop,North America,377.62,0.78,0,5.81
1/20/2024 3:00,user_153,Checkout,Mobile,North America,92.09,0.02,1,6.81
1/20/2024 3:15,user_998,Profile,,North America,117.41,0.82,0,1.09
1/20/2024 3:30,user_378,Checkout,Tablet,South America,516.36,0.3,0,8.78
1/20/2024 3:45,user_588,Search,Tablet,Africa,157.47,0.15,0,2.26
1/20/2024 4:00,user_599,Help,Mobile,Asia,231.22,0.23,0,2.64
1/20/2024 4:15,user_629,Profile,Tablet,South America,523.41,0.47,0,6.78
1/20/2024 4:30,user_874,Profile,Mobile,South America,399.57,0.42,0,
1/20/2024 4:45,user_342,Help,Tablet,Africa,208.32,0.29,0,5.24
1/20/2024 5:00,user_981,Checkout,Mobile,South America,411.8,0.17,0,1.72
1/20/2024 5:15,user_27,Search,Tablet,North America,-10,0.76,0,8.15
1/20/2024 5:30,user_825,Product,Desktop,North America,442.71,0.99,0,6.36
1/20/2024 5:45,user_287,Help,,Europe,294.77,0.78,0,1.79
1/20/2024 6:00,user_646,Login,Desktop,South America,,0.3,0,4.05
1/20/2024 6:15,user_731,Checkout,Desktop,Europe,573.01,0.24,0,8.2
1/20/2024 6:30,user_168,Help,Tablet,Asia,555.84,0.22,0,5.9
1/20/2024 6:45,user_610,Help,Desktop,North America,546.01,0.14,0,
1/20/2024 7:00,user_268,Profile,Mobile,Asia,309.74,0.55,0,4.04
1/20/2024 7:15,user_749,Login,Desktop,Africa,219.28,0.61,0,2.81
1/20/2024 7:30,user_821,Login,Desktop,North America,281.7,0.71,0,5.42
1/20/2024 7:45,user_455,Login,,Asia,415.49,0.68,0,8.51
1/20/2024 8:00,user_906,Help,Tablet,Africa,530.98,0.29,0,4.64
1/20/2024 8:15,user_685,Product,Desktop,Asia,128.16,0.33,0,4.62
1/20/2024 8:30,user_401,Home,Mobile,Africa,551.32,0.68,0,9.1
1/20/2024 8:45,user_922,Checkout,Desktop,Africa,490.03,0.35,0,5.97
1/20/2024 9:00,user_981,Home,Desktop,North America,587.42,0.21,0,5.88
1/20/2024 9:15,user_476,Help,Desktop,Europe,528.75,0.37,0,2.99
1/20/2024 9:30,user_702,Home,Mobile,Africa,171.56,0.27,1,6.27
1/20/2024 9:45,user_634,Help,Desktop,Africa,68.04,0.09,0,5.97
1/20/2024 10:00,user_558,Home,Mobile,North America,71.78,0.83,0,4.27
1/20/2024 10:15,user_576,Login,Mobile,Europe,178.28,,0,9.91
1/20/2024 10:30,user_130,Search,Desktop,South America,370.44,0.22,0,8.88
1/20/2024 10:45,user_822,Login,Mobile,South America,483.57,0.06,0,7.62
1/20/2024 11:00,user_363,Login,Tablet,Europe,-10,0.74,0,5.6
1/20/2024 11:15,user_705,Profile,,Asia,376.13,0.21,0,4.89
1/20/2024 11:30,user_819,Profile,Desktop,North America,8.35,0.39,0,
1/20/2024 11:45,user_693,Home,Mobile,Europe,115.86,0.06,0,3.4
1/20/2024 12:00,user_292,Help,Mobile,South America,64.34,0.23,0,7.85
1/20/2024 12:15,user_371,Login,Desktop,Africa,221.18,0.79,0,4.81
1/20/2024 12:30,user_794,Home,Tablet,South America,303.3,0.8,0,8.88
1/20/2024 12:45,user_29,Profile,Mobile,Africa,30.82,0.21,0,1.91
1/20/2024 13:00,user_149,Search,Mobile,North America,212.34,0.34,0,5.33
1/20/2024 13:15,user_779,Checkout,Tablet,Africa,111.61,0.13,0,6.65
1/20/2024 13:30,user_296,Home,Tablet,Europe,390.01,0.07,0,5.41
1/20/2024 13:45,user_11,Search,Desktop,Africa,281.24,0.99,0,8.95
1/20/2024 14:00,user_512,Checkout,Tablet,Asia,299.71,0.66,0,9.9
1/20/2024 14:15,user_676,Product,Desktop,Europe,259.48,0.54,0,1.6
1/20/2024 14:30,user_113,Home,Tablet,North America,573.83,0.77,0,1.73
1/20/2024 14:45,user_187,Home,Mobile,Europe,132.77,0.84,0,1.74
1/20/2024 15:00,user_807,Product,Desktop,Asia,312.42,0.81,1,6.97
1/20/2024 15:15,user_744,Product,Desktop,North America,442.93,0.02,0,4.04
1/20/2024 15:30,user_227,Home,Desktop,South America,336.32,0.19,0,7.47
1/20/2024 15:45,user_310,Product,Tablet,Asia,557.77,0.65,1,4.35
1/20/2024 16:00,user_98,Login,Mobile,North America,229.89,0.38,0,6.46
1/20/2024 16:15,user_55,Checkout,Desktop,Africa,,0.98,0,7.81
1/20/2024 16:30,user_623,Checkout,Desktop,Europe,57.67,0.67,0,5.71
1/20/2024 16:45,user_664,Checkout,Desktop,North America,367.35,0.96,0,5.63
1/20/2024 17:00,user_758,Login,Desktop,Europe,176.49,0.2,0,1.34
1/20/2024 17:15,user_406,Help,Mobile,Africa,100.38,0.86,0,4.4
1/20/2024 17:30,user_69,Product,Tablet,North America,329,0.32,0,5.68
1/20/2024 17:45,user_312,Search,Mobile,South America,321.72,0.99,0,4.89
1/20/2024 18:00,user_289,Product,Desktop,Asia,50.14,0.16,0,9.06
1/20/2024 18:15,user_762,Home,Mobile,North America,,0.52,0,9.11
1/20/2024 18:30,user_548,Profile,Desktop,Africa,376.14,0.79,0,
1/20/2024 18:45,user_751,Checkout,Tablet,North America,117.47,0.43,0,4.07
1/20/2024 19:00,user_148,Product,Tablet,Europe,284.31,0.47,0,7.31
1/20/2024 19:15,user_467,Search,Tablet,North America,433.59,0.99,0,4.26
1/20/2024 19:30,user_739,Home,Desktop,South America,320.01,0.43,0,2.71
1/20/2024 19:45,user_244,Login,Mobile,North America,240.32,0.6,0,3.76
1/20/2024 20:00,user_491,Help,Tablet,Asia,196.79,0.05,0,1.17
1/20/2024 20:15,user_849,Login,Desktop,North America,368.18,0.84,1,3.65
1/20/2024 20:30,user_958,Search,Desktop,Europe,563.77,0.65,0,4.88
1/20/2024 20:45,user_507,Home,Mobile,North America,404.69,0.4,0,9.58
1/20/2024 21:00,user_365,Checkout,,South America,49.47,0.02,0,3.48
1/20/2024 21:15,user_482,Product,Desktop,Africa,279.11,0.59,0,9.07
1/20/2024 21:30,user_201,Home,Mobile,North America,535.04,0.01,0,2.67
1/20/2024 21:45,user_154,Help,Tablet,North America,61.21,0,0,2.31
1/20/2024 22:00,user_450,Login,Mobile,Asia,593.38,0.62,0,5.43
1/20/2024 22:15,user_501,Help,Mobile,South America,569.7,0.19,0,6.89
1/20/2024 22:30,user_73,Help,Desktop,Africa,51.57,0.19,0,0.92
1/20/2024 22:45,user_713,Search,Desktop,Europe,560.38,0.65,0,2.6
1/20/2024 23:00,user_296,Search,Desktop,North America,,,1,4.83
1/20/2024 23:15,user_17,Product,Mobile,Africa,507.6,0.31,0,3.64
1/20/2024 23:30,user_641,Search,Desktop,Europe,253.94,0.15,0,7.27
1/20/2024 23:45,user_217,Search,Mobile,South America,267.31,,1,5.36
1/21/2024 0:00,user_61,Home,Mobile,South America,382.37,0.66,0,2.02
1/21/2024 0:15,user_939,Checkout,Desktop,Africa,465.81,0.72,0,9
1/21/2024 0:30,user_616,Product,Tablet,Europe,25.1,0.26,2,3.28
1/21/2024 0:45,user_42,Home,,South America,357.93,0.09,0,7.45
1/21/2024 1:00,user_25,Checkout,Tablet,Africa,116.11,0.08,0,7.91
1/21/2024 1:15,user_39,Help,Mobile,South America,210.84,0.43,0,9.65
1/21/2024 1:30,user_803,Home,Mobile,South America,212.04,0.95,0,5.24
1/21/2024 1:45,user_131,Profile,Mobile,South America,284.09,0.22,0,6.35
1/21/2024 2:00,user_498,Home,Desktop,Asia,203.81,0.26,0,3.68
1/21/2024 2:15,user_229,Search,Mobile,Europe,68.88,0.1,0,6.94
1/21/2024 2:30,user_108,Checkout,Desktop,Africa,91.65,0.61,0,4.9
1/21/2024 2:45,user_172,Product,Desktop,Africa,24.9,0.68,0,4.66
1/21/2024 3:00,user_435,Product,Tablet,Europe,284.8,0.64,0,8.63
1/21/2024 3:15,user_478,Checkout,Tablet,Europe,572.9,0.86,0,0.98
1/21/2024 3:30,user_102,Search,Tablet,Europe,73.83,0.49,0,8.88
1/21/2024 3:45,user_866,Login,Desktop,Europe,568.03,0.13,0,8.59
1/21/2024 4:00,user_524,Home,Desktop,North America,,0.29,0,5.31
1/21/2024 4:15,user_275,Search,Desktop,Africa,384.31,0.66,0,5.16
1/21/2024 4:30,user_613,Profile,Mobile,North America,388.94,,0,3.94
1/21/2024 4:45,user_44,Help,Desktop,South America,496.9,0.53,0,9.94
1/21/2024 5:00,user_955,Checkout,,South America,68.62,0.68,1,1.56
1/21/2024 5:15,user_817,Home,Tablet,Africa,305.33,,0,6.11
1/21/2024 5:30,user_957,Product,Desktop,South America,419.77,,1,6.98
1/21/2024 5:45,user_17,Help,Desktop,Europe,354.16,0.59,1,9.38
1/21/2024 6:00,user_330,Login,Tablet,North America,500.5,0.78,0,7.91
1/21/2024 6:15,user_569,Profile,Desktop,Europe,48,0.25,0,6.62
1/21/2024 6:30,user_823,Product,Tablet,South America,415.97,0.68,0,1.61
1/21/2024 6:45,user_497,Checkout,Mobile,North America,322.75,0.9,0,4.05
1/21/2024 7:00,user_815,Home,Tablet,Europe,230.6,0.39,0,1.82
1/21/2024 7:15,user_12,Checkout,Mobile,Africa,207.46,0.78,0,8.87
1/21/2024 7:30,user_318,Help,Desktop,Europe,374.4,0.72,0,7.62
1/21/2024 7:45,user_592,Home,Desktop,South America,535.14,0.06,0,7.7
1/21/2024 8:00,user_216,Search,Mobile,North America,300.22,0.58,0,6.7
1/21/2024 8:15,user_339,Login,Desktop,Africa,495.71,,0,5.32
1/21/2024 8:30,user_776,Search,Mobile,North America,244.28,0.97,0,1.92
1/21/2024 8:45,user_991,Search,Desktop,Africa,65.92,0.81,0,3.63
1/21/2024 9:00,user_661,Checkout,Tablet,North America,41.6,0.11,0,1.8
1/21/2024 9:15,user_81,Help,Desktop,South America,35.54,0.12,0,7.39
1/21/2024 9:30,user_727,Login,Tablet,Africa,231.19,0.59,0,
1/21/2024 9:45,user_485,Home,Tablet,Asia,205.66,0.34,0,7.17
1/21/2024 10:00,user_374,Home,Mobile,North America,432.17,0.03,0,7.08
1/21/2024 10:15,user_976,Profile,Desktop,North America,,0.54,0,4.86
1/21/2024 10:30,user_710,Product,Mobile,Europe,35.26,0.39,0,1.78
1/21/2024 10:45,user_200,Profile,Desktop,Africa,136.57,0.1,0,3.49
1/21/2024 11:00,user_537,Profile,Tablet,Asia,168.19,0.8,1,3.54
1/21/2024 11:15,user_466,Home,Tablet,South America,330.83,0.92,0,7.15
1/21/2024 11:30,user_89,Checkout,Desktop,Europe,90.99,0.76,0,1.58
1/21/2024 11:45,user_268,Search,Desktop,Asia,84.7,0.82,0,8.38
1/21/2024 12:00,user_655,Help,Mobile,Africa,566.55,0.22,0,7.73
1/21/2024 12:15,user_571,Search,Desktop,Asia,483.5,0.26,0,2.27
1/21/2024 12:30,user_922,Search,Desktop,North America,112.49,0.21,0,7.33
1/21/2024 12:45,user_489,Login,Desktop,North America,246.91,0.77,0,6.85
1/21/2024 13:00,user_877,Home,,Europe,216.6,0.95,0,7.61
1/21/2024 13:15,user_538,Help,Desktop,Africa,475.65,0.72,0,2.29
1/21/2024 13:30,user_47,Checkout,Tablet,Africa,308.58,0.88,0,2
1/21/2024 13:45,user_288,Login,Mobile,Asia,81.07,0.64,0,2.75
1/21/2024 14:00,user_778,Product,Mobile,Europe,444.7,0.39,0,3.98
1/21/2024 14:15,user_16,Checkout,Tablet,Africa,,0.43,0,8.04
1/21/2024 14:30,user_711,Profile,Tablet,North America,161.44,0.08,0,7.51
1/21/2024 14:45,user_401,Checkout,Tablet,Asia,228.42,0.03,0,
1/21/2024 15:00,user_919,Checkout,Desktop,South America,301.17,0.7,0,1.06
1/21/2024 15:15,user_794,Search,Tablet,North America,209.15,0.44,0,0.61
1/21/2024 15:30,user_981,Checkout,Desktop,Europe,148.93,0.55,0,7.14
1/21/2024 15:45,user_86,Profile,Mobile,Africa,242.11,0.56,0,3.15
1/21/2024 16:00,user_250,Profile,Mobile,North America,16.41,0.28,0,3.67
1/21/2024 16:15,user_391,Home,Tablet,South America,464.64,0.48,1,5.69
1/21/2024 16:30,user_782,Checkout,Desktop,South America,106.71,0.47,0,1.47
1/21/2024 16:45,user_335,Search,Tablet,Europe,31.12,0.39,0,6.61
1/21/2024 17:00,user_629,Checkout,Tablet,North America,393.95,0.82,0,3.59
1/21/2024 17:15,user_519,Product,Desktop,Asia,465.49,0.45,0,6.51
1/21/2024 17:30,user_137,Product,Tablet,North America,489.23,0.6,0,8.42
1/21/2024 17:45,user_883,Search,Mobile,South America,298.64,0.9,0,2.13
1/21/2024 18:00,user_688,Home,Tablet,Europe,127.19,0.87,0,9.34
1/21/2024 18:15,user_840,Home,Desktop,Europe,443.65,0.89,0,5.54
1/21/2024 18:30,user_498,Profile,Desktop,Asia,421.33,0.27,0,9.27
1/21/2024 18:45,user_827,Profile,Mobile,Europe,151.53,0.03,0,2.47
1/21/2024 19:00,user_727,Login,Desktop,Europe,542.53,0.26,0,6.24
1/21/2024 19:15,user_477,Search,Desktop,Europe,67.1,0.28,0,4.34
1/21/2024 19:30,user_594,Checkout,Mobile,Europe,589.7,0.91,0,7.86
1/21/2024 19:45,user_223,Help,Tablet,Europe,516.85,,0,6.26
1/21/2024 20:00,user_990,Search,Mobile,South America,414.3,0.08,0,5.2
1/21/2024 20:15,user_372,Login,Tablet,North America,563.56,0.14,0,9.17
1/21/2024 20:30,user_935,Profile,Mobile,Africa,434.78,0.16,1,4.08
1/21/2024 20:45,user_995,Search,Tablet,Europe,118.32,0.63,0,2.59
1/21/2024 21:00,user_402,Search,Mobile,Africa,268.08,0.74,0,
1/21/2024 21:15,user_443,Profile,,Africa,47.54,,0,6.43
1/21/2024 21:30,user_490,Login,Mobile,South America,236.85,0.94,0,4.67
1/21/2024 21:45,user_615,Profile,Tablet,Europe,446.25,,0,5.12
1/21/2024 22:00,user_273,Home,Mobile,Africa,234.93,0.31,0,9.62
1/21/2024 22:15,user_526,Checkout,Desktop,Europe,201.53,0.24,0,7.46
1/21/2024 22:30,user_159,Profile,Tablet,Asia,359.24,0.36,0,1.55
1/21/2024 22:45,user_152,Login,Mobile,Asia,523.96,0.91,0,2.52
1/21/2024 23:00,user_995,Product,Tablet,Asia,33.31,0.58,0,9.77
1/21/2024 23:15,user_620,Home,Tablet,Africa,234.35,,0,7.4
1/21/2024 23:30,user_188,Product,Mobile,Asia,99.15,0.49,0,9.19
1/21/2024 23:45,user_813,Help,Tablet,South America,418.74,,0,3.39
1/22/2024 0:00,user_98,Profile,Mobile,South America,67.91,0.06,1,7.55
1/22/2024 0:15,user_131,Home,Desktop,Africa,400.56,0.54,0,7.28
1/22/2024 0:30,user_805,Checkout,,Europe,175.28,0.72,0,3.3
1/22/2024 0:45,user_171,Profile,Desktop,North America,123.36,0.22,0,5.73
1/22/2024 1:00,user_936,Checkout,Tablet,Europe,562.13,0.72,0,6.46
1/22/2024 1:15,user_986,Search,Tablet,Europe,16.02,0.81,0,5.07
1/22/2024 1:30,user_183,Product,Tablet,Europe,265.48,0.41,0,8.36
1/22/2024 1:45,user_983,Home,Mobile,Europe,17.87,0.75,0,8.41
1/22/2024 2:00,user_364,Checkout,Desktop,North America,292.74,0.4,0,8.58
1/22/2024 2:15,user_39,Login,Tablet,Asia,303.12,,0,8.13
1/22/2024 2:30,user_527,Checkout,Mobile,Europe,196.39,0.76,0,5.14
1/22/2024 2:45,user_888,Login,Tablet,South America,83.64,0.99,0,4.12
1/22/2024 3:00,user_497,Profile,Mobile,Africa,228.95,0.35,0,8.4
1/22/2024 3:15,user_516,Home,Tablet,Africa,405,0.41,1,5.16
1/22/2024 3:30,user_349,Checkout,Desktop,South America,470.53,0.17,0,2.84
1/22/2024 3:45,user_982,Help,Desktop,Europe,320.8,0.2,0,5.32
1/22/2024 4:00,user_921,Checkout,Tablet,North America,355.95,0.69,0,1.85
1/22/2024 4:15,user_397,Help,Mobile,Asia,124.37,0.92,0,7.07
1/22/2024 4:30,user_722,Home,Tablet,Africa,175.96,0.39,0,3.69
1/22/2024 4:45,user_161,Checkout,Mobile,Asia,101.33,0.18,0,2.98
1/22/2024 5:00,user_16,Login,Tablet,North America,153.33,0.29,0,9.59
1/22/2024 5:15,user_493,Checkout,Mobile,Africa,138.81,0.46,0,7.88
1/22/2024 5:30,user_426,Product,Desktop,Asia,314.07,0.29,0,7.98
1/22/2024 5:45,user_108,Profile,Tablet,North America,339.8,0.23,0,
1/22/2024 6:00,user_894,Search,Desktop,Asia,567.24,0.74,0,8.47
1/22/2024 6:15,user_450,Login,Desktop,Europe,121.36,0.01,1,7.71
1/22/2024 6:30,user_311,Product,Tablet,North America,386.8,0.54,0,6.19
1/22/2024 6:45,user_739,Help,Tablet,Asia,491.27,0.79,0,9.63
1/22/2024 7:00,user_170,Profile,Mobile,Europe,,0.27,0,2.32
1/22/2024 7:15,user_546,Home,,Europe,156.73,0.6,0,9.46
1/22/2024 7:30,user_414,Login,Desktop,North America,161.22,0.67,0,4.31
1/22/2024 7:45,user_251,Search,Mobile,South America,28.36,0.66,0,5.52
1/22/2024 8:00,user_759,Profile,Mobile,Africa,186.74,0.45,0,1.67
1/22/2024 8:15,user_781,Help,Tablet,North America,448.04,0.35,0,5.63
1/22/2024 8:30,user_141,Search,Mobile,Europe,33.27,,0,6.31
1/22/2024 8:45,user_274,Home,Desktop,Europe,135.48,0.76,0,
1/22/2024 9:00,user_416,Home,Mobile,North America,425.21,0.32,0,9.76
1/22/2024 9:15,user_608,Help,Desktop,South America,,0.1,0,9.68
1/22/2024 9:30,user_739,Login,Tablet,Africa,275.91,0.07,0,3.81
1/22/2024 9:45,user_891,Help,Desktop,Asia,420.35,0.09,0,9.92
1/22/2024 10:00,user_39,Checkout,Mobile,North America,235.83,0.58,0,4.83
1/22/2024 10:15,user_814,Home,Tablet,Africa,100.15,0.05,0,8.59
1/22/2024 10:30,user_29,Profile,Mobile,Africa,241.9,,1,2.56
1/22/2024 10:45,user_958,Checkout,Tablet,Europe,350.08,0.75,0,5.31
1/22/2024 11:00,user_477,Product,Tablet,Asia,569.09,0.29,0,9.68
1/22/2024 11:15,user_318,Search,Mobile,North America,45.91,0.76,0,9.5
1/22/2024 11:30,user_245,Checkout,,Europe,306.9,0.75,1,7
1/22/2024 11:45,user_748,Search,Tablet,Europe,200.71,0.25,0,
1/22/2024 12:00,user_697,Help,Tablet,South America,,0.73,0,2.18
1/22/2024 12:15,user_272,Checkout,Mobile,Africa,19.27,0.75,0,7.36
1/22/2024 12:30,user_440,Help,Desktop,North America,191.25,0.4,0,6.37
1/22/2024 12:45,user_748,Product,Mobile,North America,492.82,0.21,0,1.37
1/22/2024 13:00,user_239,Home,Tablet,North America,334.6,0.52,0,1.58
1/22/2024 13:15,user_377,Product,Mobile,Europe,273.1,0.92,0,1.53
1/22/2024 13:30,user_266,Home,Desktop,South America,174.89,0.64,1,7.38
1/22/2024 13:45,user_926,Help,Mobile,Asia,182.34,0.17,0,
1/22/2024 14:00,user_921,Home,Tablet,Europe,232.95,0.68,0,4.94
1/22/2024 14:15,user_359,Search,Mobile,Asia,502.16,0.43,1,3.89
1/22/2024 14:30,user_340,Profile,Tablet,South America,580.49,0.59,0,5.73
1/22/2024 14:45,user_389,Product,Tablet,Africa,266,0.73,0,7.21
1/22/2024 15:00,user_577,Checkout,Mobile,North America,239.04,0.51,0,7
1/22/2024 15:15,user_990,Product,Tablet,Asia,508.7,0.81,0,5.4
1/22/2024 15:30,user_689,Search,Tablet,Europe,259.01,0.72,0,4.91
1/22/2024 15:45,user_3,Home,Desktop,Asia,333.45,0.62,0,4.28
1/22/2024 16:00,user_429,Search,Desktop,Africa,142.41,0.15,0,8.69
1/22/2024 16:15,user_142,Login,Desktop,North America,447.38,0.84,0,3.64
1/22/2024 16:30,user_376,Login,Desktop,Asia,321.53,0.94,0,2.96
1/22/2024 16:45,user_670,Checkout,Tablet,Africa,486.38,0.14,0,7.56
1/22/2024 17:00,user_324,Search,Mobile,Europe,469.54,0.49,0,3.92
1/22/2024 17:15,user_146,Help,Tablet,South America,132.93,0.26,0,8.55
1/22/2024 17:30,user_958,Checkout,Tablet,Europe,430.8,0.75,0,3.61
1/22/2024 17:45,user_293,Help,Tablet,North America,,0.72,0,7.17
1/22/2024 18:00,user_665,Checkout,Mobile,Europe,210.93,0.14,0,0.93
1/22/2024 18:15,user_432,Login,Desktop,Europe,107.7,0.88,0,4.16
1/22/2024 18:30,user_705,Checkout,Tablet,Europe,6.57,0.18,0,
1/22/2024 18:45,user_949,Login,Tablet,Europe,273.29,0.8,0,8.26
1/22/2024 19:00,user_975,Home,Desktop,North America,,0.46,0,9.69
1/22/2024 19:15,user_585,Help,Tablet,Africa,335.17,,0,4.88
1/22/2024 19:30,user_399,Search,Mobile,Asia,116.88,0.16,0,8.34
1/22/2024 19:45,user_817,Checkout,,South America,516.5,0.17,1,7.15
1/22/2024 20:00,user_889,Login,Tablet,Asia,158.36,0.66,0,9.69
1/22/2024 20:15,user_344,Product,Desktop,Asia,-10,0.55,0,
1/22/2024 20:30,user_964,Help,Tablet,South America,291.02,0.12,0,1.24
1/22/2024 20:45,user_140,Checkout,Tablet,North America,301.82,0.11,0,7.28
1/22/2024 21:00,user_187,Profile,Mobile,South America,132.98,0.07,0,5.59
1/22/2024 21:15,user_805,Home,,North America,166.76,0.74,0,0.66
1/22/2024 21:30,user_61,Home,Desktop,Asia,105.97,0.71,0,
1/22/2024 21:45,user_997,Product,Mobile,North America,432.48,0.06,0,9.26
1/22/2024 22:00,user_939,Login,Tablet,Africa,463.2,0.56,0,9.3
1/22/2024 22:15,user_380,Checkout,Desktop,South America,280.09,0.08,0,8.09
1/22/2024 22:30,user_710,Help,,Africa,429.88,0.9,0,9.83
1/22/2024 22:45,user_807,Login,Tablet,Asia,442.88,0.91,0,8.16
1/22/2024 23:00,user_440,Home,,South America,87.27,0.7,1,0.6
1/22/2024 23:15,user_319,Login,Desktop,Asia,579.88,0.93,0,
1/22/2024 23:30,user_302,Home,Tablet,Africa,493.51,0.81,0,0.79
1/22/2024 23:45,user_344,Login,Desktop,Asia,126.67,0.83,0,1.39
1/23/2024 0:00,user_11,Product,,South America,115.77,0.57,0,
1/23/2024 0:15,user_62,Search,,South America,79.77,0.31,0,5.28
1/23/2024 0:30,user_845,Product,Mobile,Asia,87.34,0.22,0,8.55
1/23/2024 0:45,user_226,Product,Tablet,South America,450.16,0.33,0,8.69
1/23/2024 1:00,user_153,Search,Mobile,South America,284.44,0.63,1,6.35
1/23/2024 1:15,user_711,Search,Tablet,Asia,470.85,0.17,0,9.32
1/23/2024 1:30,user_564,Checkout,,Africa,449.02,0.26,0,5.25
1/23/2024 1:45,user_772,Help,Desktop,South America,364.74,0.47,0,8.95
1/23/2024 2:00,user_571,Help,Tablet,South America,413.39,0.23,0,4.81
1/23/2024 2:15,user_584,Checkout,Tablet,South America,15.92,,0,
1/23/2024 2:30,user_660,Product,Desktop,South America,190.51,0.92,0,9.21
1/23/2024 2:45,user_861,Product,Tablet,Asia,384.5,0.75,0,4.19
1/23/2024 3:00,user_575,Home,Mobile,Africa,10.56,0.67,0,5.28
1/23/2024 3:15,user_310,Home,Mobile,Africa,24.62,0.58,0,3.62
1/23/2024 3:30,user_885,Help,Mobile,North America,511.87,0.49,1,6.8
1/23/2024 3:45,user_243,Checkout,Mobile,South America,411.99,0.19,0,9.95
1/23/2024 4:00,user_493,Profile,Mobile,South America,162.89,0.89,0,0.74
1/23/2024 4:15,user_366,Profile,Tablet,North America,414.34,0.25,0,9.05
1/23/2024 4:30,user_330,Checkout,Tablet,Africa,476.51,0.09,0,0.54
1/23/2024 4:45,user_107,Home,Mobile,Europe,187.54,0.75,0,3.96
1/23/2024 5:00,user_226,Help,Tablet,Europe,26.44,0.18,0,2.1
1/23/2024 5:15,user_825,Help,Tablet,Africa,560,0.37,0,7.69
1/23/2024 5:30,user_218,Home,Mobile,South America,210.38,0.03,0,0.98
1/23/2024 5:45,user_937,Profile,Tablet,Europe,,,0,5.76
1/23/2024 6:00,user_753,Login,Tablet,Asia,297.65,0.17,0,3.3
1/23/2024 6:15,user_506,Login,Tablet,Asia,462.24,0.05,0,1.77
1/23/2024 6:30,user_259,Home,Mobile,North America,136.88,0.66,1,7.83
1/23/2024 6:45,user_888,Login,,Africa,165.35,0.84,0,2.57
1/23/2024 7:00,user_774,Search,Desktop,Africa,149.42,0.37,0,2.62
1/23/2024 7:15,user_517,Checkout,,Europe,,0.87,0,3.11
1/23/2024 7:30,user_773,Checkout,Mobile,South America,122.46,0.21,0,6.07
1/23/2024 7:45,user_54,Home,Desktop,Africa,347.43,0.33,0,
1/23/2024 8:00,user_47,Product,Mobile,Europe,555.53,0.15,0,0.67
1/23/2024 8:15,user_727,Profile,Desktop,Europe,92.4,,0,2.8
1/23/2024 8:30,user_689,Home,Desktop,Africa,582.66,0.42,0,4.59
1/23/2024 8:45,user_521,Login,Desktop,Europe,568.75,0.61,0,3.65
1/23/2024 9:00,user_99,Profile,Mobile,North America,531.32,0.76,0,8.9
1/23/2024 9:15,user_20,Product,Mobile,North America,-10,0.55,0,7.98
1/23/2024 9:30,user_890,Login,Tablet,Africa,382.26,0.63,0,6.45
1/23/2024 9:45,user_753,Help,Mobile,South America,457.73,0.94,0,3.71
1/23/2024 10:00,user_573,Search,Desktop,North America,591.69,0.3,0,7.16
1/23/2024 10:15,user_891,Login,Desktop,North America,112.35,0.36,0,8.51
1/23/2024 10:30,user_490,Search,Mobile,Africa,460.79,0.72,0,
1/23/2024 10:45,user_419,Profile,Mobile,Asia,206.59,0.61,0,
1/23/2024 11:00,user_690,Search,Mobile,Europe,109.5,0.18,0,7.62
1/23/2024 11:15,user_850,Profile,Tablet,North America,255.72,0.38,0,5.93
1/23/2024 11:30,user_62,Profile,Desktop,Asia,477.33,0.47,1,3.47
1/23/2024 11:45,user_145,Profile,Tablet,South America,281.59,0.42,0,7.58
1/23/2024 12:00,user_216,Profile,,Asia,324.83,0.18,1,2.46
1/23/2024 12:15,user_3,Profile,Desktop,Africa,597.12,,0,7.91
1/23/2024 12:30,user_160,Login,Desktop,South America,,0.76,0,8.14
1/23/2024 12:45,user_739,Profile,Mobile,South America,371.16,0.48,1,8.31
1/23/2024 13:00,user_998,Login,Mobile,Asia,222.32,0.68,0,4.99
1/23/2024 13:15,user_781,Profile,Tablet,Africa,238.71,0.9,0,2.33
1/23/2024 13:30,user_120,Search,Mobile,North America,418.91,0.14,0,1.45
1/23/2024 13:45,user_893,Help,Mobile,Asia,563.04,0.25,0,7.56
1/23/2024 14:00,user_89,Profile,Desktop,North America,327.7,0.54,0,8.92
1/23/2024 14:15,user_329,Product,Desktop,Asia,462.2,0.8,0,6.68
1/23/2024 14:30,user_580,Profile,Mobile,North America,58.08,0.04,0,1.87
1/23/2024 14:45,user_910,Profile,Desktop,Asia,130.64,0.98,0,9.38
1/23/2024 15:00,user_357,Search,Mobile,South America,303.77,0.45,0,9.9
1/23/2024 15:15,user_610,Checkout,Desktop,Europe,16.91,0.36,1,4.62
1/23/2024 15:30,user_267,Search,Desktop,South America,155.45,0.29,0,
1/23/2024 15:45,user_617,Product,Desktop,North America,312.85,0.17,0,7.88
1/23/2024 16:00,user_952,Checkout,Desktop,Africa,13.9,0.79,0,7.5
1/23/2024 16:15,user_323,Home,Mobile,South America,162.41,0.96,0,
1/23/2024 16:30,user_635,Home,,Europe,310.85,0.41,0,1.59
1/23/2024 16:45,user_988,Product,Desktop,North America,346.02,0.95,0,6.02
1/23/2024 17:00,user_541,Search,Mobile,South America,555.82,0.82,0,7.07
1/23/2024 17:15,user_649,Login,,Asia,388.98,0.48,0,8.96
1/23/2024 17:30,user_195,Product,Desktop,Africa,,0.67,2,8.8
1/23/2024 17:45,user_921,Help,Tablet,North America,558.56,0.43,0,9.79
1/23/2024 18:00,user_738,Checkout,Desktop,South America,472.01,0.56,0,5.36
1/23/2024 18:15,user_332,Checkout,Mobile,North America,124.01,0.06,0,8.39
1/23/2024 18:30,user_170,Profile,,Asia,82.85,0.7,0,
1/23/2024 18:45,user_521,Home,Mobile,Europe,407.11,0.05,2,4.51
1/23/2024 19:00,user_463,Checkout,Desktop,South America,338.13,0.82,0,2.91
1/23/2024 19:15,user_40,Product,Tablet,North America,474.86,0.82,0,8.27
1/23/2024 19:30,user_537,Checkout,Mobile,North America,444.59,0.24,0,9.87
1/23/2024 19:45,user_261,Product,Mobile,North America,377,0.32,0,2.94
1/23/2024 20:00,user_395,Login,Mobile,Europe,591.9,0.48,0,1.03
1/23/2024 20:15,user_955,Profile,Desktop,North America,322.49,,0,8.25
1/23/2024 20:30,user_226,Home,Tablet,Africa,72.3,0.29,0,6.39
1/23/2024 20:45,user_984,Checkout,Desktop,Africa,497.82,0.59,0,9.62
1/23/2024 21:00,user_124,Product,Desktop,North America,154.85,0.3,0,2.9
1/23/2024 21:15,user_975,Search,Desktop,Africa,467.49,0.06,0,1.17
1/23/2024 21:30,user_38,Home,Tablet,South America,574.48,0,0,5.18
1/23/2024 21:45,user_328,Login,Desktop,Africa,419.59,0.1,0,
1/23/2024 22:00,user_251,Product,Desktop,North America,359.64,0.79,0,2.99
1/23/2024 22:15,user_901,Help,Desktop,Asia,,0.96,1,1.7
1/23/2024 22:30,user_176,Help,Desktop,South America,221.82,0.43,0,2.63
1/23/2024 22:45,user_602,Profile,Mobile,Europe,215.04,0.51,0,1.51
1/23/2024 23:00,user_914,Profile,Desktop,North America,383.64,0.15,0,9.56
1/23/2024 23:15,user_454,Login,,Europe,452.01,0.55,0,3.15
1/23/2024 23:30,user_37,Login,Desktop,Asia,408.72,0.14,0,4.72
1/23/2024 23:45,user_316,Profile,Tablet,Europe,123.05,0.61,0,9.04
1/24/2024 0:00,user_688,Checkout,Mobile,North America,298.92,0.93,0,6.93
1/24/2024 0:15,user_973,Checkout,Mobile,North America,476.03,0.2,0,6.37
1/24/2024 0:30,user_796,Product,Mobile,Asia,288.04,0.76,0,7.2
1/24/2024 0:45,user_965,Search,Mobile,North America,324.29,0.02,0,8.37
1/24/2024 1:00,user_973,Product,Tablet,Asia,463.83,0.38,0,8.84
1/24/2024 1:15,user_593,Search,Desktop,Asia,398.45,0.11,0,6.61
1/24/2024 1:30,user_114,Login,Mobile,North America,248.56,0.35,0,8.96
1/24/2024 1:45,user_40,Home,Tablet,Africa,537.77,0.17,0,5.59
1/24/2024 2:00,user_301,Product,Mobile,Asia,,0.37,0,3.13
1/24/2024 2:15,user_224,Product,Desktop,North America,597.33,0.42,0,8.86
1/24/2024 2:30,user_318,Search,Mobile,Africa,75.72,0.3,0,5.64
1/24/2024 2:45,user_349,Login,Tablet,Asia,13.9,0.66,0,9.11
1/24/2024 3:00,user_115,Login,Desktop,Africa,534.56,0.92,1,0.88
1/24/2024 3:15,user_698,Help,Tablet,South America,150.75,0.4,0,4.28
1/24/2024 3:30,user_323,Search,Desktop,South America,439.17,,1,9.5
1/24/2024 3:45,user_568,Login,Desktop,Africa,487.55,0.27,0,2.87
1/24/2024 4:00,user_40,Profile,Desktop,Asia,516.1,0.85,0,
1/24/2024 4:15,user_866,Checkout,Mobile,North America,595,0.57,1,9.56
1/24/2024 4:30,user_40,Help,Tablet,Europe,179.95,0.46,0,8.88
1/24/2024 4:45,user_859,Profile,Tablet,North America,427.59,0.15,0,5.85
1/24/2024 5:00,user_973,Home,Tablet,Europe,73.66,0.45,0,6.65
1/24/2024 5:15,user_749,Product,Desktop,Europe,247.05,0.28,0,8.76
1/24/2024 5:30,user_289,Help,Mobile,Asia,509.54,0.94,0,7.87
1/24/2024 5:45,user_262,Home,Desktop,Africa,223.76,1.5,0,6.49
1/24/2024 6:00,user_216,Product,Tablet,North America,356.7,0.08,0,
1/24/2024 6:15,user_147,Checkout,Mobile,Africa,304.75,0.52,0,7.01
1/24/2024 6:30,user_336,Login,,South America,389.34,0.23,0,9.77
1/24/2024 6:45,user_168,Profile,,Asia,583.87,0.41,0,
1/24/2024 7:00,user_92,Search,Tablet,Asia,38.16,0.88,0,1.82
1/24/2024 7:15,user_353,Profile,Mobile,South America,346.51,0.53,1,
1/24/2024 7:30,user_571,Checkout,Mobile,North America,518.5,0.33,0,4.16
1/24/2024 7:45,user_571,Home,Desktop,South America,291.42,0.21,0,7.94
1/24/2024 8:00,user_816,Search,Desktop,North America,51.72,0.8,0,2.03
1/24/2024 8:15,user_681,Login,Mobile,Europe,338.52,0.62,0,
1/24/2024 8:30,user_781,Checkout,Mobile,Asia,202.58,,0,3.49
1/24/2024 8:45,user_363,Search,Desktop,North America,97.19,0.22,0,4.57
1/24/2024 9:00,user_557,Checkout,Desktop,Africa,510.18,0.33,0,3.11
1/24/2024 9:15,user_345,Checkout,Desktop,Africa,,,1,6
1/24/2024 9:30,user_693,Login,Tablet,Asia,560.3,0.52,0,1.06
1/24/2024 9:45,user_170,Help,Tablet,South America,484.58,0.4,0,1.92
1/24/2024 10:00,user_356,Product,Desktop,South America,417.32,0.52,0,7.59
1/24/2024 10:15,user_191,Search,Mobile,North America,7.99,0.78,0,2.27
1/24/2024 10:30,user_667,Login,Desktop,South America,259.55,0.34,0,2.74
1/24/2024 10:45,user_422,Checkout,,Asia,122.5,0.18,1,8.03
1/24/2024 11:00,user_700,Login,Mobile,North America,546.92,0.58,0,1.39
1/24/2024 11:15,user_7,Help,Tablet,Europe,108.88,0.67,0,4.66
1/24/2024 11:30,user_133,Product,Mobile,South America,175.21,0.71,0,0.72
1/24/2024 11:45,user_747,Profile,Tablet,South America,,0.88,0,3.79
1/24/2024 12:00,user_557,Search,Mobile,North America,,0.37,0,7.14
1/24/2024 12:15,user_826,Product,Mobile,Africa,,0.08,0,1.36
1/24/2024 12:30,user_761,Home,Mobile,South America,361.46,0.96,0,8.94
1/24/2024 12:45,user_31,Search,Mobile,Asia,57.91,0.44,1,9.14
1/24/2024 13:00,user_535,Product,Tablet,South America,39.61,0.62,0,1.5
1/24/2024 13:15,user_426,Checkout,,Europe,226.49,0.67,0,9.91
1/24/2024 13:30,user_394,Search,Mobile,South America,433.8,0.55,0,3.33
1/24/2024 13:45,user_672,Search,Mobile,Africa,335.11,1.5,0,1.3
1/24/2024 14:00,user_363,Login,Tablet,South America,256.61,0.76,0,0.55
1/24/2024 14:15,user_437,Checkout,Mobile,North America,341.62,0.8,0,
1/24/2024 14:30,user_670,Home,Mobile,South America,222.44,0.55,0,6.48
1/24/2024 14:45,user_551,Profile,Mobile,Africa,562.01,0.49,0,3.66
1/24/2024 15:00,user_927,Help,Desktop,North America,37.67,0.11,0,8.45
1/24/2024 15:15,user_82,Product,Mobile,Asia,405.67,0.08,0,7.31
1/24/2024 15:30,user_356,Login,Desktop,North America,535.31,,0,3.83
1/24/2024 15:45,user_258,Product,Mobile,Europe,483.31,0.31,0,7.48
1/24/2024 16:00,user_718,Home,Tablet,North America,114.5,0.95,0,9.43
1/24/2024 16:15,user_589,Home,Desktop,Asia,,0.78,1,1.38
1/24/2024 16:30,user_989,Search,Desktop,South America,431.64,0.66,0,3.41
1/24/2024 16:45,user_524,Help,Mobile,North America,55.14,,0,4.9
1/24/2024 17:00,user_295,Home,Mobile,North America,488.06,0.17,0,5.23
1/24/2024 17:15,user_962,Product,Desktop,North America,432.75,0.98,0,5.65
1/24/2024 17:30,user_224,Checkout,Tablet,North America,439.12,0.38,0,3.36
1/24/2024 17:45,user_525,Checkout,Tablet,Asia,64.64,0.11,0,6.84
1/24/2024 18:00,user_46,Search,Mobile,Africa,432.07,1.5,0,6.63
1/24/2024 18:15,user_667,Profile,Tablet,Africa,409.49,0.87,0,5.99
1/24/2024 18:30,user_113,Product,,North America,499.4,0.89,0,1.58
1/24/2024 18:45,user_233,Product,Mobile,Asia,29.75,0.01,0,5.03
1/24/2024 19:00,user_17,Home,Tablet,Asia,18.75,0.89,0,3.88
1/24/2024 19:15,user_360,Help,Mobile,North America,226.94,0.27,0,5.16
1/24/2024 19:30,user_223,Product,Desktop,Europe,93.53,0.04,0,9.26
1/24/2024 19:45,user_866,Login,Mobile,North America,337.24,0.85,0,5.07
1/24/2024 20:00,user_700,Profile,Desktop,Europe,550.82,0.86,0,0.63
1/24/2024 20:15,user_448,Home,Desktop,North America,237.93,0.6,0,4.67
1/24/2024 20:30,user_856,Login,Tablet,Europe,507.75,,1,8.3
1/24/2024 20:45,user_365,Search,Tablet,Europe,5.14,0.81,0,7.91
1/24/2024 21:00,user_675,Checkout,Tablet,North America,,0.79,0,5.38
1/24/2024 21:15,user_326,Search,Mobile,Europe,23.1,0.89,0,2.87
1/24/2024 21:30,user_467,Checkout,Tablet,South America,200.25,0.55,1,4.92
1/24/2024 21:45,user_414,Search,Desktop,Africa,545.37,0.97,0,5.86
1/24/2024 22:00,user_455,Product,Tablet,Asia,62.69,1,0,10
1/24/2024 22:15,user_586,Login,Tablet,Europe,365.81,0.12,0,6.62
1/24/2024 22:30,user_233,Checkout,Mobile,Europe,273.64,0.85,0,7.1
1/24/2024 22:45,user_224,Home,Mobile,Asia,,,0,5.17
1/24/2024 23:00,user_994,Login,Desktop,Europe,77.9,0.39,0,3.87
1/24/2024 23:15,user_831,Home,Mobile,Asia,-10,0.61,0,8.22
1/24/2024 23:30,user_412,Login,Tablet,North America,22.58,0.06,0,5.2
1/24/2024 23:45,user_572,Login,Mobile,South America,263.19,0.51,0,9.95
1/25/2024 0:00,user_335,Search,Desktop,South America,170.31,0.87,0,4.84
1/25/2024 0:15,user_222,Checkout,Tablet,Africa,522.59,0.21,1,
1/25/2024 0:30,user_37,Checkout,Desktop,Europe,364.94,0.43,0,6.98
1/25/2024 0:45,user_989,Help,Mobile,Africa,,0.94,0,0.94
1/25/2024 1:00,user_278,Login,Mobile,North America,321.49,0.43,0,2.88
1/25/2024 1:15,user_196,Product,Desktop,South America,59.65,0.36,0,3.86
1/25/2024 1:30,user_916,Product,Tablet,North America,269.79,0.44,0,7.53
1/25/2024 1:45,user_864,Home,Mobile,North America,599.71,0.52,0,5.2
1/25/2024 2:00,user_484,Home,Mobile,Europe,,0.63,0,0.77
1/25/2024 2:15,user_242,Search,Tablet,North America,536.61,0.8,0,6.36
1/25/2024 2:30,user_324,Login,Mobile,South America,494.82,0.45,0,4.41
1/25/2024 2:45,user_731,Home,Desktop,Africa,66.31,0.82,0,9.26
1/25/2024 3:00,user_192,Home,Mobile,South America,140.33,0.53,0,5.25
1/25/2024 3:15,user_17,Profile,Mobile,Europe,6.86,0.34,0,7.24
1/25/2024 3:30,user_524,Login,Tablet,South America,185.59,0.66,0,2.58
1/25/2024 3:45,user_918,Search,Desktop,Asia,69.62,0.72,0,7.73
1/25/2024 4:00,user_401,Home,Tablet,Africa,286.31,0.56,0,7.35
1/25/2024 4:15,user_906,Search,Mobile,Asia,407.89,0.06,0,9.09
1/25/2024 4:30,user_886,Checkout,Mobile,Asia,525.33,0.17,0,0.82
1/25/2024 4:45,user_705,Search,Tablet,Europe,450.78,0.29,0,4.75
1/25/2024 5:00,user_22,Product,Tablet,North America,563.46,0.28,0,6.95
1/25/2024 5:15,user_474,Product,Tablet,Asia,37.07,0.67,0,1.4
1/25/2024 5:30,user_120,Search,Desktop,South America,12.25,0.02,0,4.4
1/25/2024 5:45,user_210,Product,Mobile,North America,398.5,0.76,0,9.45
1/25/2024 6:00,user_306,Checkout,Tablet,South America,177.16,0.27,0,4.64
1/25/2024 6:15,user_270,Login,Mobile,South America,155.83,,0,9.86
1/25/2024 6:30,user_704,Product,Desktop,North America,201.88,0.53,0,1.04
1/25/2024 6:45,user_687,Product,Desktop,North America,165.53,0.22,0,
1/25/2024 7:00,user_285,Search,Desktop,South America,309.3,0.88,0,6.02
1/25/2024 7:15,user_716,Checkout,Desktop,Europe,266.89,0.09,0,5.26
1/25/2024 7:30,user_676,Help,Mobile,Africa,,0.44,1,9.72
1/25/2024 7:45,user_763,Help,Desktop,Africa,405.26,0.85,0,1.73
1/25/2024 8:00,user_227,Help,Desktop,Europe,235.34,0.62,0,9.01
1/25/2024 8:15,user_948,Help,Tablet,North America,154.53,0.29,0,7.07
1/25/2024 8:30,user_381,Login,Desktop,South America,103.89,0.42,0,2.96
1/25/2024 8:45,user_460,Search,Tablet,Africa,,0.71,0,9.07
1/25/2024 9:00,user_7,Search,Desktop,South America,446.37,0.97,0,4.58
1/25/2024 9:15,user_29,Profile,Desktop,Europe,455.24,0.89,0,
1/25/2024 9:30,user_907,Checkout,Tablet,South America,401.81,0.34,0,4.19
1/25/2024 9:45,user_33,Help,Desktop,Europe,144.25,1,0,8.58
1/25/2024 10:00,user_646,Login,Mobile,North America,354.91,0,0,6.55
1/25/2024 10:15,user_879,Checkout,Mobile,Europe,344.56,0.03,0,1.84
1/25/2024 10:30,user_79,Help,Desktop,Europe,293.14,0.82,0,6.67
1/25/2024 10:45,user_928,Login,Mobile,Africa,332.24,0.2,0,2.32
1/25/2024 11:00,user_947,Checkout,Tablet,South America,297.62,0.06,0,4.41
1/25/2024 11:15,user_459,Search,Desktop,Africa,341.45,0.24,0,2.12
1/25/2024 11:30,user_570,Search,Desktop,Asia,430.73,0.43,0,0.71
1/25/2024 11:45,user_983,Home,Tablet,Europe,70.23,0.73,0,2.51
1/25/2024 12:00,user_538,Product,Tablet,Asia,451.03,0.62,0,5.6
1/25/2024 12:15,user_482,Help,Tablet,Africa,85.85,0.24,0,5.07
1/25/2024 12:30,user_430,Profile,Desktop,South America,44.64,0.5,0,5.26
1/25/2024 12:45,user_738,Checkout,Tablet,Africa,585.77,0.93,0,2.85
1/25/2024 13:00,user_285,Profile,Tablet,South America,574.41,,1,7.01
1/25/2024 13:15,user_516,Home,Mobile,South America,40.96,0.32,0,7.19
1/25/2024 13:30,user_977,Product,Mobile,North America,268.74,0.98,0,3.9
1/25/2024 13:45,user_99,Checkout,Desktop,Europe,115.82,0.71,0,8.87
1/25/2024 14:00,user_397,Login,Mobile,Africa,293.78,0.06,0,6.62
1/25/2024 14:15,user_489,Help,Mobile,South America,498.96,0.04,0,7.27
1/25/2024 14:30,user_39,Product,Tablet,Africa,570.61,0.17,0,3.13
1/25/2024 14:45,user_271,Search,Tablet,Africa,382.38,0.73,0,0.51
1/25/2024 15:00,user_887,Home,Mobile,South America,215.57,0.18,0,8.72
1/25/2024 15:15,user_797,Product,Mobile,Asia,363.98,0.51,0,8.31
1/25/2024 15:30,user_157,Help,Mobile,Europe,190.64,0.09,0,
1/25/2024 15:45,user_75,Product,Desktop,Europe,546.35,0.92,0,4.05
1/25/2024 16:00,user_884,Help,Desktop,North America,522.89,0.34,0,6.78
1/25/2024 16:15,user_800,Search,Desktop,North America,337.15,0.91,0,6.7
1/25/2024 16:30,user_130,Checkout,Mobile,North America,198.26,0.94,1,8.67
1/25/2024 16:45,user_687,Login,Mobile,Europe,179.57,0.01,0,1.83
1/25/2024 17:00,user_974,Search,Desktop,Asia,24.88,0.46,0,4.58
1/25/2024 17:15,user_84,Login,Desktop,Europe,490.41,0.02,0,1.42
1/25/2024 17:30,user_22,Checkout,Mobile,Europe,-10,0.91,0,4.2
1/25/2024 17:45,user_459,Product,Tablet,Europe,198.45,,0,0.64
1/25/2024 18:00,user_539,Login,Desktop,Europe,285.31,0.07,1,9.03
1/25/2024 18:15,user_707,Home,Mobile,Asia,492.15,0.11,0,5.51
1/25/2024 18:30,user_849,Home,Mobile,North America,79.15,0.38,1,8.57
1/25/2024 18:45,user_382,Help,Tablet,Africa,515.31,0.94,0,1.07
1/25/2024 19:00,user_748,Search,Mobile,North America,539.02,0.69,0,2.66
1/25/2024 19:15,user_440,Checkout,Mobile,North America,568.29,0.87,0,2.96
1/25/2024 19:30,user_604,Help,Desktop,Africa,241.51,0.37,0,4.17
1/25/2024 19:45,user_989,Search,Desktop,Europe,134.2,0.04,1,8.13
1/25/2024 20:00,user_21,Search,Tablet,Asia,227.32,0.97,0,4.17
1/25/2024 20:15,user_303,Help,Tablet,Asia,203.08,0.02,0,2.44
1/25/2024 20:30,user_976,Profile,Mobile,North America,109.81,0.95,0,1.12
1/25/2024 20:45,user_869,Search,Desktop,Africa,366.32,0.37,0,1.26
1/25/2024 21:00,user_955,Profile,Tablet,South America,288.59,0.01,1,7.72
1/25/2024 21:15,user_84,Home,Tablet,Europe,520.09,0.69,0,4.73
1/25/2024 21:30,user_774,Home,Tablet,North America,24.11,0.98,0,7.4
1/25/2024 21:45,user_659,Search,Mobile,Asia,388.1,0.97,0,6.98
1/25/2024 22:00,user_953,Home,Desktop,Africa,458.95,0.16,0,1.79
1/25/2024 22:15,user_453,Checkout,Tablet,Africa,456.89,0.18,0,1.86
1/25/2024 22:30,user_387,Profile,Desktop,North America,532.21,0.57,0,7.68
1/25/2024 22:45,user_507,Profile,Tablet,South America,438.78,0.64,0,7.35
1/25/2024 23:00,user_257,Search,Tablet,Asia,,0.74,0,4.09
1/25/2024 23:15,user_570,Home,Desktop,North America,202.93,0.18,1,1.24
1/25/2024 23:30,user_892,Login,Desktop,South America,304.41,0.96,0,0.61
1/25/2024 23:45,user_934,Help,Desktop,Africa,13.38,0.64,0,3.24
1/26/2024 0:00,user_527,Help,Mobile,Europe,9.14,0.85,1,0.59
1/26/2024 0:15,user_162,Profile,Tablet,Asia,147.88,0.54,0,2.69
1/26/2024 0:30,user_957,Search,Mobile,Asia,64.98,0.41,1,4.49
1/26/2024 0:45,user_163,Search,,South America,159.83,0.98,1,1.65
1/26/2024 1:00,user_832,Checkout,Tablet,North America,110.34,0.58,0,1.49
1/26/2024 1:15,user_793,Product,Mobile,Africa,21.97,0.87,0,9.02
1/26/2024 1:30,user_792,Product,Tablet,South America,546.04,0.95,0,6.06
1/26/2024 1:45,user_524,Profile,,Europe,9.89,0.68,0,9.38
1/26/2024 2:00,user_786,Help,Desktop,Europe,442.97,0.55,0,3.79
1/26/2024 2:15,user_271,Checkout,,Europe,95.53,0,0,6.93
1/26/2024 2:30,user_492,Checkout,Tablet,South America,547.78,0.04,0,2.44
1/26/2024 2:45,user_208,Checkout,Tablet,Africa,536.21,0.2,0,6.37
1/26/2024 3:00,user_539,Profile,Tablet,Asia,394.07,0.19,0,1.73
1/26/2024 3:15,user_584,Product,Tablet,North America,404.98,0.25,0,0.52
1/26/2024 3:30,user_60,Help,Desktop,Asia,8.18,0.3,0,9.35
1/26/2024 3:45,user_430,Checkout,Mobile,Africa,591,,0,5.77
1/26/2024 4:00,user_985,Help,Desktop,Asia,527.31,0.42,0,9.31
1/26/2024 4:15,user_657,Home,Desktop,South America,537.59,0.1,0,3.67
1/26/2024 4:30,user_605,Search,Desktop,Europe,397.25,0.04,0,3.61
1/26/2024 4:45,user_309,Search,,Africa,210.15,0.67,0,4.31
1/26/2024 5:00,user_520,Help,Tablet,Africa,536.72,0.54,0,7.21
1/26/2024 5:15,user_591,Login,Tablet,Asia,178.45,0.44,0,5.88
1/26/2024 5:30,user_27,Login,Mobile,South America,339.81,,0,9.29
1/26/2024 5:45,user_686,Profile,Tablet,Asia,64.34,0.83,0,
1/26/2024 6:00,user_562,Profile,,Asia,553.56,0.43,0,7.23
1/26/2024 6:15,user_199,Search,Tablet,Africa,88.76,0.64,0,3.64
1/26/2024 6:30,user_387,Home,Tablet,Asia,138.81,0.95,0,2.21
1/26/2024 6:45,user_349,Product,Desktop,Europe,337.09,0.84,0,5.35
1/26/2024 7:00,user_960,Product,Desktop,Asia,459.64,0.43,0,5.3
1/26/2024 7:15,user_940,Profile,Desktop,Europe,373.51,0.64,0,1.8
1/26/2024 7:30,user_693,Home,Mobile,Africa,143.12,0.18,1,2.42
1/26/2024 7:45,user_536,Profile,Mobile,South America,,0.56,0,4.38
1/26/2024 8:00,user_828,Product,Tablet,Europe,455.5,0.98,0,4.38
1/26/2024 8:15,user_378,Help,Mobile,South America,591.2,0.52,0,3.52
1/26/2024 8:30,user_899,Profile,,South America,486.9,0.93,0,1.91
1/26/2024 8:45,user_916,Checkout,Mobile,Europe,278.82,0.41,0,0.54
1/26/2024 9:00,user_558,Help,Mobile,Africa,542.74,1,0,9.72
1/26/2024 9:15,user_527,Profile,Mobile,North America,248.86,0.58,0,9.46
1/26/2024 9:30,user_153,Search,Desktop,South America,317.34,0.04,0,5.09
1/26/2024 9:45,user_734,Profile,Mobile,South America,288.89,0.59,0,9.95
1/26/2024 10:00,user_206,Search,Desktop,Africa,,0.27,0,6.9
1/26/2024 10:15,user_455,Home,Desktop,Africa,466.24,0.03,1,1.15
1/26/2024 10:30,user_273,Product,Mobile,Asia,318.43,0.82,0,1.62
1/26/2024 10:45,user_894,Help,Tablet,Africa,193.45,0.28,0,9.2
1/26/2024 11:00,user_236,Help,Tablet,South America,158.6,0.8,0,6.49
1/26/2024 11:15,user_852,Login,Tablet,Europe,27.46,0.29,0,8.51
1/26/2024 11:30,user_740,Login,Mobile,North America,352,,0,9.03
1/26/2024 11:45,user_521,Product,Tablet,Asia,,0.97,0,4.76
1/26/2024 12:00,user_678,Login,Desktop,Europe,93.14,0.36,0,0.96
1/26/2024 12:15,user_944,Help,Tablet,North America,394.03,0.6,0,2.29
1/26/2024 12:30,user_956,Profile,Mobile,North America,410.32,0.61,0,1.13
1/26/2024 12:45,user_831,Home,Tablet,North America,452.53,0.56,0,2.29
1/26/2024 13:00,user_726,Home,Desktop,Europe,304.63,0.91,0,4.4
1/26/2024 13:15,user_501,Product,Mobile,Asia,536.96,0.67,0,1.62
1/26/2024 13:30,user_117,Login,Tablet,Asia,562.12,0.4,0,2.08
1/26/2024 13:45,user_386,Profile,Mobile,North America,,0.86,0,4.74
1/26/2024 14:00,user_344,Home,Mobile,Europe,383.18,0.18,1,3.73
1/26/2024 14:15,user_584,Home,Mobile,North America,185.71,0.54,0,4.94
1/26/2024 14:30,user_395,Checkout,Tablet,Africa,589.85,0.95,0,4.58
1/26/2024 14:45,user_64,Checkout,Mobile,Asia,168.11,0.63,0,6.62
1/26/2024 15:00,user_717,Help,Tablet,South America,125.58,0.82,0,9.4
1/26/2024 15:15,user_721,Home,Desktop,North America,268.08,0.65,0,1.52
1/26/2024 15:30,user_72,Product,Tablet,Africa,38.82,,0,1.44
1/26/2024 15:45,user_789,Search,Desktop,Asia,587.2,0.94,0,8.6
1/26/2024 16:00,user_274,Search,Tablet,Europe,355.12,0.27,0,5.31
1/26/2024 16:15,user_990,Profile,Mobile,Asia,336.39,0.17,0,7.78
1/26/2024 16:30,user_320,Home,Tablet,Europe,395.2,0.48,0,2.55
1/26/2024 16:45,user_338,Home,Mobile,Europe,300.73,0.7,1,8.37
1/26/2024 17:00,user_366,Help,Desktop,North America,24.08,0.23,0,9.28
1/26/2024 17:15,user_495,Home,Tablet,North America,369.33,0,0,
1/26/2024 17:30,user_607,Product,Mobile,Asia,431.12,0.34,0,1.51
1/26/2024 17:45,user_166,Checkout,Desktop,Africa,252.97,0.97,0,9.01
1/26/2024 18:00,user_544,Home,Desktop,Asia,455.59,0.69,0,8.03
1/26/2024 18:15,user_11,Home,Tablet,South America,140.07,0.4,1,7.63
1/26/2024 18:30,user_301,Help,Desktop,Europe,136.66,0.19,0,
1/26/2024 18:45,user_729,Login,Mobile,Europe,,0.36,0,8.09
1/26/2024 19:00,user_801,Help,Desktop,North America,226.34,0.17,0,1.81
1/26/2024 19:15,user_102,Help,Desktop,Africa,508.97,0.11,0,2.61
1/26/2024 19:30,user_425,Product,Mobile,North America,497.61,0.91,0,
1/26/2024 19:45,user_392,Profile,Desktop,South America,232.78,1,1,3.02
1/26/2024 20:00,user_779,Home,Desktop,Asia,355.53,0.16,0,6.78
1/26/2024 20:15,user_214,Help,Desktop,Asia,433.89,,0,6.28
1/26/2024 20:30,user_691,Help,,Africa,,0.33,0,1.53
1/26/2024 20:45,user_88,Login,Mobile,North America,105.04,0.46,0,6.73
1/26/2024 21:00,user_553,Help,Desktop,North America,,0.2,0,9.28
1/26/2024 21:15,user_401,Search,Mobile,South America,372.45,0.3,0,2.03
1/26/2024 21:30,user_588,Profile,Desktop,Asia,588.94,0.2,0,6.17
1/26/2024 21:45,user_889,Home,Desktop,North America,205.96,,0,3.75
1/26/2024 22:00,user_46,Home,Desktop,Africa,423.3,0.71,0,4.87
1/26/2024 22:15,user_672,Login,Desktop,Asia,137.45,0.63,2,3.23
1/26/2024 22:30,user_463,Product,Mobile,South America,160.41,0.39,0,3.86
1/26/2024 22:45,user_592,Home,Mobile,Africa,309.58,0.91,0,0.77
1/26/2024 23:00,user_310,Search,Mobile,Europe,195.17,0.97,0,9.82
1/26/2024 23:15,user_86,Home,Tablet,South America,104.73,0.17,0,6.44
1/26/2024 23:30,user_92,Search,Desktop,Africa,161.41,0.22,0,5.26
1/26/2024 23:45,user_660,Profile,Desktop,North America,26.27,0.53,0,4.15
1/27/2024 0:00,user_673,Profile,Mobile,Europe,,0.09,0,5.62
1/27/2024 0:15,user_714,Checkout,Tablet,South America,297.81,0.44,1,4.11
1/27/2024 0:30,user_936,Checkout,Desktop,North America,61.07,,0,3.92
1/27/2024 0:45,user_928,Search,Mobile,Europe,107.16,0.52,0,4.91
1/27/2024 1:00,user_242,Product,Desktop,Asia,66.01,0.33,1,3.12
1/27/2024 1:15,user_865,Home,Desktop,North America,369.49,0.54,0,2.21
1/27/2024 1:30,user_2,Help,Mobile,Africa,61.06,0.96,0,5.79
1/27/2024 1:45,user_225,Home,Mobile,South America,453.8,0.21,0,8.51
1/27/2024 2:00,user_801,Checkout,,Europe,17.2,0.65,0,1.95
1/27/2024 2:15,user_745,Help,Desktop,North America,,0.04,0,0.81
1/27/2024 2:30,user_973,Search,Mobile,Asia,534.95,0.07,0,2.84
1/27/2024 2:45,user_926,Help,Desktop,South America,432.53,0.55,0,9.81
1/27/2024 3:00,user_929,Home,Desktop,South America,48.42,0.1,0,8.37
1/27/2024 3:15,user_589,Home,Mobile,North America,493.57,0.02,0,6.16
1/27/2024 3:30,user_116,Product,Desktop,Asia,298.36,0.17,0,9.33
1/27/2024 3:45,user_666,Login,Desktop,Europe,508.84,0.56,0,4.73
1/27/2024 4:00,user_918,Help,Tablet,North America,362.44,0.7,1,9.84
1/27/2024 4:15,user_103,Checkout,,Europe,410.69,0.2,0,3.31
1/27/2024 4:30,user_194,Checkout,Tablet,South America,596.13,0.67,0,
1/27/2024 4:45,user_166,Login,Tablet,Europe,143.24,0.18,1,6.56
1/27/2024 5:00,user_871,Home,Tablet,Asia,376.25,0.61,1,4.09
1/27/2024 5:15,user_90,Product,Desktop,Africa,278.89,0.41,0,6.45
1/27/2024 5:30,user_686,Product,Desktop,Asia,28.47,0.65,0,3.4
1/27/2024 5:45,user_122,Checkout,Tablet,Europe,13.61,1,0,6.37
1/27/2024 6:00,user_143,Product,,North America,75.94,0.94,0,3.12
1/27/2024 6:15,user_994,Profile,Tablet,South America,391.21,0,0,0.98
1/27/2024 6:30,user_106,Login,Desktop,Africa,342.46,0.89,1,9.17
1/27/2024 6:45,user_887,Home,Tablet,North America,334.29,0.07,0,8.89
1/27/2024 7:00,user_428,Profile,Tablet,North America,23.95,0.95,0,9.72
1/27/2024 7:15,user_305,Login,Mobile,Asia,284.24,0.28,0,7.31
1/27/2024 7:30,user_872,Search,Mobile,Europe,555.15,0.38,0,6.99
1/27/2024 7:45,user_971,Help,Desktop,Asia,241.57,0.09,1,5.81
1/27/2024 8:00,user_317,Checkout,Mobile,Europe,376.83,0.11,0,1.7
1/27/2024 8:15,user_963,Product,Mobile,Asia,468.99,0.73,0,2.3
1/27/2024 8:30,user_635,Search,Mobile,North America,471.44,0.94,0,3.25
1/27/2024 8:45,user_902,Product,Desktop,South America,313.97,0.61,0,8.96
1/27/2024 9:00,user_9,Profile,Mobile,Europe,515.48,0.72,0,2.14
1/27/2024 9:15,user_774,Home,Desktop,Africa,237.87,0.76,0,9.27
1/27/2024 9:30,user_73,Home,Tablet,Africa,533.77,0.26,1,5.47
1/27/2024 9:45,user_359,Home,Mobile,North America,147.94,0.05,0,7.3
1/27/2024 10:00,user_223,Product,Desktop,Asia,171.73,,0,
1/27/2024 10:15,user_416,Search,Mobile,Asia,36.61,0.35,0,3.06
1/27/2024 10:30,user_553,Home,Tablet,North America,478.37,0.24,0,9.61
1/27/2024 10:45,user_370,Search,Desktop,Africa,253.15,0.06,0,3.03
1/27/2024 11:00,user_716,Product,Desktop,Africa,141.32,0.18,0,
1/27/2024 11:15,user_264,Profile,Desktop,Asia,142.92,0.12,0,2.38
1/27/2024 11:30,user_840,Search,Tablet,Europe,541.33,0.91,0,1.73
1/27/2024 11:45,user_690,Profile,Tablet,South America,501.18,0.14,0,2.72
1/27/2024 12:00,user_860,Product,Tablet,Europe,334.35,0.54,0,6.6
1/27/2024 12:15,user_318,Product,Desktop,Africa,371.59,0.59,0,4.83
1/27/2024 12:30,user_84,Checkout,Tablet,Europe,287.22,,0,5.76
1/27/2024 12:45,user_318,Product,,South America,238.04,0.1,0,1.66
1/27/2024 13:00,user_111,Product,Tablet,Europe,,0.32,0,8.12
1/27/2024 13:15,user_251,Login,Desktop,Europe,79.74,0.05,0,7.95
1/27/2024 13:30,user_383,Home,Mobile,Europe,253.98,0.4,0,0.71
1/27/2024 13:45,user_7,Checkout,Tablet,Europe,210.01,0.19,1,4.14
1/27/2024 14:00,user_459,Help,Mobile,North America,301.4,0.56,0,1.15
1/27/2024 14:15,user_84,Checkout,Mobile,Africa,277.29,0.69,0,8.03
1/27/2024 14:30,user_208,Checkout,Desktop,South America,313.74,0.53,0,7.5
1/27/2024 14:45,user_900,Help,Mobile,Africa,88.25,0.43,0,9.07
1/27/2024 15:00,user_390,Login,Mobile,North America,,0.39,0,2.75
1/27/2024 15:15,user_314,Profile,Desktop,North America,149.24,0.84,1,4.83
1/27/2024 15:30,user_22,Product,Desktop,North America,114.68,0.22,1,2.25
1/27/2024 15:45,user_410,Home,Desktop,North America,43.58,0.73,0,4.03
1/27/2024 16:00,user_895,Search,Mobile,Europe,458.78,0.76,0,5.46
1/27/2024 16:15,user_515,Help,Mobile,Africa,259.33,0.42,0,1.01
1/27/2024 16:30,user_127,Profile,,Asia,377.85,,0,7.29
1/27/2024 16:45,user_809,Help,Desktop,South America,437.92,0.47,0,5.66
1/27/2024 17:00,user_700,Product,Tablet,North America,409.19,0.09,0,8.38
1/27/2024 17:15,user_874,Login,Mobile,Africa,284.95,0.05,1,3.08
1/27/2024 17:30,user_14,Help,Tablet,North America,,0.11,0,9.08
1/27/2024 17:45,user_971,Product,Desktop,North America,228.7,0.19,0,9.99
1/27/2024 18:00,user_978,Product,Mobile,North America,385.83,0.5,0,9.23
1/27/2024 18:15,user_12,Login,Tablet,North America,299.4,0.85,0,7.89
1/27/2024 18:30,user_87,Checkout,Mobile,North America,510.23,0.24,0,8.22
1/27/2024 18:45,user_524,Checkout,Mobile,South America,525.45,0.94,1,5.95
1/27/2024 19:00,user_909,Home,Mobile,Africa,106.48,0.95,0,2.31
1/27/2024 19:15,user_537,Home,Tablet,North America,86.06,0.96,0,6.93
1/27/2024 19:30,user_301,Checkout,Desktop,North America,,0.84,0,7.27
1/27/2024 19:45,user_243,Profile,Mobile,North America,184.23,0.36,0,9.86
1/27/2024 20:00,user_122,Search,Desktop,North America,16.05,0.07,1,5.64
1/27/2024 20:15,user_147,Product,Desktop,Europe,533.74,0.57,0,3.08
1/27/2024 20:30,user_567,Search,Tablet,Europe,140.01,0.56,1,6.99
1/27/2024 20:45,user_750,Product,Tablet,Asia,557.92,0.85,0,9.8
1/27/2024 21:00,user_356,Checkout,Desktop,North America,431.87,1,0,2.18
1/27/2024 21:15,user_685,Home,Mobile,Asia,458.78,0.51,0,3.6
1/27/2024 21:30,user_904,Profile,Tablet,South America,124.87,0.35,0,5.65
1/27/2024 21:45,user_733,Home,Mobile,Asia,144.35,0.19,0,2.12
1/27/2024 22:00,user_631,Search,Mobile,Africa,315.15,0,0,0.71
1/27/2024 22:15,user_309,Home,Mobile,Europe,107.4,0.51,0,3.7
1/27/2024 22:30,user_695,Checkout,Desktop,Europe,186.73,0.56,0,8.72
1/27/2024 22:45,user_288,Profile,Mobile,North America,196.27,0.82,1,0.91
1/27/2024 23:00,user_307,Search,Desktop,North America,99.98,0.5,1,4.57
1/27/2024 23:15,user_812,Profile,Desktop,South America,127.08,0.92,0,7.74
1/27/2024 23:30,user_594,Product,Mobile,South America,474.19,0.63,1,9.56
1/27/2024 23:45,user_966,Home,Mobile,Africa,104.48,0.84,0,9.86
1/28/2024 0:00,user_914,Profile,Mobile,North America,21.93,0.15,0,4.51
1/28/2024 0:15,user_723,Login,Mobile,North America,379.47,0.86,0,9.53
1/28/2024 0:30,user_662,Home,Desktop,South America,,0.68,1,0.84
1/28/2024 0:45,user_549,Product,Mobile,South America,202.07,0.17,0,7.59
1/28/2024 1:00,user_352,Profile,Mobile,South America,75.6,0.19,0,6.61
1/28/2024 1:15,user_312,Search,Desktop,Europe,344.38,0.93,0,2.87
1/28/2024 1:30,user_873,Product,Tablet,Asia,544.28,0.03,0,5.32
1/28/2024 1:45,user_59,Login,Tablet,Asia,471.52,0.46,0,1.73
1/28/2024 2:00,user_643,Profile,Desktop,North America,375.4,0.31,0,8.78
1/28/2024 2:15,user_924,Help,Tablet,Europe,192.46,0.67,0,3.9
1/28/2024 2:30,user_714,Help,Desktop,South America,327.42,0.84,1,6.45
1/28/2024 2:45,user_755,Checkout,Mobile,North America,59.29,0.36,0,2.01
1/28/2024 3:00,user_35,Home,Mobile,Europe,408.97,0.43,0,2.46
1/28/2024 3:15,user_445,Search,Tablet,Africa,436.43,0.98,0,9.92
1/28/2024 3:30,user_93,Checkout,Mobile,Europe,579.19,0.78,0,7.65
1/28/2024 3:45,user_950,Profile,Tablet,North America,159.94,0.9,0,9.64
1/28/2024 4:00,user_959,Help,Tablet,Asia,15.98,0.44,0,3.31
1/28/2024 4:15,user_207,Help,Mobile,South America,329.64,0.23,1,2.06
1/28/2024 4:30,user_353,Help,Mobile,Africa,425.54,0.41,0,5.28
1/28/2024 4:45,user_903,Profile,Tablet,Europe,475.29,,1,5.2
1/28/2024 5:00,user_332,Help,Mobile,North America,120.27,0.11,0,2.16
1/28/2024 5:15,user_817,Product,Desktop,North America,160.74,0.27,0,7.47
1/28/2024 5:30,user_862,Profile,Mobile,South America,309.99,0.05,0,3.94
1/28/2024 5:45,user_725,Search,Mobile,North America,201.71,0.43,0,2.27
1/28/2024 6:00,user_159,Checkout,Desktop,North America,517,0.83,0,
1/28/2024 6:15,user_954,Search,Mobile,South America,,0.02,0,5.85
1/28/2024 6:30,user_957,Login,Mobile,Africa,480.75,0.68,0,7.4
1/28/2024 6:45,user_24,Help,Tablet,Asia,350.47,1.5,0,5.08
1/28/2024 7:00,user_404,Login,Mobile,Asia,464.99,0.24,0,5.49
1/28/2024 7:15,user_805,Home,Mobile,Europe,202.94,0.69,1,1.82
1/28/2024 7:30,user_516,Home,Desktop,Africa,499.69,0.98,2,
1/28/2024 7:45,user_732,Login,Tablet,Europe,168.37,0.96,0,9.32
1/28/2024 8:00,user_364,Profile,Tablet,Asia,329.93,0.23,0,6.99
1/28/2024 8:15,user_382,Search,Tablet,South America,132.33,0.1,0,0.67
1/28/2024 8:30,user_532,Login,Mobile,North America,287.94,0.15,0,5.6
1/28/2024 8:45,user_956,Home,Tablet,Asia,194.31,0.7,0,6.48
1/28/2024 9:00,user_152,Login,Desktop,Africa,163.69,0.73,0,9.95
1/28/2024 9:15,user_562,Profile,Tablet,Asia,580.36,0.67,0,9.96
1/28/2024 9:30,user_689,Login,Desktop,Africa,100.24,0.34,0,8.65
1/28/2024 9:45,user_947,Search,Tablet,Africa,473.46,0.17,0,1.11
1/28/2024 10:00,user_608,Checkout,Tablet,Africa,590.58,0.58,0,9.56
1/28/2024 10:15,user_617,Profile,Desktop,Europe,16.84,0.48,0,6.32
1/28/2024 10:30,user_420,Home,Tablet,South America,420.92,0.73,0,8.11
1/28/2024 10:45,user_250,Search,Tablet,Asia,155.48,0.44,0,4.37
1/28/2024 11:00,user_117,Login,Tablet,South America,29.09,0.34,0,
1/28/2024 11:15,user_866,Login,Mobile,North America,244.72,0.29,0,4.9
1/28/2024 11:30,user_512,Checkout,Desktop,Asia,561.45,0.21,0,1.9
1/28/2024 11:45,user_740,Home,Tablet,South America,12,0.27,1,3.89
1/28/2024 12:00,user_578,Home,Desktop,South America,354.79,0.09,0,8.65
1/28/2024 12:15,user_335,Product,,North America,303.33,0.35,0,
1/28/2024 12:30,user_418,Home,Desktop,Africa,524.66,0.04,0,1.93
1/28/2024 12:45,user_932,Checkout,Tablet,Asia,54.98,0.19,0,1.69
1/28/2024 13:00,user_774,Help,Tablet,Asia,410.51,0.75,0,4.33
1/28/2024 13:15,user_295,Product,Desktop,North America,409.67,0.33,0,9.97
1/28/2024 13:30,user_938,Product,Mobile,Africa,403.1,0.67,1,2.15
1/28/2024 13:45,user_755,Login,Desktop,Asia,565.69,0.72,0,1.88
1/28/2024 14:00,user_371,Login,Mobile,Asia,494.74,0.58,0,9.19
1/28/2024 14:15,user_186,Home,Desktop,Asia,29.97,0.96,0,8.88
1/28/2024 14:30,user_246,Product,Desktop,Africa,285.29,0.02,1,0.81
1/28/2024 14:45,user_637,Login,Desktop,North America,241.78,0.74,0,7.64
1/28/2024 15:00,user_268,Checkout,Tablet,Asia,189.54,0.96,0,6.73
1/28/2024 15:15,user_643,Login,Mobile,South America,273.55,0.86,0,7.79
1/28/2024 15:30,user_237,Profile,Mobile,Africa,233.6,0.17,0,5.2
1/28/2024 15:45,user_530,Profile,Desktop,Europe,262.24,0.33,0,9.92
1/28/2024 16:00,user_552,Login,Tablet,North America,587.66,0.17,1,0.92
1/28/2024 16:15,user_21,Product,Tablet,South America,57.74,0.6,0,2.73
1/28/2024 16:30,user_911,Help,Mobile,Asia,553.73,0.71,0,4.27
1/28/2024 16:45,user_737,Help,Tablet,Europe,290.74,0.32,0,4.77
1/28/2024 17:00,user_867,Product,Mobile,North America,376.13,0.54,0,9.25
1/28/2024 17:15,user_794,Search,Mobile,Africa,498.96,0.69,0,5.82
1/28/2024 17:30,user_520,Help,Mobile,Europe,219.48,0.42,0,0.93
1/28/2024 17:45,user_100,Profile,Tablet,Europe,261.1,0.85,0,4.37
1/28/2024 18:00,user_752,Checkout,Mobile,South America,248.66,0.77,0,4.46
1/28/2024 18:15,user_478,Product,Mobile,North America,227.96,0.06,0,9.67
1/28/2024 18:30,user_599,Home,Desktop,South America,555.69,0.62,0,6.19
1/28/2024 18:45,user_298,Profile,Mobile,South America,,0.24,0,6.54
1/28/2024 19:00,user_940,Checkout,Mobile,Asia,69.85,0.56,0,7.28
1/28/2024 19:15,user_526,Checkout,Desktop,Africa,69.33,0.96,0,7.82
1/28/2024 19:30,user_334,Product,Desktop,Europe,259.58,0.88,1,6.53
1/28/2024 19:45,user_2,Checkout,Tablet,North America,63.7,0.4,0,2.75
1/28/2024 20:00,user_375,Product,Mobile,Africa,,0.29,0,8.8
1/28/2024 20:15,user_293,Help,Tablet,Africa,90.5,0.23,0,7.46
1/28/2024 20:30,user_837,Login,Tablet,North America,315.81,0.53,0,7.55
1/28/2024 20:45,user_934,Profile,Desktop,Africa,9.3,0.11,0,9.97
1/28/2024 21:00,user_553,Search,Tablet,Asia,193.37,0.55,0,8.12
1/28/2024 21:15,user_318,Login,Mobile,Africa,407.93,0,0,8.38
1/28/2024 21:30,user_502,Profile,Desktop,Asia,293,0.32,0,
1/28/2024 21:45,user_828,Product,Mobile,Europe,587.07,0.22,0,1.94
1/28/2024 22:00,user_381,Profile,Mobile,Europe,525.09,0.97,0,5.23
1/28/2024 22:15,user_623,Help,Desktop,South America,218.65,0.73,1,6.02
1/28/2024 22:30,user_14,Product,Mobile,Asia,32.06,0.35,0,3.63
1/28/2024 22:45,user_504,Login,Desktop,Europe,508.15,,0,8.47
1/28/2024 23:00,user_231,Home,Mobile,Africa,547.18,0.52,0,7.74
1/28/2024 23:15,user_985,Home,Desktop,North America,493.27,0.21,0,7.35
1/28/2024 23:30,user_84,Profile,Tablet,North America,81.13,0.54,0,9.97
1/28/2024 23:45,user_130,Home,Mobile,Asia,598.76,0.84,0,2.96
1/29/2024 0:00,user_743,Product,Desktop,South America,158.86,0.62,0,7.49
1/29/2024 0:15,user_838,Checkout,Mobile,Africa,435.9,0.63,0,5.74
1/29/2024 0:30,user_145,Product,Mobile,Asia,545.28,0.54,0,3.47
1/29/2024 0:45,user_891,Checkout,Mobile,North America,145.23,0.93,0,2.03
1/29/2024 1:00,user_857,Login,Desktop,Asia,,0.93,0,9.01
1/29/2024 1:15,user_28,Search,Tablet,Africa,,0.51,0,6.16
1/29/2024 1:30,user_66,Checkout,Tablet,Europe,585.97,0.31,0,8.34
1/29/2024 1:45,user_163,Home,Tablet,Africa,172.35,0.46,1,5.68
1/29/2024 2:00,user_229,Product,Desktop,Europe,572.29,1.5,0,
1/29/2024 2:15,user_261,Login,Tablet,Europe,36.86,0.64,0,3.71
1/29/2024 2:30,user_449,Home,Desktop,Europe,427.02,0.5,0,4.12
1/29/2024 2:45,user_424,Login,Mobile,Asia,321.61,0.1,0,9.74
1/29/2024 3:00,user_460,Search,Mobile,North America,289.34,0.2,0,0.55
1/29/2024 3:15,user_952,Help,Tablet,Asia,137.98,0.48,0,9.86
1/29/2024 3:30,user_676,Product,Desktop,North America,424.83,0.89,0,
1/29/2024 3:45,user_301,Profile,Mobile,Africa,118.53,0.57,0,9.96
1/29/2024 4:00,user_919,Product,Desktop,South America,333.94,,0,
1/29/2024 4:15,user_303,Search,Desktop,Africa,155.68,0.34,1,9.66
1/29/2024 4:30,user_287,Product,Mobile,Asia,573.59,0.57,1,4.26
1/29/2024 4:45,user_395,Profile,Desktop,Asia,22.04,0.45,0,0.75
1/29/2024 5:00,user_10,Checkout,,North America,123.84,0.66,1,2.63
1/29/2024 5:15,user_707,Login,Mobile,Asia,149.17,0.05,0,9.48
1/29/2024 5:30,user_630,Profile,Mobile,Europe,251.37,0.49,0,0.63
1/29/2024 5:45,user_270,Home,Desktop,Asia,143.47,0.3,0,5.69
1/29/2024 6:00,user_592,Search,Mobile,North America,297.35,0.33,0,1.22
1/29/2024 6:15,user_970,Checkout,Desktop,North America,524.12,0.96,1,3.22
1/29/2024 6:30,user_605,Home,Mobile,Europe,428.68,0.18,0,
1/29/2024 6:45,user_778,Home,Mobile,North America,350.08,,0,8.67
1/29/2024 7:00,user_844,Search,Tablet,South America,57.96,0.51,0,6.12
1/29/2024 7:15,user_862,Checkout,Tablet,Africa,417.93,0.86,1,9.07
1/29/2024 7:30,user_361,Help,Tablet,Asia,104.02,,0,7.04
1/29/2024 7:45,user_257,Home,Desktop,South America,472.89,0.74,1,9.72
1/29/2024 8:00,user_133,Home,Desktop,Asia,153.78,0.86,0,
1/29/2024 8:15,user_276,Checkout,Mobile,South America,253.14,0.31,0,6.57
1/29/2024 8:30,user_776,Product,Mobile,Asia,213.53,0.39,0,5.97
1/29/2024 8:45,user_683,Home,Mobile,Europe,,0.36,0,5.1
1/29/2024 9:00,user_972,Login,Mobile,North America,80.29,0.83,0,8.54
1/29/2024 9:15,user_513,Checkout,Desktop,North America,341.56,0.04,0,6.62
1/29/2024 9:30,user_313,Home,Mobile,Europe,89.53,0.31,0,8.11
1/29/2024 9:45,user_576,Search,Mobile,South America,424.35,0.68,0,7.97
1/29/2024 10:00,user_886,Profile,Tablet,Africa,543.52,0.57,0,2.31
1/29/2024 10:15,user_980,Login,Mobile,South America,263.59,0.44,0,6.68
1/29/2024 10:30,user_284,Profile,Mobile,North America,295.41,0.54,0,2.4
1/29/2024 10:45,user_121,Profile,Mobile,Africa,556.82,0.2,0,6.04
1/29/2024 11:00,user_107,Home,Desktop,Asia,314.99,0.43,0,6.94
1/29/2024 11:15,user_933,Login,Tablet,Africa,295.12,0.5,0,9.97
1/29/2024 11:30,user_687,Login,Mobile,South America,349.11,0.9,0,0.79
1/29/2024 11:45,user_997,Product,Mobile,Europe,415.09,0.26,0,1.37
1/29/2024 12:00,user_204,Profile,Tablet,Asia,68.6,0.87,0,1.23
1/29/2024 12:15,user_165,Login,Mobile,South America,493.56,0.64,1,4.28
1/29/2024 12:30,user_305,Product,Desktop,Asia,264.13,0.02,0,8.31
1/29/2024 12:45,user_497,Checkout,Mobile,Africa,48.05,0.72,1,8.52
1/29/2024 13:00,user_632,Product,Desktop,North America,472.78,0.04,0,7.5
1/29/2024 13:15,user_556,Search,Desktop,South America,229.29,1,0,9.02
1/29/2024 13:30,user_824,Help,Mobile,Europe,64.72,,0,3.57
1/29/2024 13:45,user_156,Home,Tablet,Africa,382.1,0.3,0,1.34
1/29/2024 14:00,user_367,Checkout,Desktop,South America,528.68,0.26,0,1.05
1/29/2024 14:15,user_719,Help,Tablet,Europe,533.21,0.38,0,8.6
1/29/2024 14:30,user_902,Help,Mobile,South America,574.81,0.36,0,7.44
1/29/2024 14:45,user_620,Checkout,Desktop,Africa,521.28,0.37,0,7.14
1/29/2024 15:00,user_251,Search,Mobile,South America,6.27,0.32,0,3.73
1/29/2024 15:15,user_957,Product,Tablet,Asia,231.24,0.62,0,4.11
1/29/2024 15:30,user_916,Home,Mobile,Africa,492.03,0.16,0,9.6
1/29/2024 15:45,user_882,Product,Mobile,South America,222.92,0.85,0,1.11
1/29/2024 16:00,user_334,Login,Desktop,North America,362.92,0.81,0,7.85
1/29/2024 16:15,user_642,Product,Mobile,South America,365.76,0.48,0,3.44
1/29/2024 16:30,user_969,Checkout,Mobile,Asia,222.19,0.85,0,0.87
1/29/2024 16:45,user_511,Home,Mobile,Europe,543.16,0.25,0,7.55
1/29/2024 17:00,user_293,Product,Desktop,Europe,304.42,0.02,0,3.64
1/29/2024 17:15,user_20,Home,Tablet,Europe,281.55,0.62,0,7.36
1/29/2024 17:30,user_282,Home,Tablet,North America,598.52,0.46,0,7.22
1/29/2024 17:45,user_797,Login,Mobile,Asia,298.63,0.57,0,5.58
1/29/2024 18:00,user_1,Login,Desktop,Africa,,0.9,0,7.89
1/29/2024 18:15,user_119,Checkout,Mobile,Europe,310.28,0.97,0,6.02
1/29/2024 18:30,user_35,Search,Tablet,Asia,,0.63,0,3.22
1/29/2024 18:45,user_198,Help,Desktop,South America,467.23,0.76,1,7.47
1/29/2024 19:00,user_485,Home,Tablet,North America,474.21,0.08,0,6.1
1/29/2024 19:15,user_757,Search,Tablet,Asia,426.27,0.16,0,0.62
1/29/2024 19:30,user_59,Help,Desktop,Asia,156.26,0.73,0,9.07
1/29/2024 19:45,user_837,Help,Desktop,Africa,517.94,0.43,0,5.68
1/29/2024 20:00,user_161,Checkout,Mobile,Asia,536.6,0.45,0,8.75
1/29/2024 20:15,user_691,Help,Mobile,Africa,120.52,0.31,0,8.89
1/29/2024 20:30,user_206,Help,Tablet,North America,82.62,0.61,0,4.73
1/29/2024 20:45,user_12,Home,Desktop,North America,585.48,0.19,0,5.32
1/29/2024 21:00,user_490,Home,Desktop,South America,521.65,0.63,0,4.45
1/29/2024 21:15,user_276,Profile,Mobile,Africa,536.48,0.17,0,4.77
1/29/2024 21:30,user_693,Search,Tablet,Africa,532.39,0.06,0,9
1/29/2024 21:45,user_242,Product,Tablet,Europe,327.3,0.33,0,7.99
1/29/2024 22:00,user_216,Login,,Europe,389.61,0.23,0,1.7
1/29/2024 22:15,user_251,Product,Desktop,South America,329.49,0.89,0,6.3
1/29/2024 22:30,user_811,Search,Mobile,North America,35.47,0.05,0,9.96
1/29/2024 22:45,user_126,Login,Mobile,Europe,448.57,0.18,0,6.16
1/29/2024 23:00,user_994,Product,,Asia,305.67,0.55,0,7.97
1/29/2024 23:15,user_217,Profile,Mobile,North America,390.39,,1,
1/29/2024 23:30,user_306,Login,Desktop,Asia,304.07,0.05,0,3.83
1/29/2024 23:45,user_797,Home,Mobile,Africa,297.63,0.01,1,4.03
1/30/2024 0:00,user_185,Product,Desktop,North America,107.21,0.99,0,7.38
1/30/2024 0:15,user_39,Login,Mobile,South America,170.83,0.66,0,5.25
1/30/2024 0:30,user_223,Profile,Tablet,Africa,99.52,0.37,0,5.92
1/30/2024 0:45,user_184,Help,Desktop,Africa,121.42,0.47,0,7.27
1/30/2024 1:00,user_495,Login,Tablet,Asia,583.92,0.27,0,7.89
1/30/2024 1:15,user_427,Login,Mobile,Africa,96.1,0.34,0,3.08
1/30/2024 1:30,user_178,Profile,Mobile,Europe,165.22,0.65,0,1.89
1/30/2024 1:45,user_919,Help,Mobile,North America,356.4,0.88,0,3.27
1/30/2024 2:00,user_428,Product,Desktop,Europe,368.06,0.18,2,5.32
1/30/2024 2:15,user_294,Checkout,Tablet,Asia,96.61,0.84,1,3.75
1/30/2024 2:30,user_852,Product,Desktop,Asia,,0.12,0,5.9
1/30/2024 2:45,user_151,Help,Desktop,North America,472.2,0.21,0,1.01
1/30/2024 3:00,user_384,Search,Mobile,Africa,146.2,0.04,0,5.34
1/30/2024 3:15,user_638,Profile,Tablet,South America,176.76,0.14,0,
1/30/2024 3:30,user_813,Product,Mobile,Asia,563.1,0.92,0,5.58
1/30/2024 3:45,user_308,Login,Desktop,North America,496.27,0.46,0,4.51
1/30/2024 4:00,user_336,Profile,Mobile,South America,420.19,0.08,1,3.2
1/30/2024 4:15,user_946,Home,Tablet,Africa,53.93,0.96,0,9.09
1/30/2024 4:30,user_746,Help,Mobile,Asia,253.87,0.88,0,2.26
1/30/2024 4:45,user_892,Product,Tablet,North America,337.78,0.75,0,6.97
1/30/2024 5:00,user_375,Profile,Tablet,North America,116.51,0.93,0,9.28
1/30/2024 5:15,user_8,Product,Mobile,North America,271.69,0.22,0,5.62
1/30/2024 5:30,user_341,Profile,Desktop,Asia,362.61,0.84,0,8.83
1/30/2024 5:45,user_129,Login,Mobile,South America,,0.69,0,1.69
1/30/2024 6:00,user_776,Home,Desktop,North America,469.66,0.87,0,5.19
1/30/2024 6:15,user_669,Home,Desktop,Africa,505.07,0.8,0,
1/30/2024 6:30,user_352,Search,Mobile,North America,197.55,0.35,0,0.58
1/30/2024 6:45,user_358,Profile,Desktop,South America,504,0.77,0,4.71
1/30/2024 7:00,user_517,Product,Desktop,Asia,66.63,0.26,0,4.01
1/30/2024 7:15,user_495,Home,,North America,503.45,0.33,0,6.86
1/30/2024 7:30,user_86,Help,Mobile,North America,95.89,0.11,0,9.41
1/30/2024 7:45,user_175,Home,Mobile,Africa,54.34,0.94,0,1.32
1/30/2024 8:00,user_802,Checkout,Desktop,Africa,386.86,0.29,0,3.61
1/30/2024 8:15,user_193,Checkout,Tablet,North America,285.8,0.52,0,4.72
1/30/2024 8:30,user_311,Home,Desktop,North America,545.19,,0,4.82
1/30/2024 8:45,user_119,Profile,Tablet,Africa,221.1,0.96,0,7.86
1/30/2024 9:00,user_218,Search,Mobile,South America,175.86,0.34,0,4.71
1/30/2024 9:15,user_427,Home,Tablet,Europe,302.94,,0,0.76
1/30/2024 9:30,user_970,Login,Mobile,Europe,276.29,0.86,0,7.25
1/30/2024 9:45,user_414,Product,Mobile,North America,209.93,0.44,0,8.91
1/30/2024 10:00,user_114,Search,Tablet,Africa,417.78,0.38,0,5.38
1/30/2024 10:15,user_978,Login,Mobile,Asia,456.94,0.75,0,6.02
1/30/2024 10:30,user_145,Search,Tablet,Asia,512.53,0.91,0,2.05
1/30/2024 10:45,user_538,Login,Mobile,Europe,583.85,0.75,0,2.6
1/30/2024 11:00,user_648,Product,Desktop,South America,163.66,0.23,0,2.73
1/30/2024 11:15,user_303,Product,Desktop,Europe,431.08,0.89,1,4.59
1/30/2024 11:30,user_744,Checkout,Mobile,North America,239.58,0.39,0,9.32
1/30/2024 11:45,user_881,Profile,Mobile,South America,407.86,0.58,0,5.46
1/30/2024 12:00,user_588,Login,Tablet,Asia,,0.83,1,2.32
1/30/2024 12:15,user_987,Checkout,Desktop,Africa,596.29,0.19,0,3.03
1/30/2024 12:30,user_840,Login,Tablet,Africa,438.7,0.78,0,4.15
1/30/2024 12:45,user_345,Checkout,Mobile,North America,571.73,0.6,0,6.42
1/30/2024 13:00,user_814,Product,Mobile,Europe,501.81,0.89,0,4.68
1/30/2024 13:15,user_964,Search,,North America,542.23,0.17,0,4.23
1/30/2024 13:30,user_801,Help,Mobile,Africa,489.58,0.42,0,5.86
1/30/2024 13:45,user_1,Checkout,Desktop,Asia,278.2,0.83,1,2.8
1/30/2024 14:00,user_147,Login,Tablet,Africa,154.81,0.02,0,1.25
1/30/2024 14:15,user_287,Login,Desktop,South America,225.34,0.11,0,0.73
1/30/2024 14:30,user_976,Help,Desktop,Africa,17.04,0.99,0,2.89
1/30/2024 14:45,user_654,Profile,Desktop,Africa,316.78,0.28,0,1.37
1/30/2024 15:00,user_53,Product,Tablet,South America,305.51,0.98,0,3.7
1/30/2024 15:15,user_304,Login,Mobile,Europe,317.52,0.18,0,7.84
1/30/2024 15:30,user_69,Home,Desktop,Africa,584.55,0.36,0,7.3
1/30/2024 15:45,user_361,Search,Desktop,North America,547.32,0.75,0,6.3
1/30/2024 16:00,user_602,Checkout,Desktop,Africa,101.22,0.66,0,8.6
1/30/2024 16:15,user_958,Profile,Mobile,North America,224.49,0.58,0,3.18
1/30/2024 16:30,user_220,Help,Mobile,South America,257.25,0.53,0,8.91
1/30/2024 16:45,user_962,Search,Tablet,Africa,219.52,0.84,0,4.29
1/30/2024 17:00,user_704,Product,Mobile,South America,480.11,0.23,0,
1/30/2024 17:15,user_966,Profile,Tablet,South America,316.8,0.44,0,4.35
1/30/2024 17:30,user_575,Checkout,,Europe,345.4,,0,1.43
1/30/2024 17:45,user_585,Checkout,Tablet,Africa,512.54,,0,9.77
1/30/2024 18:00,user_161,Help,Tablet,North America,484.53,0.25,0,1.82
1/30/2024 18:15,user_681,Home,Tablet,North America,83.67,0.33,0,3.74
1/30/2024 18:30,user_89,Help,Desktop,Africa,,,0,3.53
1/30/2024 18:45,user_688,Product,Mobile,Europe,264.08,0.03,0,1.21
1/30/2024 19:00,user_781,Profile,Desktop,Europe,180.32,0.09,0,1.95
1/30/2024 19:15,user_585,Profile,Tablet,Europe,34.76,0.69,0,0.93
1/30/2024 19:30,user_757,Login,Mobile,North America,294.91,0.43,0,3.28
1/30/2024 19:45,user_589,Home,Desktop,South America,216.48,0.86,0,8.73
1/30/2024 20:00,user_159,Home,Desktop,Europe,154.65,0.69,0,3.72
1/30/2024 20:15,user_489,Profile,Tablet,North America,418.33,0.01,0,1.68
1/30/2024 20:30,user_971,Profile,Desktop,North America,,0.62,0,6.63
1/30/2024 20:45,user_324,Search,Desktop,South America,150.65,0.09,0,9.97
1/30/2024 21:00,user_610,Search,Desktop,Africa,34.42,0.78,0,2.71
1/30/2024 21:15,user_381,Search,Desktop,Africa,510.01,0.99,0,3.16
1/30/2024 21:30,user_102,Home,Desktop,Europe,10.93,0.53,1,9.73
1/30/2024 21:45,user_494,Login,Tablet,Europe,562.58,0.68,0,2.2
1/30/2024 22:00,user_644,Checkout,Tablet,South America,378.43,0.24,1,5.36
1/30/2024 22:15,user_614,Search,Desktop,Europe,196.5,0.44,0,
1/30/2024 22:30,user_19,Login,Tablet,South America,151.65,0.86,0,
1/30/2024 22:45,user_454,Help,Tablet,North America,10.36,0.17,0,9.82
1/30/2024 23:00,user_482,Product,Mobile,Europe,145.11,0.27,0,8.24
1/30/2024 23:15,user_594,Search,,North America,86.95,0.45,0,3.49
1/30/2024 23:30,user_397,Help,Tablet,Asia,369.24,,0,4.33
1/30/2024 23:45,user_279,Checkout,Tablet,South America,104.09,0.38,0,2.8
1/31/2024 0:00,user_851,Product,Desktop,Asia,319.53,0.93,0,8.96
1/31/2024 0:15,user_365,Product,Mobile,Europe,356.12,0.09,0,9.19
1/31/2024 0:30,user_331,Checkout,Desktop,North America,182.33,0.37,0,4.48
1/31/2024 0:45,user_641,Search,Mobile,Europe,25.86,0.71,0,6.74
1/31/2024 1:00,user_344,Home,Desktop,Asia,27.17,0.23,0,2.07
1/31/2024 1:15,user_822,Checkout,,Europe,20.68,,0,4.63
1/31/2024 1:30,user_455,Checkout,,Africa,444.78,0.16,0,6.5
1/31/2024 1:45,user_601,Checkout,,Asia,194.22,0.06,0,
1/31/2024 2:00,user_725,Product,Mobile,Europe,478.8,0.12,0,3.9
1/31/2024 2:15,user_655,Login,Mobile,North America,261.88,0.93,0,0.51
1/31/2024 2:30,user_65,Help,Tablet,Europe,274.53,0.55,0,8.14
1/31/2024 2:45,user_76,Home,Desktop,North America,310.17,0.8,0,8.95
1/31/2024 3:00,user_711,Search,Mobile,Africa,429.25,0.33,0,9.71
1/31/2024 3:15,user_143,Search,Mobile,Europe,167.73,0.59,0,7.33
1/31/2024 3:30,user_917,Help,Mobile,Africa,,0.49,0,
1/31/2024 3:45,user_915,Login,Desktop,Asia,335.85,0.95,0,3.06
1/31/2024 4:00,user_828,Checkout,Tablet,North America,199.55,0.75,0,9.99
1/31/2024 4:15,user_605,Home,Mobile,Asia,268.28,,0,6.1
1/31/2024 4:30,user_473,Search,Desktop,North America,389.93,0.05,0,6.97
1/31/2024 4:45,user_417,Help,Mobile,Africa,299,0.55,0,6.98
1/31/2024 5:00,user_305,Profile,Mobile,South America,374.07,0.47,0,8.53
1/31/2024 5:15,user_736,Help,Tablet,Europe,328.8,0.93,1,0.59
1/31/2024 5:30,user_497,Search,Mobile,Africa,445.18,0.26,0,2.59
1/31/2024 5:45,user_291,Checkout,Mobile,North America,425.03,0.27,0,
1/31/2024 6:00,user_940,Profile,Desktop,North America,322.84,0.41,0,9
1/31/2024 6:15,user_102,Login,Desktop,North America,408.95,0.24,0,7.01
1/31/2024 6:30,user_986,Home,Tablet,North America,524.77,0.13,0,4.43
1/31/2024 6:45,user_267,Login,Desktop,Europe,262.2,0.86,0,3.93
1/31/2024 7:00,user_867,Login,Desktop,Asia,250.59,0.56,0,7.51
1/31/2024 7:15,user_968,Help,Tablet,South America,459.73,0.86,0,7.54
1/31/2024 7:30,user_622,Home,Mobile,Europe,351.62,0.83,0,6.27
1/31/2024 7:45,user_974,Home,Tablet,North America,47.25,0.28,0,3.27
1/31/2024 8:00,user_842,Search,Desktop,Europe,535.81,0.55,0,9.29
1/31/2024 8:15,user_962,Search,Tablet,Africa,23.32,0.08,1,5.74
1/31/2024 8:30,user_942,Home,Mobile,North America,450.3,0.92,0,
1/31/2024 8:45,user_777,Profile,Tablet,South America,456.48,0.4,0,2.54
1/31/2024 9:00,user_3,Product,Desktop,North America,572.1,0.39,0,3.77
1/31/2024 9:15,user_85,Search,Desktop,South America,37.21,0.3,0,8.81
1/31/2024 9:30,user_794,Product,Tablet,South America,360.13,0.46,0,0.98
1/31/2024 9:45,user_328,Help,Mobile,Asia,259.57,0.25,0,5.37
1/31/2024 10:00,user_816,Profile,Tablet,Asia,201.73,0.37,0,5.08
1/31/2024 10:15,user_450,Home,Mobile,Europe,58.74,0.8,0,7.64
1/31/2024 10:30,user_454,Profile,Mobile,Europe,339.78,0.83,0,3.18
1/31/2024 10:45,user_924,Search,Tablet,South America,290.03,0.3,0,2.58
1/31/2024 11:00,user_629,Login,Mobile,North America,67.21,0.47,0,9.3
1/31/2024 11:15,user_221,Help,Desktop,Africa,,0.87,0,5.93
1/31/2024 11:30,user_154,Home,Tablet,Africa,444.08,0.05,0,1.49
1/31/2024 11:45,user_665,Checkout,Mobile,North America,461.53,0.89,0,2.33
1/31/2024 12:00,user_12,Help,,North America,543.7,0.22,0,9.99
1/31/2024 12:15,user_133,Product,Tablet,Asia,,0.68,0,2.36
1/31/2024 12:30,user_994,Profile,Desktop,Africa,572.08,0.58,1,
1/31/2024 12:45,user_304,Home,Desktop,South America,519.93,0.55,0,4.49
1/31/2024 13:00,user_293,Help,Desktop,Europe,181.42,0.86,0,8.91
1/31/2024 13:15,user_975,Profile,Mobile,Asia,99.77,0.1,0,7.67
1/31/2024 13:30,user_300,Home,Tablet,Africa,264.06,0.35,0,6.17
1/31/2024 13:45,user_740,Search,Tablet,North America,244.13,0.54,0,0.6
1/31/2024 14:00,user_783,Help,Mobile,Africa,347.55,0.81,0,8.86
1/31/2024 14:15,user_43,Search,Tablet,South America,352.11,0.22,1,4.72
1/31/2024 14:30,user_944,Help,Desktop,Asia,451.24,0.8,1,9.35
1/31/2024 14:45,user_343,Search,Tablet,North America,308.38,0.4,0,5.21
1/31/2024 15:00,user_326,Profile,Mobile,South America,67.37,0.19,0,7.1
1/31/2024 15:15,user_814,Checkout,Desktop,Europe,515.68,0.76,0,1.16
1/31/2024 15:30,user_498,Help,Mobile,Asia,189.31,0.09,0,7.58
1/31/2024 15:45,user_364,Help,Desktop,South America,582.92,0.51,0,3.71
1/31/2024 16:00,user_891,Search,Desktop,South America,75.13,0.06,0,3.84
1/31/2024 16:15,user_427,Home,Tablet,North America,575.16,0.36,0,1.63
1/31/2024 16:30,user_21,Help,Desktop,Europe,59.15,0.6,0,1.9
1/31/2024 16:45,user_407,Search,Mobile,South America,142.47,0.56,0,2.26
1/31/2024 17:00,user_619,Login,Tablet,Asia,32.72,0.4,1,3.62
1/31/2024 17:15,user_336,Search,Mobile,South America,424.54,0.43,1,8.97
1/31/2024 17:30,user_815,Profile,Desktop,Africa,510.93,0.23,0,
1/31/2024 17:45,user_117,Checkout,Mobile,Asia,263.27,0.46,0,7.38
1/31/2024 18:00,user_124,Login,Mobile,Asia,557.47,0.95,1,1.29
1/31/2024 18:15,user_399,Profile,Desktop,South America,356.23,0.85,0,6.12
1/31/2024 18:30,user_793,Profile,Tablet,North America,379.85,0.15,0,5.08
1/31/2024 18:45,user_804,Profile,Mobile,Asia,508.02,0.03,0,9.79
1/31/2024 19:00,user_715,Home,Desktop,Africa,181.6,0.93,0,8.54
1/31/2024 19:15,user_51,Profile,Tablet,North America,215.79,0.53,0,4.82
1/31/2024 19:30,user_783,Home,Tablet,North America,544.04,0.54,0,7.86
1/31/2024 19:45,user_324,Profile,Tablet,North America,541.07,0.78,1,2.33
1/31/2024 20:00,user_789,Product,Mobile,Asia,,0.31,0,5.84
1/31/2024 20:15,user_141,Login,Mobile,North America,541.59,0.48,0,1.21
1/31/2024 20:30,user_470,Product,Mobile,South America,80.79,0.97,0,3.81
1/31/2024 20:45,user_787,Profile,Tablet,North America,495.12,0.67,0,2.65
1/31/2024 21:00,user_802,Login,Mobile,Africa,248.85,0.15,0,7.33
1/31/2024 21:15,user_334,Login,Desktop,Europe,594.53,0.13,0,5.16
1/31/2024 21:30,user_893,Help,Mobile,Africa,286.01,0.2,0,7.64
1/31/2024 21:45,user_964,Checkout,Mobile,Asia,334.53,0.77,0,5.4
1/31/2024 22:00,user_373,Product,Tablet,North America,320.22,0.3,0,1.32
1/31/2024 22:15,user_564,Checkout,Mobile,North America,,0.02,0,7.49
1/31/2024 22:30,user_494,Login,Desktop,South America,49.64,0.94,0,8.42
1/31/2024 22:45,user_539,Home,,North America,537.91,0.17,0,9.08
1/31/2024 23:00,user_669,Login,Desktop,Africa,482.59,0.01,0,5.93
1/31/2024 23:15,user_751,Checkout,Tablet,Asia,88.02,0.24,0,7.66
1/31/2024 23:30,user_156,Product,Tablet,Europe,467.18,0.24,0,7.64
1/31/2024 23:45,user_291,Profile,Mobile,North America,,0.42,0,1.98
2/1/2024 0:00,user_648,Help,Desktop,Europe,248.44,0.92,0,2.06
2/1/2024 0:15,user_144,Help,,North America,156.14,0.88,0,1.17
2/1/2024 0:30,user_106,Help,Mobile,Asia,516.54,0.46,0,3.54
2/1/2024 0:45,user_420,Profile,Tablet,Africa,421.61,0.41,0,5
2/1/2024 1:00,user_670,Help,Tablet,Asia,330.91,0.56,0,9.98
2/1/2024 1:15,user_658,Product,Tablet,Europe,367.69,0.24,0,4.59
2/1/2024 1:30,user_2,Profile,Tablet,North America,59.18,0.05,0,7.4
2/1/2024 1:45,user_945,Help,Tablet,Europe,286.98,0.94,0,7.09
2/1/2024 2:00,user_589,Profile,Tablet,Africa,120.25,0.19,0,2.44
2/1/2024 2:15,user_644,Checkout,Mobile,Asia,128.99,0.2,0,1.06
2/1/2024 2:30,user_90,Product,,Europe,398.48,0.47,0,5.69
2/1/2024 2:45,user_345,Search,Desktop,Europe,547.2,0.49,1,7.15
2/1/2024 3:00,user_350,Home,Mobile,Africa,245.24,0.02,0,9.98
2/1/2024 3:15,user_459,Help,Desktop,North America,128.61,0.15,0,3.91
2/1/2024 3:30,user_263,Home,Tablet,Europe,391,0.38,0,9.02
2/1/2024 3:45,user_351,Profile,,Africa,-10,1.5,1,4.13
2/1/2024 4:00,user_108,Home,Tablet,North America,450.25,0.23,0,7.05
2/1/2024 4:15,user_586,Product,Tablet,North America,521.91,0.42,0,6.18
2/1/2024 4:30,user_39,Product,Mobile,Asia,324.25,0.56,0,1
2/1/2024 4:45,user_909,Login,Mobile,Africa,452.37,0.89,0,1.24
2/1/2024 5:00,user_159,Help,Tablet,North America,88.34,0.33,0,
2/1/2024 5:15,user_583,Login,Mobile,Asia,212.22,0.13,0,4.02
2/1/2024 5:30,user_959,Home,Desktop,South America,236.78,0.49,0,7.59
2/1/2024 5:45,user_312,Search,Mobile,Africa,309.22,0.75,0,2.14
